pl_name,hostname,sy_snum,sy_pnum,pl_refname,pl_orbper,pl_orbpererr1,pl_orbpererr2,pl_orbperlim,pl_orbsmax,pl_orbsmaxerr1,pl_orbsmaxerr2,pl_orbsmaxlim,pl_rade,pl_radeerr1,pl_radeerr2,pl_radelim,pl_dens,pl_denserr1,pl_denserr2,pl_denslim,pl_orbeccen,pl_orbeccenerr1,pl_orbeccenerr2,pl_orbeccenlim,pl_insol,pl_insolerr1,pl_insolerr2,pl_insollim,pl_eqt,pl_eqterr1,pl_eqterr2,pl_eqtlim,ttv_flag,st_spectype,st_teff,st_tefferr1,st_tefferr2,st_tefflim,st_rad,st_raderr1,st_raderr2,st_radlim,st_mass,st_masserr1,st_masserr2,st_masslim,st_met,st_meterr1,st_meterr2,st_metlim,st_metratio,rastr,ra,decstr,dec,glat,glon,sy_dist,sy_disterr1,sy_disterr2,sy_plx,sy_plxerr1,sy_plxerr2,rowupdate,pl_pubdate
CoRoTID 223977153 b,CoRoTID 223977153,1,1,<a refstr=BOUFLEUR_ET_AL__2018 href=https://ui.adsabs.harvard.edu/abs/2018MNRAS.473..710B/abstract target=ref>Boufleur et al. 2018</a>,6.71837,1e-05,-1e-05,0.0,0.071,0.001,-0.001,0.0,6.38913,0.67254,-0.56045,0.0,1.1,1.3,-0.8,0.0,,,,,132.26,36.74,-29.39,0.0,938.0,65.0,-52.0,0.0,0,G0 VI,5970.0,100.0,-100.0,0.0,0.79,0.08,-0.09,0.0,1.08,0.08,-0.07,0.0,0.0,0.2,-0.2,0.0,[Fe/H],06h40m46.84s,100.1951714,+09d15m26.62s,9.2573953,1.86373,203.48237,576.683,10.436,-10.436,1.70589,0.0311319,-0.0311319,2017-09-14,2018-01
EPIC 201595106 b,EPIC 201595106,1,2,<a refstr=LIVINGSTON_ET_AL__2024 href=https://ui.adsabs.harvard.edu/abs/2024NatSR..1427219L/abstract target=ref>Livingston et al. 2024</a>,0.87724,4e-05,-4e-05,0.0,0.0177,0.0003,-0.0003,0.0,1.565,0.079,-0.079,0.0,11.1,2.0,-2.0,0.0,0.0,,,0.0,2852.0,107.0,-107.0,0.0,2038.0,39.0,-39.0,0.0,0,,5679.0,60.0,-39.0,0.0,0.98,0.025,-0.025,0.0,0.958,0.048,-0.048,0.0,0.01,0.1,-0.1,0.0,[Fe/H],12h14m52.89s,183.7203635,+01d58m05.41s,1.9681688,63.35883,282.19917,232.1,2.706,-2.646,4.28034,0.0492937,-0.0492937,2025-01-29,2024-11
EPIC 220674823 b,EPIC 220674823,1,2,<a refstr=GUENTHER_ET_AL__2024 href=https://ui.adsabs.harvard.edu/abs/2024MNRAS.529..141G/abstract target=ref>Guenther et al. 2024</a>,0.5713127,5.5e-06,-5.5e-06,0.0,0.01314,0.00032,-0.00034,0.0,1.676,0.037,-0.037,0.0,9.09,0.98,-0.98,0.0,0.0,,,0.0,4656.0,300.0,-274.0,0.0,2299.0,36.0,-35.0,0.0,0,,5578.0,46.0,-46.0,0.0,0.99,0.012,-0.012,0.0,0.913,0.024,-0.024,0.0,-0.005,0.059,-0.059,0.0,[Fe/H],00h52m19.21s,13.0800239,+10d47m40.94s,10.7947051,-52.07644,123.28442,244.59,3.044,-2.972,4.06029,0.0498984,-0.0498984,2025-02-24,2024-03
EPIC 220674823 b,EPIC 220674823,1,2,<a refstr=BONOMO_ET_AL__2023 href=https://ui.adsabs.harvard.edu/abs/2023arXiv230405773B/abstract target=ref>Bonomo et al. 2023</a>,0.571292,1.2e-05,-1.2e-05,0.0,0.01326,0.00028,-0.00023,0.0,1.725,0.039,-0.039,0.0,8.77,1.0,-0.94,0.0,0.0,,,0.0,4670.0,300.0,-300.0,0.0,2300.0,36.0,-36.0,0.0,0,,5532.0,62.0,-62.0,0.0,0.988,0.011,-0.011,0.0,0.95,0.06,-0.048,0.0,0.11,0.05,-0.05,0.0,[Fe/H],00h52m19.21s,13.0800239,+10d47m40.94s,10.7947051,-52.07644,123.28442,244.59,3.044,-2.972,4.06029,0.0498984,-0.0498984,2023-04-17,2023-04
EPIC 220674823 b,EPIC 220674823,1,2,<a refstr=SINUKOFF_ET_AL__2017 href=https://ui.adsabs.harvard.edu/abs/2017AJ....153..271S/abstract target=ref>Sinukoff et al. 2017</a>,0.571336,2e-05,-2e-05,0.0,0.01312,0.00014,-0.00014,0.0,1.82,0.2,-0.14,0.0,8.57,4.64,-2.8,0.0,,,,,4293.0,483.0,-483.0,0.0,2063.0,58.0,-58.0,0.0,0,,5496.0,46.0,-46.0,0.0,0.95,0.05,-0.05,0.0,0.92,0.03,-0.03,0.0,0.06,0.03,-0.03,0.0,[Fe/H],00h52m19.21s,13.0800239,+10d47m40.94s,10.7947051,-52.07644,123.28442,244.59,3.044,-2.972,4.06029,0.0498984,-0.0498984,2018-10-24,2017-06
EPIC 220674823 c,EPIC 220674823,1,2,<a refstr=SINUKOFF_ET_AL__2017 href=https://ui.adsabs.harvard.edu/abs/2017AJ....153..271S/abstract target=ref>Sinukoff et al. 2017</a>,13.3387,0.0018,-0.0018,0.0,0.1071,0.0015,-0.0015,0.0,2.77,0.37,-0.23,0.0,1.3,1.6,-1.6,0.0,,,,,64.0,7.0,-7.0,0.0,722.0,20.0,-20.0,0.0,0,,5496.0,46.0,-46.0,0.0,0.95,0.05,-0.05,0.0,0.92,0.03,-0.03,0.0,0.06,0.03,-0.03,0.0,[Fe/H],00h52m19.21s,13.0800239,+10d47m40.94s,10.7947051,-52.07644,123.28442,244.59,3.044,-2.972,4.06029,0.0498984,-0.0498984,2018-10-24,2017-06
EPIC 220674823 c,EPIC 220674823,1,2,<a refstr=BONOMO_ET_AL__2023 href=https://ui.adsabs.harvard.edu/abs/2023arXiv230405773B/abstract target=ref>Bonomo et al. 2023</a>,13.3397,0.00096,-0.00096,0.0,0.1083,0.0023,-0.0018,0.0,2.836,0.086,-0.073,0.0,2.12,0.58,-0.57,0.0,0.13,,,1.0,70.0,4.5,-4.5,0.0,805.0,12.0,-12.0,0.0,0,,5532.0,62.0,-62.0,0.0,0.988,0.011,-0.011,0.0,0.95,0.06,-0.048,0.0,0.11,0.05,-0.05,0.0,[Fe/H],00h52m19.21s,13.0800239,+10d47m40.94s,10.7947051,-52.07644,123.28442,244.59,3.044,-2.972,4.06029,0.0498984,-0.0498984,2023-04-17,2023-04
EPIC 220674823 c,EPIC 220674823,1,2,<a refstr=GUENTHER_ET_AL__2024 href=https://ui.adsabs.harvard.edu/abs/2024MNRAS.529..141G/abstract target=ref>Guenther et al. 2024</a>,13.33989,0.00068,-0.0007,0.0,0.1073,0.0026,-0.0027,0.0,2.84,0.1,-0.08,0.0,1.72,0.66,-0.58,0.0,0.17,0.11,-0.11,0.0,70.0,5.0,-4.0,0.0,804.0,13.0,-12.0,0.0,0,,5578.0,46.0,-46.0,0.0,0.99,0.012,-0.012,0.0,0.913,0.024,-0.024,0.0,-0.005,0.059,-0.059,0.0,[Fe/H],00h52m19.21s,13.0800239,+10d47m40.94s,10.7947051,-52.07644,123.28442,244.59,3.044,-2.972,4.06029,0.0498984,-0.0498984,2025-02-24,2024-03
EPIC 229004835 b,EPIC 229004835,1,1,<a refstr=BONOMO_ET_AL__2023 href=https://ui.adsabs.harvard.edu/abs/2023arXiv230405773B/abstract target=ref>Bonomo et al. 2023</a>,16.141132,1.9e-05,-1.9e-05,0.0,0.1237,0.0017,-0.0017,0.0,2.332,0.08,-0.094,0.0,4.49,0.92,-0.81,0.0,0.23,,,1.0,69.7,3.7,-3.7,0.0,804.0,10.0,-10.0,0.0,0,,5868.0,60.0,-60.0,0.0,0.999,0.008,-0.008,0.0,0.97,0.04,-0.04,0.0,-0.12,0.05,-0.05,0.0,[Fe/H],12h25m56.65s,186.4860415,-01d24m17.00s,-1.4047214,60.81426,289.77763,121.971,0.879,-0.866,8.17036,0.0582184,-0.0582184,2023-05-03,2023-04
EPIC 246851721 b,EPIC 246851721,2,1,<a refstr=YU_ET_AL__2018 href=https://ui.adsabs.harvard.edu/abs/2018AJ....156..250Y/abstract target=ref>Yu et al. 2018</a>,6.180235,1.4e-05,-1.4e-05,0.0,0.07229,0.00074,-0.00075,0.0,11.780659,0.493196,-0.493196,0.0,3.1,1.3,-1.3,0.0,,,,,642.0,30.0,-29.0,0.0,1401.0,16.0,-16.0,0.0,0,F5 V,6202.0,52.0,-50.0,0.0,1.586,0.034,-0.033,0.0,1.317,0.041,-0.04,0.0,0.141,0.082,-0.085,0.0,[Fe/H],05h15m40.76s,78.9198197,+16d16m43.32s,16.2786991,-12.64088,186.97531,372.632,19.456,-17.644,2.66391,0.130014,-0.130014,2019-12-02,2018-12
EPIC 249893012 b,EPIC 249893012,1,3,<a refstr=HIDALGO_ET_AL__2020 href=https://ui.adsabs.harvard.edu/abs/2020A&A...636A..89H/abstract target=ref>Hidalgo et al. 2020</a>,3.5951,0.0003,-0.0003,0.0,0.047,0.005,-0.007,0.0,1.95,0.09,-0.08,0.0,6.39,1.19,-1.04,0.0,0.06,0.08,-0.04,0.0,1037.0,482.0,-207.0,0.0,1616.0,149.0,-79.0,0.0,0,G8 IV/V,5430.0,85.0,-85.0,0.0,1.71,0.04,-0.04,0.0,1.05,0.05,-0.05,0.0,0.2,0.05,-0.05,0.0,[Fe/H],15h12m59.58s,228.2482353,-16d43m28.73s,-16.7246474,34.30816,345.11043,321.296,4.189,-4.085,3.08429,0.0397632,-0.0397632,2020-02-06,2020-04
EPIC 249893012 c,EPIC 249893012,1,3,<a refstr=HIDALGO_ET_AL__2020 href=https://ui.adsabs.harvard.edu/abs/2020A&A...636A..89H/abstract target=ref>Hidalgo et al. 2020</a>,15.624,0.001,-0.001,0.0,0.13,0.01,-0.02,0.0,3.67,0.17,-0.14,0.0,1.62,0.3,-0.29,0.0,0.07,0.08,-0.05,0.0,160.0,68.0,-29.0,0.0,990.0,92.0,-49.0,0.0,0,G8 IV/V,5430.0,85.0,-85.0,0.0,1.71,0.04,-0.04,0.0,1.05,0.05,-0.05,0.0,0.2,0.05,-0.05,0.0,[Fe/H],15h12m59.58s,228.2482353,-16d43m28.73s,-16.7246474,34.30816,345.11043,321.296,4.189,-4.085,3.08429,0.0397632,-0.0397632,2020-02-06,2020-04
EPIC 249893012 d,EPIC 249893012,1,3,<a refstr=HIDALGO_ET_AL__2020 href=https://ui.adsabs.harvard.edu/abs/2020A&A...636A..89H/abstract target=ref>Hidalgo et al. 2020</a>,35.747,0.005,-0.005,0.0,0.22,0.02,-0.04,0.0,3.94,0.13,-0.12,0.0,0.91,0.25,-0.23,0.0,0.15,0.21,-0.11,0.0,53.0,23.0,-10.0,0.0,752.0,69.0,-37.0,0.0,0,G8 IV/V,5430.0,85.0,-85.0,0.0,1.71,0.04,-0.04,0.0,1.05,0.05,-0.05,0.0,0.2,0.05,-0.05,0.0,[Fe/H],15h12m59.58s,228.2482353,-16d43m28.73s,-16.7246474,34.30816,345.11043,321.296,4.189,-4.085,3.08429,0.0397632,-0.0397632,2020-02-06,2020-04
G 9-40 b,G 9-40,1,1,<a refstr=LUQUE_ET_AL__2022 href=https://ui.adsabs.harvard.edu/abs/2022A&A...666A.154L/abstract target=ref>Luque et al. 2022</a>,5.7459982,2e-06,-2e-06,0.0,0.0418,0.00064,-0.00064,0.0,1.9,0.065,-0.065,0.0,3.2,0.63,-0.58,0.0,0.0,,,0.0,6.27,0.19,-0.19,0.0,440.6,7.6,-7.6,0.0,0,,3395.0,51.0,-51.0,0.0,0.3026,0.0095,-0.0095,0.0,0.2952,0.0136,-0.0136,0.0,-0.07,0.16,-0.16,0.0,[Fe/H],08h58m52.52s,134.7188514,+21d04m29.27s,21.0747961,37.03563,206.06509,27.9276,0.0451,-0.045,35.7781,0.0572949,-0.0572949,2024-10-22,2022-10
GJ 1132 b,GJ 1132,1,2,<a refstr=XUE_ET_AL__2024 href=https://ui.adsabs.harvard.edu/abs/2024arXiv240813340X/abstract target=ref>Xue et al. 2024</a>,1.62892911,2.9e-07,-3e-07,0.0,0.0157,0.00013,-0.00013,0.0,1.19151465,0.03811053,-0.04483592,0.0,5.97,0.96,-0.79,0.0,0.0118,0.047,-0.0099,0.0,19.3,1.5,-1.1,0.0,583.8,11.0,-8.5,0.0,0,,3229.0,78.0,-62.0,0.0,0.2211,0.0069,-0.0081,0.0,0.1945,0.0048,-0.0046,0.0,-0.17,0.15,-0.15,0.0,[Fe/H],10h14m50.18s,153.7090696,-47d09m17.77s,-47.1549358,7.75911,277.25461,12.613,0.007,-0.007,79.2543,0.0437672,-0.0437672,2024-09-03,2024-08
GJ 1214 b,GJ 1214,1,1,<a refstr=CLOUTIER_ET_AL__2021 href=https://ui.adsabs.harvard.edu/abs/2021AJ....162..174C/abstract target=ref>Cloutier et al. 2021</a>,1.58040433,1.3e-07,-1.3e-07,0.0,0.0149,0.00026,-0.00026,0.0,2.742,0.05,-0.053,0.0,2.2,0.17,-0.16,0.0,0.063,,,1.0,21.0,2.7,-2.5,0.0,596.0,19.0,-19.0,0.0,0,M4 V,3250.0,100.0,-100.0,0.0,0.215,0.008,-0.008,0.0,0.178,0.01,-0.01,0.0,0.29,0.12,-0.12,0.0,[Fe/H],17h15m19.54s,258.8313991,+04d57m38.45s,4.9606795,23.60704,26.16217,14.6427,0.0372,-0.0372,68.2653,0.172281,-0.172281,2021-08-16,2021-11
GJ 1214 b,GJ 1214,1,1,<a refstr=MAHAJAN_ET_AL__2024 href=https://ui.adsabs.harvard.edu/abs/2024ApJ...963L..37M/abstract target=ref>Mahajan et al. 2024</a>,1.580404531,1.8e-08,-1.7e-08,0.0,0.01505,0.00011,-0.00011,0.0,2.733,0.033,-0.031,0.0,2.26,0.11,-0.11,0.0,0.0062,0.0079,-0.0044,0.0,17.2,1.0,-0.9,0.0,567.0,7.6,-7.6,0.0,0,,3101.0,43.0,-43.0,0.0,0.2162,0.0025,-0.0024,0.0,0.182,0.0042,-0.0041,0.0,0.24,0.11,-0.11,0.0,[Fe/H],17h15m19.54s,258.8313991,+04d57m38.45s,4.9606795,23.60704,26.16217,14.6427,0.0372,-0.0372,68.2653,0.172281,-0.172281,2024-03-25,2024-03
GJ 3473 b,GJ 3473,2,2,<a refstr=KEMMER_ET_AL__2020 href=https://ui.adsabs.harvard.edu/abs/2020A&A...642A.236K/abstract target=ref>Kemmer et al. 2020</a>,1.1980035,1.8e-06,-1.9e-06,0.0,0.01589,0.00062,-0.00062,0.0,1.264,0.05,-0.049,0.0,5.03,1.07,-0.93,0.0,0.0,,,0.0,59.4,5.0,-4.5,0.0,773.0,16.0,-15.0,0.0,0,,3347.0,54.0,-54.0,0.0,0.364,0.012,-0.012,0.0,0.36,0.016,-0.016,0.0,0.11,0.19,-0.19,0.0,[Fe/H],08h02m22.47s,120.5936065,+03d20m13.79s,3.3371629,17.28798,218.15071,27.3644,0.0376,-0.0376,36.515,0.0498293,-0.0498293,2020-10-16,2020-10
GJ 357 b,GJ 357,1,3,<a refstr=LUQUE_ET_AL__2019 href=https://ui.adsabs.harvard.edu/abs/2019A&A...628A..39L/abstract target=ref>Luque et al. 2019</a>,3.93072,8e-05,-6e-05,0.0,0.035,0.002,-0.002,0.0,1.217,0.084,-0.083,0.0,5.6,1.7,-1.3,0.0,,,,,12.6,1.1,-0.8,0.0,525.0,11.0,-9.0,0.0,0,M2.5 V,3505.0,51.0,-51.0,0.0,0.337,0.015,-0.015,0.0,0.342,0.011,-0.011,0.0,-0.12,0.16,-0.16,0.0,[Fe/H],09h36m01.79s,144.0074644,-21d39m54.23s,-21.6650634,22.08045,253.88843,9.44181,0.00511,-0.00511,105.883,0.0568648,-0.0568648,2019-08-09,2019-08
GJ 367 b,GJ 367,1,3,<a refstr=GOFFO_ET_AL__2023 href=https://ui.adsabs.harvard.edu/abs/2023arXiv230709181G/abstract target=ref>Goffo et al. 2023</a>,0.3219225,2e-07,-2e-07,0.0,0.00709,0.00027,-0.00027,0.0,0.699,0.024,-0.024,0.0,10.2,1.3,-1.3,0.0,0.06,0.07,-0.04,0.0,579.0,57.0,-52.0,0.0,1365.0,32.0,-32.0,0.0,0,M1.0 V,3522.0,70.0,-70.0,0.0,0.458,0.013,-0.013,0.0,0.455,0.011,-0.011,0.0,-0.01,0.12,-0.12,0.0,[Fe/H],09h44m29.15s,146.121464,-45d46m44.46s,-45.7790165,5.6589,272.24323,9.41263,0.002835,-0.002835,106.211,0.0317349,-0.0317349,2023-08-10,2023-07
GJ 3929 b,GJ 3929,1,2,<a refstr=KEMMER_ET_AL__2022 href=https://ui.adsabs.harvard.edu/abs/2022arXiv220200970K/abstract target=ref>Kemmer et al. 2022</a>,2.6162745,2.9e-06,-3e-06,0.0,0.02569,0.00088,-0.00088,0.0,1.15,0.04,-0.039,0.0,4.4,1.6,-1.6,0.0,,,,,17.5,1.3,-1.2,0.0,568.8,9.4,-9.3,0.0,0,M3.5 V,3369.0,51.0,-51.0,0.0,0.315,0.01,-0.01,0.0,0.309,0.014,-0.014,0.0,0.0,0.16,-0.16,0.0,[Fe/H],15h58m18.62s,239.5775678,+35d24m29.21s,35.4081141,49.59735,56.66419,15.8095,0.0096,-0.0095,63.224,0.0379804,-0.0379804,2022-02-22,2022-02
GJ 3929 b,GJ 3929,1,2,<a refstr=BEARD_ET_AL__2022 href=https://ui.adsabs.harvard.edu/abs/2022arXiv220710672B/abstract target=ref>Beard et al. 2022</a>,2.616235,5e-06,-5e-06,0.0,0.0252,0.0005,-0.0005,0.0,1.09,0.04,-0.04,0.0,7.3,2.0,-2.0,0.0,0.0,,,0.0,17.3,0.7,-0.7,0.0,568.0,6.0,-6.0,0.0,0,,3384.0,88.0,-88.0,0.0,0.32,0.01,-0.01,0.0,0.313,0.027,-0.022,0.0,-0.02,0.12,-0.12,0.0,[Fe/H],15h58m18.62s,239.5775678,+35d24m29.21s,35.4081141,49.59735,56.66419,15.8095,0.0096,-0.0095,63.224,0.0379804,-0.0379804,2022-08-01,2022-07
GJ 486 b,GJ 486,1,1,<a refstr=WEINER_MANSFIELD_ET_AL__2024 href=https://ui.adsabs.harvard.edu/abs/2024ApJ...975L..22W/abstract target=ref>Weiner Mansfield et al. 2024</a>,1.46712127,3.1e-07,-3.5e-07,0.0,0.01714,0.00013,-0.00013,0.0,1.289,0.019,-0.014,0.0,6.66,0.23,-0.29,0.0,0.00086,0.0016,-0.00043,0.0,39.2,1.7,-1.6,0.0,696.3,7.2,-7.3,0.0,0,,3317.0,36.0,-37.0,0.0,0.3243,0.0044,-0.0034,0.0,0.312,0.007,-0.0069,0.0,-0.15,0.13,-0.12,0.0,[Fe/H],12h47m55.57s,191.981531,+09d44m57.91s,9.7494181,72.60142,300.0371,8.07426,0.004095,-0.004095,123.821,0.0623236,-0.0623236,2025-04-16,2024-11
GJ 486 b,GJ 486,1,1,<a refstr=TRIFONOV_ET_AL__2021 href=https://ui.adsabs.harvard.edu/abs/2021Sci...371.1038T/abstract target=ref>Trifonov et al. 2021</a>,1.467119,3.1e-05,-3e-05,0.0,0.01734,0.00026,-0.00027,0.0,1.305,0.063,-0.067,0.0,7.0,1.2,-1.0,0.0,0.05,,,1.0,40.3,1.5,-1.4,0.0,701.0,13.0,-13.0,0.0,0,M3.5 V,3340.0,54.0,-54.0,0.0,0.328,0.011,-0.011,0.0,0.323,0.015,-0.015,0.0,0.07,0.16,-0.16,0.0,[Fe/H],12h47m55.57s,191.981531,+09d44m57.91s,9.7494181,72.60142,300.0371,8.07426,0.004095,-0.004095,123.821,0.0623236,-0.0623236,2024-07-12,2021-03
GJ 486 b,GJ 486,1,1,<a refstr=CABALLERO_ET_AL__2022 href=https://ui.adsabs.harvard.edu/abs/2022A&A...665A.120C/abstract target=ref>Caballero et al. 2022</a>,1.4671205,1.2e-06,-1.1e-06,0.0,0.01713,0.00091,-0.00098,0.0,1.343,0.063,-0.062,0.0,6.79,1.08,-0.91,0.0,0.0,,,0.0,41.3,4.4,-4.8,0.0,706.0,19.0,-20.0,0.0,0,M3.5 V,3291.0,75.0,-75.0,0.0,0.339,0.015,-0.015,0.0,0.333,0.019,-0.019,0.0,-0.15,0.13,-0.13,0.0,[Fe/H],12h47m55.57s,191.981531,+09d44m57.91s,9.7494181,72.60142,300.0371,8.07426,0.004095,-0.004095,123.821,0.0623236,-0.0623236,2024-08-29,2022-09
GJ 806 b,GJ 806,1,2,<a refstr=PALLE_ET_AL__2023 href=https://ui.adsabs.harvard.edu/abs/2023A&A...678A..80P/abstract target=ref>Palle et al. 2023</a>,0.9263237,9e-07,-9e-07,0.0,0.01406,0.0003,-0.0003,0.0,1.331,0.023,-0.023,0.0,4.4,0.45,-0.45,0.0,,,,,130.0,6.0,-6.0,0.0,940.0,10.0,-10.0,0.0,0,M1.5 V,3600.0,16.0,-16.0,0.0,0.4144,0.0038,-0.0038,0.0,0.413,0.011,-0.011,0.0,-0.28,0.07,-0.07,0.0,[Fe/H],20h45m04.73s,311.2697002,+44d30m00.85s,44.5002351,1.00774,84.07015,12.0445,0.00435,-0.00435,82.9968,0.0295717,-0.0295717,2023-11-28,2023-10
GJ 9827 b,GJ 9827,1,3,<a refstr=PRIETO_ARRANZ_ET_AL__2018 href=https://ui.adsabs.harvard.edu/abs/2018A&A...618A.116P/abstract target=ref>Prieto-Arranz et al. 2018</a>,1.208966,1.2e-05,-1.2e-05,0.0,0.0206,0.002,-0.0023,0.0,1.58,0.14,-0.13,0.0,5.11,1.74,-1.27,0.0,,,,,256.0,44.0,-23.0,0.0,1114.0,46.0,-26.0,0.0,0,K6 V,4219.0,70.0,-70.0,0.0,0.622,0.051,-0.051,0.0,0.637,0.051,-0.051,0.0,-0.29,0.12,-0.12,0.0,[Fe/H],23h27m05.23s,351.7717763,-01d17m07.24s,-1.2853435,-57.18299,81.34803,29.661,0.0543,-0.0541,33.6855,0.0611343,-0.0611343,2021-07-12,2018-10
GJ 9827 b,GJ 9827,1,3,<a refstr=RODRIGUEZ_ET_AL__2018 href=https://ui.adsabs.harvard.edu/abs/2018AJ....155...72R/abstract target=ref>Rodriguez et al. 2018</a>,1.2089802,8.4e-06,-8.1e-06,0.0,0.01888,0.0003,-0.00031,0.0,1.62,0.11,-0.11,0.0,4.5,1.5,-0.98,0.0,,,,,315.0,48.0,-44.0,0.0,1172.0,43.0,-43.0,0.0,0,K5 V,4269.0,98.0,-99.0,0.0,0.613,0.033,-0.034,0.0,0.614,0.03,-0.029,0.0,-0.5,0.1,-0.1,0.0,[M/H],23h27m05.23s,351.7717763,-01d17m07.24s,-1.2853435,-57.18299,81.34803,29.661,0.0543,-0.0541,33.6855,0.0611343,-0.0611343,2019-08-23,2018-02
GJ 9827 b,GJ 9827,1,3,<a refstr=BONOMO_ET_AL__2023 href=https://ui.adsabs.harvard.edu/abs/2023arXiv230405773B/abstract target=ref>Bonomo et al. 2023</a>,1.2089819,7.1e-06,-7.1e-06,0.0,0.0188,0.00016,-0.00016,0.0,1.577,0.027,-0.031,0.0,7.19,0.81,-0.76,0.0,0.063,,,1.0,318.0,16.0,-16.0,0.0,1175.0,14.0,-14.0,0.0,0,,4305.0,49.0,-49.0,0.0,0.602,0.005,-0.004,0.0,0.606,0.015,-0.014,0.0,-0.26,0.09,-0.09,0.0,[Fe/H],23h27m05.23s,351.7717763,-01d17m07.24s,-1.2853435,-57.18299,81.34803,29.661,0.0543,-0.0541,33.6855,0.0611343,-0.0611343,2023-04-17,2023-04
GJ 9827 c,GJ 9827,1,3,<a refstr=PRIETO_ARRANZ_ET_AL__2018 href=https://ui.adsabs.harvard.edu/abs/2018A&A...618A.116P/abstract target=ref>Prieto-Arranz et al. 2018</a>,3.64823,0.00012,-0.00012,0.0,0.0429,0.0042,-0.0048,0.0,1.24,0.11,-0.11,0.0,4.13,2.31,-1.77,0.0,,,,,59.0,10.0,-5.0,0.0,771.0,31.0,-18.0,0.0,0,K6 V,4219.0,70.0,-70.0,0.0,0.622,0.051,-0.051,0.0,0.637,0.051,-0.051,0.0,-0.29,0.12,-0.12,0.0,[Fe/H],23h27m05.23s,351.7717763,-01d17m07.24s,-1.2853435,-57.18299,81.34803,29.661,0.0543,-0.0541,33.6855,0.0611343,-0.0611343,2021-07-12,2018-10
GJ 9827 c,GJ 9827,1,3,<a refstr=BONOMO_ET_AL__2023 href=https://ui.adsabs.harvard.edu/abs/2023arXiv230405773B/abstract target=ref>Bonomo et al. 2023</a>,3.648096,6.3e-05,-6.3e-05,0.0,0.03925,0.00033,-0.00033,0.0,1.241,0.024,-0.026,0.0,3.7,,,1.0,0.094,,,1.0,73.0,3.7,-3.7,0.0,813.0,10.0,-10.0,0.0,0,,4305.0,49.0,-49.0,0.0,0.602,0.005,-0.004,0.0,0.606,0.015,-0.014,0.0,-0.26,0.09,-0.09,0.0,[Fe/H],23h27m05.23s,351.7717763,-01d17m07.24s,-1.2853435,-57.18299,81.34803,29.661,0.0543,-0.0541,33.6855,0.0611343,-0.0611343,2023-04-17,2023-04
GJ 9827 c,GJ 9827,1,3,<a refstr=RODRIGUEZ_ET_AL__2018 href=https://ui.adsabs.harvard.edu/abs/2018AJ....155...72R/abstract target=ref>Rodriguez et al. 2018</a>,3.648083,6e-05,-5.8e-05,0.0,0.03942,0.00062,-0.00064,0.0,1.269,0.087,-0.089,0.0,6.4,2.0,-1.1,0.0,,,,,72.0,11.0,-10.0,0.0,811.0,30.0,-30.0,0.0,0,K5 V,4269.0,98.0,-99.0,0.0,0.613,0.033,-0.034,0.0,0.614,0.03,-0.029,0.0,-0.5,0.1,-0.1,0.0,[M/H],23h27m05.23s,351.7717763,-01d17m07.24s,-1.2853435,-57.18299,81.34803,29.661,0.0543,-0.0541,33.6855,0.0611343,-0.0611343,2019-08-23,2018-02
GJ 9827 d,GJ 9827,1,3,<a refstr=RODRIGUEZ_ET_AL__2018 href=https://ui.adsabs.harvard.edu/abs/2018AJ....155...72R/abstract target=ref>Rodriguez et al. 2018</a>,6.201467,6.2e-05,-6.1e-05,0.0,0.05615,0.00089,-0.00091,0.0,2.07,0.14,-0.14,0.0,3.23,1.1,-0.72,0.0,,,,,35.6,5.4,-5.0,0.0,680.0,25.0,-25.0,0.0,0,K5 V,4269.0,98.0,-99.0,0.0,0.613,0.033,-0.034,0.0,0.614,0.03,-0.029,0.0,-0.5,0.1,-0.1,0.0,[M/H],23h27m05.23s,351.7717763,-01d17m07.24s,-1.2853435,-57.18299,81.34803,29.661,0.0543,-0.0541,33.6855,0.0611343,-0.0611343,2019-08-23,2018-02
GJ 9827 d,GJ 9827,1,3,<a refstr=PRIETO_ARRANZ_ET_AL__2018 href=https://ui.adsabs.harvard.edu/abs/2018A&A...618A.116P/abstract target=ref>Prieto-Arranz et al. 2018</a>,6.20142,0.00013,-0.00013,0.0,0.0611,0.006,-0.0068,0.0,2.04,0.18,-0.18,0.0,1.51,0.71,-0.53,0.0,,,,,29.0,5.0,-3.0,0.0,646.0,26.0,-15.0,0.0,0,K6 V,4219.0,70.0,-70.0,0.0,0.622,0.051,-0.051,0.0,0.637,0.051,-0.051,0.0,-0.29,0.12,-0.12,0.0,[Fe/H],23h27m05.23s,351.7717763,-01d17m07.24s,-1.2853435,-57.18299,81.34803,29.661,0.0543,-0.0541,33.6855,0.0611343,-0.0611343,2021-07-12,2018-10
GJ 9827 d,GJ 9827,1,3,<a refstr=BONOMO_ET_AL__2023 href=https://ui.adsabs.harvard.edu/abs/2023arXiv230405773B/abstract target=ref>Bonomo et al. 2023</a>,6.20147,6.3e-05,-6.3e-05,0.0,0.0559,0.00046,-0.00046,0.0,2.022,0.046,-0.043,0.0,2.34,0.62,-0.59,0.0,0.13,,,1.0,36.0,1.9,-1.9,0.0,681.0,8.0,-8.0,0.0,0,,4305.0,49.0,-49.0,0.0,0.602,0.005,-0.004,0.0,0.606,0.015,-0.014,0.0,-0.26,0.09,-0.09,0.0,[Fe/H],23h27m05.23s,351.7717763,-01d17m07.24s,-1.2853435,-57.18299,81.34803,29.661,0.0543,-0.0541,33.6855,0.0611343,-0.0611343,2023-04-17,2023-04
GPX-1 b,GPX-1,1,1,<a refstr=BENNI_ET_AL__2021 href=https://ui.adsabs.harvard.edu/abs/2021MNRAS.505.4956B/abstract target=ref>Benni et al. 2021</a>,1.744579,8e-06,-8e-06,0.0,0.0338,0.0003,-0.0003,0.0,16.47720163,1.12089807,-1.12089807,0.0,8.222423,1.724056,-1.326197,0.0,0.0,,,0.0,4650.0,370.0,-370.0,0.0,2300.0,48.0,-48.0,0.0,0,F2,7000.0,200.0,-200.0,0.0,1.56,0.1,-0.1,0.0,1.68,0.1,-0.1,0.0,0.35,0.1,-0.1,0.0,[Fe/H],02h33m28.60s,38.3691648,+56d01m32.55s,56.025708,-4.05517,136.89331,655.013,17.102,-16.269,1.49895,0.0385695,-0.0385695,2021-10-04,2021-08
Gliese 12 b,Gliese 12,1,1,<a refstr=DHOLAKIA_ET_AL__2024 href=https://ui.adsabs.harvard.edu/abs/2024MNRAS.531.1276D/abstract target=ref>Dholakia et al. 2024</a>,12.76142,7e-05,-7e-05,0.0,0.067,0.0005,-0.0006,0.0,0.9,0.1,-0.09,0.0,17.7,1.4,-1.4,0.0,,,,,1.6,0.2,-0.2,0.0,315.0,7.0,-8.0,0.0,0,M4 V,3253.0,55.0,-55.0,0.0,0.269,0.008,-0.008,0.0,0.241,0.006,-0.006,0.0,-0.29,0.09,-0.09,0.0,[Fe/H],00h15m49.90s,3.9579137,+13d33m27.42s,13.5576175,-48.40659,109.835,12.21,0.01305,-0.01305,81.8711,0.0866381,-0.0866381,2024-05-21,2024-06
HAT-P-19 b,HAT-P-19,1,1,<a refstr=KANG_ET_AL__2024 href=https://arxiv.org/abs/2401.03715 target=ref>Kang et al. 2024</a>,4.00878322,1.9e-07,-1.9e-07,0.0,0.04599,0.00063,-0.00058,0.0,11.29865255,0.15692573,-0.14571675,0.0,0.335,0.019,-0.019,0.0,,,,,154.0,5.0,-5.0,0.0,981.2,7.7,-8.1,0.0,0,,4962.0,39.0,-41.0,0.0,0.773,0.011,-0.01,0.0,0.807,0.034,-0.03,0.0,0.166,0.07,-0.068,0.0,[Fe/H],00h38m03.98s,9.5165832,+34d42m41.05s,34.7114025,-28.07947,119.8176,202.078,1.471,-1.451,4.91998,0.0355101,-0.0355101,2024-01-22,2024-01
HAT-P-25 b,HAT-P-25,1,1,<a refstr=WANG_ET_AL__2018 href=https://ui.adsabs.harvard.edu/abs/2018PASP..130f4401W/abstract target=ref>Wang et al. 2018</a>,3.65281514,7.6e-07,-7.5e-07,0.0,0.0466,0.00081,-0.0008,0.0,12.722215,0.538032,-0.538032,0.0,0.483,0.059,-0.051,0.0,0.023,0.022,-0.014,0.0,325.0,29.0,-26.0,0.0,1182.0,25.0,-25.0,0.0,0,,5519.0,78.0,-76.0,0.0,0.919,0.034,-0.034,0.0,1.012,0.053,-0.051,0.0,0.294,0.08,-0.08,0.0,[Fe/H],03h13m44.51s,48.4354731,+25d11m50.48s,25.1973548,-27.44257,159.31431,300.384,4.3,-4.182,3.30091,0.0466395,-0.0466395,2019-01-14,2018-06
HAT-P-29 b,HAT-P-29,2,1,<a refstr=WANG_ET_AL__2018 href=https://ui.adsabs.harvard.edu/abs/2018AJ....156..181W/abstract target=ref>Wang et al. 2018</a>,5.72339,1.3e-05,-1.3e-05,0.0,0.0665,0.0011,-0.0011,0.0,11.926376,0.840675,-0.762212,0.0,0.79,0.17,-0.14,0.0,0.075,0.029,-0.027,0.0,433.0,56.0,-48.0,0.0,1271.0,39.0,-37.0,0.0,0,,6115.0,86.0,-86.0,0.0,1.237,0.077,-0.071,0.0,1.199,0.063,-0.061,0.0,0.128,0.079,-0.08,0.0,[Fe/H],02h12m31.46s,33.1310921,+51d46m43.59s,51.7787754,-9.10798,135.4706,313.576,4.43,-4.31,3.16099,0.0441001,-0.0441001,2019-08-09,2018-10
HAT-P-32 b,HAT-P-32,2,1,<a refstr=WANG_ET_AL__2019 href=https://ui.adsabs.harvard.edu/abs/2019AJ....157...82W/abstract target=ref>Wang et al. 2019</a>,2.1500082,1.3e-07,-1.3e-07,0.0,0.03397,0.00051,-0.0005,0.0,22.19382,0.504405,-0.504405,0.0,0.108,0.018,-0.017,0.0,0.159,0.051,-0.028,0.0,1841.0,31.0,-38.0,0.0,1835.7,6.8,-6.9,0.0,0,,6001.0,88.0,-88.0,0.0,1.367,0.031,-0.03,0.0,1.132,0.051,-0.05,0.0,-0.16,0.08,-0.08,0.0,[Fe/H],02h04m10.26s,31.0427614,+46d41m16.26s,46.6878512,-14.37306,135.69851,289.205,5.355,-5.167,3.43046,0.062397,-0.062397,2019-07-08,2019-02
HAT-P-36 b,HAT-P-36,1,1,<a refstr=WANG_ET_AL__2019 href=https://ui.adsabs.harvard.edu/abs/2019AJ....157...82W/abstract target=ref>Wang et al. 2019</a>,1.3273466,3.3e-07,-3.3e-07,0.0,0.02402,0.00036,-0.00035,0.0,15.210613,0.392315,-0.381106,0.0,0.955,0.057,-0.054,0.0,0.063,0.021,-0.023,0.0,1821.0,27.0,-27.0,0.0,1820.2,6.7,-6.8,0.0,0,,5560.0,100.0,-100.0,0.0,1.108,0.025,-0.024,0.0,1.049,0.048,-0.046,0.0,0.26,0.1,-0.1,0.0,[Fe/H],12h33m03.89s,188.2662048,+44d54m55.32s,44.9153672,71.83707,133.41389,294.419,2.269,-2.235,3.36776,0.0257819,-0.0257819,2019-07-08,2019-02
HAT-P-51 b,HAT-P-51,1,1,<a refstr=KANG_ET_AL__2024 href=https://arxiv.org/abs/2401.03715 target=ref>Kang et al. 2024</a>,4.21802091,6.6e-07,-6.6e-07,0.0,0.05042,0.00068,-0.00065,0.0,13.50682174,0.19055267,-0.17934369,0.0,0.218,0.014,-0.014,0.0,,,,,310.0,7.3,-7.3,0.0,1168.2,6.9,-7.0,0.0,0,,5453.0,31.0,-32.0,0.0,0.995,0.013,-0.013,0.0,0.961,0.04,-0.036,0.0,0.302,0.052,-0.059,0.0,[Fe/H],01h24m15.63s,21.0651251,+32d48m38.52s,32.8107,-29.55538,130.85829,440.089,8.189,-7.901,2.24399,0.0412163,-0.0412163,2024-01-22,2024-01
HAT-P-55 b,HAT-P-55,1,1,<a refstr=KANG_ET_AL__2024 href=https://arxiv.org/abs/2401.03715 target=ref>Kang et al. 2024</a>,3.5852313,5.1e-07,-5.1e-07,0.0,0.04628,0.00074,-0.00072,0.0,14.84069045,0.25780656,-0.24659758,0.0,0.318,0.04,-0.039,0.0,,,,,583.0,18.0,-18.0,0.0,1367.0,11.0,-11.0,0.0,0,,5804.0,37.0,-37.0,0.0,1.105,0.018,-0.017,0.0,1.028,0.05,-0.048,0.0,0.003,0.049,-0.032,0.0,[Fe/H],17h37m05.64s,264.2735096,+25d43m52.13s,25.7311468,26.9685,49.58846,511.388,3.634,-3.585,1.9266,0.0136983,-0.0136983,2024-01-22,2024-01
HAT-P-58 b,HAT-P-58,1,1,<a refstr=BAKOS_ET_AL__2021 href=https://ui.adsabs.harvard.edu/abs/2021AJ....162....7B/abstract target=ref>Bakos et al. 2021</a>,4.0138379,2.4e-06,-2.4e-06,0.0,0.04994,0.00044,-0.00044,0.0,14.93036229,0.48198617,-0.48198617,0.0,0.194,0.024,-0.024,0.0,0.073,,,1.0,1146.0,50.0,-50.0,0.0,1622.0,18.0,-18.0,0.0,0,,6078.0,48.0,-48.0,0.0,1.53,0.034,-0.034,0.0,1.031,0.028,-0.028,0.0,-0.224,0.057,-0.057,0.0,[Fe/H],04h35m23.16s,68.8465093,+56d52m05.77s,56.8682691,6.3006,150.04883,515.59,12.777,-12.184,1.9123,0.0465569,-0.0465569,2021-07-26,2021-07
HAT-P-59 b,HAT-P-59,1,1,<a refstr=BAKOS_ET_AL__2021 href=https://ui.adsabs.harvard.edu/abs/2021AJ....162....7B/abstract target=ref>Bakos et al. 2021</a>,4.1419771,1.2e-06,-1.2e-06,0.0,0.05064,0.00037,-0.00037,0.0,12.58768533,0.14571675,-0.14571675,0.0,1.347,0.081,-0.081,0.0,0.03,,,1.0,441.4,8.9,-8.9,0.0,1277.8,6.5,-6.5,0.0,0,,5678.0,16.0,-16.0,0.0,1.1038,0.0073,-0.0073,0.0,1.008,0.022,-0.022,0.0,0.217,0.049,-0.049,0.0,[Fe/H],19h29m50.12s,292.4588212,+62d31m45.08s,62.5291892,19.63991,94.0548,265.471,1.374,-1.36,3.73805,0.0192504,-0.0192504,2021-07-26,2021-07
HAT-P-60 b,HAT-P-60,1,1,<a refstr=BAKOS_ET_AL__2021 href=https://ui.adsabs.harvard.edu/abs/2021AJ....162....7B/abstract target=ref>Bakos et al. 2021</a>,4.7947813,2.4e-06,-2.4e-06,0.0,0.06277,0.00017,-0.00017,0.0,18.28184752,0.26901554,-0.26901554,0.0,0.164,0.013,-0.013,0.0,0.25,,,1.0,1634.0,45.0,-45.0,0.0,1772.0,12.0,-12.0,0.0,0,,6212.0,26.0,-26.0,0.0,2.197,0.027,-0.02,0.0,1.435,0.012,-0.012,0.0,0.037,0.037,-0.037,0.0,[Fe/H],01h53m07.82s,28.2825719,+52d03m14.12s,52.0539209,-9.67032,132.48097,233.22,2.687,-2.627,4.25972,0.0484759,-0.0484759,2021-07-26,2021-07
HAT-P-61 b,HAT-P-61,1,1,<a refstr=BAKOS_ET_AL__2021 href=https://ui.adsabs.harvard.edu/abs/2021AJ....162....7B/abstract target=ref>Bakos et al. 2021</a>,1.90231289,7.7e-07,-7.7e-07,0.0,0.0301,0.00034,-0.00034,0.0,10.07687365,0.30264248,-0.30264248,0.0,1.8,0.2,-0.2,0.0,0.113,,,1.0,849.5,35.2,-35.2,0.0,1505.0,16.0,-16.0,0.0,0,,5587.0,45.0,-45.0,0.0,0.938,0.011,-0.011,0.0,1.004,0.033,-0.033,0.0,0.194,0.06,-0.06,0.0,[Fe/H],05h01m55.24s,75.4801665,+50d07m52.24s,50.1311784,5.02601,157.78135,338.84,4.149,-4.051,2.92298,0.035438,-0.035438,2021-07-26,2021-07
HAT-P-62 b,HAT-P-62,1,1,<a refstr=BAKOS_ET_AL__2021 href=https://ui.adsabs.harvard.edu/abs/2021AJ....162....7B/abstract target=ref>Bakos et al. 2021</a>,2.6453235,3.9e-06,-3.9e-06,0.0,0.03772,0.00024,-0.00024,0.0,12.02723629,0.32506044,-0.32506044,0.0,0.77,0.11,-0.11,0.0,0.101,,,1.0,867.2,30.0,-30.0,0.0,1512.0,13.0,-13.0,0.0,0,,5629.0,48.0,-48.0,0.0,1.17,0.016,-0.016,0.0,1.023,0.02,-0.02,0.0,0.414,0.09,-0.09,0.0,[Fe/H],04h58m01.05s,74.5043816,+48d18m03.08s,48.3008551,3.39851,158.83659,348.815,4.951,-4.816,2.83881,0.0398222,-0.0398222,2021-07-26,2021-07
HAT-P-63 b,HAT-P-63,1,1,<a refstr=BAKOS_ET_AL__2021 href=https://ui.adsabs.harvard.edu/abs/2021AJ....162....7B/abstract target=ref>Bakos et al. 2021</a>,3.377728,1.3e-05,-1.3e-05,0.0,0.04294,0.00035,-0.00035,0.0,12.5428494,0.36989636,-0.36989636,0.0,0.54,0.055,-0.055,0.0,0.069,,,1.0,387.4,13.4,-13.4,0.0,1237.0,11.0,-11.0,0.0,0,,5400.0,55.0,-39.0,0.0,0.9661,0.011,-0.0082,0.0,0.925,0.023,-0.023,0.0,0.251,0.061,-0.061,0.0,[Fe/H],17h58m17.30s,269.5720695,+05d45m40.94s,5.7613709,14.43563,32.04857,403.458,3.98,-3.904,2.44998,0.0240313,-0.0240313,2021-07-26,2021-07
HAT-P-64 b,HAT-P-64,1,1,<a refstr=BAKOS_ET_AL__2021 href=https://ui.adsabs.harvard.edu/abs/2021AJ....162....7B/abstract target=ref>Bakos et al. 2021</a>,4.007232,1.7e-06,-1.7e-06,0.0,0.05387,0.0003,-0.0003,0.0,19.08889413,0.78462865,-0.78462865,0.0,0.144,0.046,-0.035,0.0,0.101,,,1.0,1611.0,78.0,-59.0,0.0,1766.0,22.0,-16.0,0.0,0,,6457.0,29.0,-29.0,0.0,1.735,0.041,-0.028,0.0,1.298,0.021,-0.021,0.0,-0.113,0.027,-0.056,0.0,[Fe/H],04h35m53.85s,68.9743955,+02d25m52.58s,2.4312732,-28.45082,193.55233,651.897,15.413,-14.728,1.50537,0.0351902,-0.0351902,2021-07-26,2021-07
HAT-P-65 b,HAT-P-65,1,1,<a refstr=KANG_ET_AL__2024 href=https://arxiv.org/abs/2401.03715 target=ref>Kang et al. 2024</a>,2.60544751,5e-07,-4.9e-07,0.0,0.04042,0.00057,-0.00055,0.0,18.05766791,0.26901554,-0.26901554,0.0,0.164,0.027,-0.027,0.0,,,,,1821.0,52.0,-51.0,0.0,1818.0,13.0,-13.0,0.0,0,,5872.0,40.0,-40.0,0.0,1.666,0.024,-0.024,0.0,1.297,0.056,-0.053,0.0,0.208,0.05,-0.055,0.0,[Fe/H],21h03m37.32s,315.9054895,+11d59m21.72s,11.9893675,-22.3345,60.50165,738.519,19.924,-18.922,1.32608,0.0353211,-0.0353211,2024-06-10,2024-01
HAT-P-68 b,HAT-P-68,1,1,<a refstr=LINDOR_ET_AL__2021 href=https://ui.adsabs.harvard.edu/abs/2021AJ....161...64L/abstract target=ref>Lindor et al. 2021</a>,2.29840551,5.2e-07,-5.2e-07,0.0,0.02996,0.00043,-0.00012,0.0,12.016048,0.134508,-0.134508,0.0,0.727,0.051,-0.051,0.0,0.041,,,1.0,184.8,5.9,-5.9,0.0,1027.8,8.2,-8.2,0.0,0,K,4508.0,43.0,-43.0,0.0,0.6701,0.0041,-0.0032,0.0,0.6785,0.0299,-0.0079,0.0,-0.059,0.036,-0.036,0.0,[Fe/H],07h53m55.96s,118.4831501,+23d56m17.59s,23.9382192,23.83401,197.14414,202.152,0.953,-0.943,4.91793,0.0230162,-0.0230162,2020-12-10,2021-02
HAT-P-9 b,HAT-P-9,1,1,<a refstr=WANG_ET_AL__2019 href=https://ui.adsabs.harvard.edu/abs/2019AJ....157...82W/abstract target=ref>Wang et al. 2019</a>,3.92281072,1.02e-06,-1.02e-06,0.0,0.05287,0.00078,-0.00078,0.0,15.614137,0.751003,-0.728585,0.0,0.342,0.057,-0.048,0.0,0.084,0.052,-0.047,0.0,931.0,73.0,-69.0,0.0,1540.0,32.0,-30.0,0.0,0,,6350.0,150.0,-150.0,0.0,1.338,0.065,-0.06,0.0,1.281,0.057,-0.056,0.0,0.12,0.2,-0.2,0.0,[Fe/H],07h20m40.44s,110.1685157,+37d08m26.14s,37.1405946,21.4426,181.08665,455.203,8.968,-8.635,2.1687,0.0421441,-0.0421441,2019-07-08,2019-02
HATS-17 b,HATS-17,1,1,<a refstr=BRAHM_ET_AL__2016 href=https://ui.adsabs.harvard.edu/abs/2016AJ....151...89B/abstract target=ref>Brahm et al. 2016</a>,16.254611,7.3e-05,-7.3e-05,0.0,0.1308,0.0012,-0.0012,0.0,8.709393,0.627704,-0.627704,0.0,3.5,0.85,-0.51,0.0,0.029,0.022,-0.022,0.0,72.7,9.6,-9.6,0.0,814.0,25.0,-25.0,0.0,0,G V,5846.0,78.0,-78.0,0.0,1.091,0.07,-0.046,0.0,1.131,0.03,-0.03,0.0,0.3,0.03,-0.03,0.0,[Fe/H],12h48m45.50s,192.1895676,-47d36m49.24s,-47.6136789,15.25563,302.46383,400.331,10.228,-9.74,2.47137,0.0617753,-0.0617753,2016-09-14,2016-04
HATS-18 b,HATS-18,1,1,<a refstr=PENEV_ET_AL__2016 href=https://ui.adsabs.harvard.edu/abs/2016AJ....152..127P/abstract target=ref>Penev et al. 2016</a>,0.8378434,4.7e-07,-4.7e-07,0.0,0.01761,0.00027,-0.00027,0.0,14.986433,1.143318,-0.549241,0.0,1.02,0.13,-0.2,0.0,0.166,,,1.0,2990.0,350.0,-350.0,0.0,2060.0,59.0,-59.0,0.0,0,G V,5600.0,120.0,-120.0,0.0,1.02,0.057,-0.031,0.0,1.037,0.047,-0.047,0.0,0.28,0.08,-0.08,0.0,[Fe/H],11h35m49.78s,173.9574203,-29d09m21.83s,-29.1560639,30.87451,283.68658,624.368,16.147,-15.366,1.57358,0.0400934,-0.0400934,2024-07-12,2016-11
HATS-36 b,HATS-36,1,1,<a refstr=BAYLISS_ET_AL__2018 href=https://ui.adsabs.harvard.edu/abs/2018AJ....155..119B/abstract target=ref>Bayliss et al. 2018</a>,4.1752387,2.2e-06,-2.2e-06,0.0,0.05425,0.00043,-0.00043,0.0,13.843115,0.481987,-0.481987,0.0,2.12,0.2,-0.2,0.0,0.105,0.028,-0.028,0.0,561.0,51.0,-51.0,0.0,1356.0,30.0,-30.0,0.0,0,G0 V,6149.0,76.0,-76.0,0.0,1.155,0.039,-0.039,0.0,1.222,0.029,-0.029,0.0,0.28,0.037,-0.037,0.0,[Fe/H],19h25m54.89s,291.4787013,-23d12m10.15s,-23.2028183,-17.59239,15.35677,856.436,21.874,-20.829,1.13973,0.0288665,-0.0288665,2018-10-24,2018-03
HATS-37 A b,HATS-37 A,2,1,<a refstr=JORD_AACUTE_N_ET_AL__2020 href=https://ui.adsabs.harvard.edu/abs/2020AJ....160..222J/abstract target=ref>Jord&aacute;n et al. 2020</a>,4.3315366,4.1e-06,-4.1e-06,0.0,0.04913,0.00033,-0.00023,0.0,6.792654,0.179344,-0.179344,0.0,0.55,0.24,-0.24,0.0,0.0,,,0.0,229.7,13.8,-10.6,0.0,1085.0,16.0,-12.0,0.0,0,,5326.0,44.0,-44.0,0.0,0.877,0.019,-0.012,0.0,0.843,0.017,-0.012,0.0,0.051,0.029,-0.029,0.0,[Fe/H],13h19m12.44s,199.80183,-22d59m12.64s,-22.9868431,39.43782,311.21577,211.896,2.803,-2.733,4.69166,0.0611808,-0.0611808,2020-08-06,2020-11
HATS-38 b,HATS-38,1,1,<a refstr=JORD_AACUTE_N_ET_AL__2020 href=https://ui.adsabs.harvard.edu/abs/2020AJ....160..222J/abstract target=ref>Jord&aacute;n et al. 2020</a>,4.375021,1e-05,-1e-05,0.0,0.05036,0.0003,-0.00023,0.0,6.882326,0.190553,-0.190553,0.0,0.403,0.071,-0.071,0.0,0.0,,,0.0,464.7,15.0,-15.0,0.0,1294.0,10.0,-10.0,0.0,0,,5732.0,25.0,-25.0,0.0,1.105,0.016,-0.016,0.0,0.89,0.016,-0.012,0.0,-0.102,0.043,-0.043,0.0,[Fe/H],10h17m05.05s,154.2710615,-25d16m34.67s,-25.2762982,25.74431,264.16473,343.525,5.122,-4.976,2.88283,0.0424547,-0.0424547,2020-08-06,2020-11
HATS-47 b,HATS-47,1,1,<a refstr=HARTMAN_ET_AL__2020 href=https://ui.adsabs.harvard.edu/abs/2020AJ....159..173H/abstract target=ref>Hartman et al. 2020</a>,3.9228038,2.2e-06,-2.2e-06,0.0,0.04269,0.00033,-0.00025,0.0,12.520453,0.156926,-0.156926,0.0,0.331,0.027,-0.027,0.0,0.088,,,1.0,87.73,1.94,-1.9,0.0,852.9,4.7,-4.7,0.0,0,,4512.0,19.0,-19.0,0.0,0.6564,0.0055,-0.0055,0.0,0.674,0.016,-0.012,0.0,-0.113,0.035,-0.035,0.0,[Fe/H],19h09m56.26s,287.4844021,-49d39m53.79s,-49.6649424,-23.20563,347.51462,300.67,3.853,-3.759,3.29787,0.0417783,-0.0417783,2020-02-21,2020-04
HATS-48 A b,HATS-48 A,2,1,<a refstr=HARTMAN_ET_AL__2020 href=https://ui.adsabs.harvard.edu/abs/2020AJ....159..173H/abstract target=ref>Hartman et al. 2020</a>,3.1316666,3.7e-06,-3.7e-06,0.0,0.03769,0.00011,-0.00011,0.0,8.9672,0.168135,-0.168135,0.0,0.589,0.067,-0.067,0.0,0.162,,,1.0,137.6,2.8,-2.7,0.0,954.6,4.8,-4.8,0.0,0,,4546.0,23.0,-18.0,0.0,0.7152,0.0038,-0.0038,0.0,0.7279,0.0066,-0.0066,0.0,0.186,0.051,-0.051,0.0,[Fe/H],19h14m41.28s,288.6720048,-59d34m45.66s,-59.5793505,-26.03035,337.02981,263.609,1.669,-1.649,3.76477,0.0236968,-0.0236968,2020-02-21,2020-04
HATS-49 b,HATS-49,1,1,<a refstr=HARTMAN_ET_AL__2020 href=https://ui.adsabs.harvard.edu/abs/2020AJ....159..173H/abstract target=ref>Hartman et al. 2020</a>,4.1480467,3.7e-06,-3.7e-06,0.0,0.04515,0.00016,-0.00016,0.0,8.574885,0.145717,-0.145717,0.0,0.986,0.094,-0.094,0.0,0.071,,,1.0,80.45,1.37,-1.34,0.0,834.8,3.6,-3.6,0.0,0,,4405.0,15.0,-15.0,0.0,0.6977,0.0055,-0.0055,0.0,0.7133,0.0075,-0.0075,0.0,0.208,0.053,-0.053,0.0,[Fe/H],00h26m27.26s,6.6135927,-56d20m39.41s,-56.3442798,-60.44212,309.95254,324.413,2.387,-2.353,3.05372,0.0223514,-0.0223514,2020-02-21,2020-04
HATS-59 b,HATS-59,1,2,<a refstr=SARKIS_ET_AL__2018 href=https://ui.adsabs.harvard.edu/abs/2018AJ....156..216S/abstract target=ref>Sarkis et al. 2018</a>,5.416081,1.6e-05,-1.6e-05,0.0,0.06112,0.00076,-0.00076,0.0,12.621334,0.863093,-0.863093,0.0,0.7,0.16,-0.16,0.0,0.129,0.049,-0.049,0.0,269.0,39.0,-39.0,0.0,1128.0,40.0,-40.0,0.0,0,,5670.0,91.0,-91.0,0.0,1.036,0.067,-0.067,0.0,1.038,0.039,-0.039,0.0,0.18,0.064,-0.064,0.0,[Fe/H],11h21m17.84s,170.324325,-22d23m17.44s,-22.388177,35.90172,276.98925,642.884,13.94,-13.371,1.527,0.0327847,-0.0327847,2018-12-03,2018-11
HATS-60 b,HATS-60,1,1,<a refstr=HARTMAN_ET_AL__2019 href=https://ui.adsabs.harvard.edu/abs/2019AJ....157...55H/abstract target=ref>Hartman et al. 2019</a>,3.560829,3.2e-05,-3.2e-05,0.0,0.04708,0.00015,-0.00023,0.0,12.923977,0.594077,-0.594077,0.0,0.537,0.1,-0.07,0.0,0.191,,,1.0,903.9,27.5,-26.7,0.0,1528.0,11.0,-11.0,0.0,0,,5688.0,20.0,-20.0,0.0,1.46,0.024,-0.024,0.0,1.097,0.01,-0.016,0.0,0.335,0.028,-0.028,0.0,[Fe/H],22h45m27.37s,341.3640336,-14d59m30.39s,-14.9917747,-58.32068,48.99978,486.474,8.584,-8.296,2.02727,0.0353876,-0.0353876,2024-07-12,2019-02
HATS-61 b,HATS-61,1,1,<a refstr=HARTMAN_ET_AL__2019 href=https://ui.adsabs.harvard.edu/abs/2019AJ....157...55H/abstract target=ref>Hartman et al. 2019</a>,7.817953,2.4e-05,-2.4e-05,0.0,0.07908,0.00033,-0.00033,0.0,13.394755,0.751003,-0.751003,0.0,2.47,0.44,-0.44,0.0,0.092,,,1.0,374.2,8.7,-8.5,0.0,1226.1,7.3,-7.3,0.0,0,,5542.0,21.0,-21.0,0.0,1.664,0.024,-0.024,0.0,1.076,0.014,-0.014,0.0,0.247,0.037,-0.037,0.0,[Fe/H],04h06m37.87s,61.6578005,-25d20m58.80s,-25.3496674,-46.47071,222.08862,679.761,8.732,-8.518,1.44214,0.0185269,-0.0185269,2024-07-12,2019-02
HATS-62 b,HATS-62,1,1,<a refstr=HARTMAN_ET_AL__2019 href=https://ui.adsabs.harvard.edu/abs/2019AJ....157...55H/abstract target=ref>Hartman et al. 2019</a>,3.2768837,3.3e-06,-3.3e-06,0.0,0.04163,0.00024,-0.00016,0.0,11.825495,0.280225,-0.280225,0.0,0.076,0.053,-0.053,0.0,0.298,,,1.0,387.4,17.3,-12.3,0.0,1237.0,12.0,-12.0,0.0,0,,5416.0,19.0,-13.0,0.0,0.933,0.019,-0.013,0.0,0.896,0.015,-0.01,0.0,0.133,0.023,-0.023,0.0,[Fe/H],20h49m47.83s,312.4493079,-24d18m12.62s,-24.303506,-36.02854,21.4425,523.067,10.426,-10.033,1.88389,0.0370914,-0.0370914,2024-07-12,2019-02
HATS-63 b,HATS-63,1,1,<a refstr=HARTMAN_ET_AL__2019 href=https://ui.adsabs.harvard.edu/abs/2019AJ....157...55H/abstract target=ref>Hartman et al. 2019</a>,3.0566527,4.9e-06,-4.9e-06,0.0,0.04026,0.00028,-0.00028,0.0,13.529263,0.437151,-0.437151,0.0,0.67,0.11,-0.11,0.0,0.136,,,1.0,634.1,16.3,-15.9,0.0,1398.3,9.0,-9.0,0.0,0,,5627.0,18.0,-18.0,0.0,1.07,0.012,-0.012,0.0,0.931,0.019,-0.019,0.0,0.081,0.038,-0.038,0.0,[Fe/H],04h29m40.46s,67.418582,-28d11m49.97s,-28.1972149,-42.08891,227.5666,623.232,6.092,-5.977,1.5756,0.0154207,-0.0154207,2024-07-12,2019-02
HATS-64 b,HATS-64,1,1,<a refstr=HARTMAN_ET_AL__2019 href=https://ui.adsabs.harvard.edu/abs/2019AJ....157...55H/abstract target=ref>Hartman et al. 2019</a>,4.908897,1.3e-05,-1.3e-05,0.0,0.06562,0.00039,-0.00039,0.0,18.819911,0.907929,-0.907929,0.0,0.245,0.068,-0.05,0.0,0.151,,,1.0,1711.0,106.0,-99.0,0.0,1793.0,27.0,-27.0,0.0,0,,6554.0,27.0,-27.0,0.0,2.113,0.071,-0.071,0.0,1.564,0.028,-0.028,0.0,0.22,0.039,-0.039,0.0,[Fe/H],09h37m09.03s,144.2876092,-29d48m01.60s,-29.800444,16.52291,260.19288,1080.15,42.25,-39.24,0.897203,0.0346491,-0.0346491,2024-07-12,2019-02
HATS-65 b,HATS-65,2,1,<a refstr=HARTMAN_ET_AL__2019 href=https://ui.adsabs.harvard.edu/abs/2019AJ....157...55H/abstract target=ref>Hartman et al. 2019</a>,3.105161,1.6e-06,-1.6e-06,0.0,0.04497,0.00033,-0.00033,0.0,16.824709,0.56045,-0.56045,0.0,0.3,0.039,-0.039,0.0,0.062,,,1.0,1178.0,53.0,-50.0,0.0,1634.0,18.0,-18.0,0.0,0,,6277.0,30.0,-30.0,0.0,1.31,0.027,-0.027,0.0,1.257,0.028,-0.028,0.0,0.199,0.055,-0.055,0.0,[Fe/H],19h31m45.55s,292.9397825,-26d44m24.73s,-26.7402021,-20.13798,12.40758,493.32,12.619,-12.015,2.00024,0.050182,-0.050182,2024-07-12,2019-02
HATS-66 b,HATS-66,1,1,<a refstr=HARTMAN_ET_AL__2019 href=https://ui.adsabs.harvard.edu/abs/2019AJ....157...55H/abstract target=ref>Hartman et al. 2019</a>,3.1414391,7.4e-06,-7.4e-06,0.0,0.04714,0.00025,-0.00025,0.0,15.815899,0.941556,-0.941556,0.0,2.34,0.56,-0.43,0.0,0.064,,,1.0,2637.0,118.0,-113.0,0.0,1998.0,21.0,-21.0,0.0,0,,6626.0,35.0,-35.0,0.0,1.841,0.041,-0.041,0.0,1.411,0.022,-0.022,0.0,-0.017,0.043,-0.043,0.0,[Fe/H],06h45m34.75s,101.3948048,-33d52m54.09s,-33.8816918,-15.84807,243.30951,1477.98,36.6,-34.9,0.647617,0.0162429,-0.0162429,2024-07-12,2019-02
HATS-67 b,HATS-67,1,1,<a refstr=HARTMAN_ET_AL__2019 href=https://ui.adsabs.harvard.edu/abs/2019AJ....157...55H/abstract target=ref>Hartman et al. 2019</a>,1.6091788,4e-06,-4e-06,0.0,0.03032,0.00015,-0.00015,0.0,18.887165,0.526823,-0.526823,0.0,0.374,0.047,-0.047,0.0,0.057,,,1.0,3821.0,153.0,-147.0,0.0,2193.0,22.0,-22.0,0.0,0,,6594.0,33.0,-33.0,0.0,1.441,0.026,-0.026,0.0,1.435,0.021,-0.021,0.0,0.332,0.052,-0.052,0.0,[Fe/H],12h00m50.11s,180.2087883,-46d08m11.11s,-46.1364201,15.84163,293.85557,960.109,24.025,-22.9,1.0131,0.0252505,-0.0252505,2024-07-12,2019-02
HATS-68 b,HATS-68,1,1,<a refstr=HARTMAN_ET_AL__2019 href=https://ui.adsabs.harvard.edu/abs/2019AJ....157...55H/abstract target=ref>Hartman et al. 2019</a>,3.5862202,4.7e-06,-4.7e-06,0.0,0.05071,0.00018,-0.00018,0.0,13.809488,0.437151,-0.325061,0.0,0.856,0.083,-0.083,0.0,0.036,,,1.0,1521.0,43.0,-41.0,0.0,1741.0,12.0,-12.0,0.0,0,,6147.0,22.0,-22.0,0.0,1.748,0.026,-0.026,0.0,1.351,0.014,-0.014,0.0,0.21,0.043,-0.043,0.0,[Fe/H],01h00m01.46s,15.006077,-58d54m17.01s,-58.9047242,-58.18845,300.82877,603.955,10.371,-10.034,1.62712,0.0277561,-0.0277561,2024-07-12,2019-02
HATS-69 b,HATS-69,1,1,<a refstr=HARTMAN_ET_AL__2019 href=https://ui.adsabs.harvard.edu/abs/2019AJ....157...55H/abstract target=ref>Hartman et al. 2019</a>,2.2252577,1.9e-06,-1.9e-06,0.0,0.03211,0.00014,-0.00019,0.0,10.592505,0.246598,-0.246598,0.0,0.46,0.25,-0.25,0.0,0.519,,,1.0,466.6,10.0,-9.8,0.0,1295.7,6.9,-6.9,0.0,0,,5137.0,16.0,-16.0,0.0,0.8785,0.0077,-0.0077,0.0,0.892,0.011,-0.016,0.0,0.377,0.034,-0.034,0.0,[Fe/H],19h17m11.38s,289.2974275,-60d53m30.34s,-60.8917599,-26.54746,335.64057,414.537,3.545,-3.487,2.38362,0.0203065,-0.0203065,2024-07-12,2019-02
HATS-70 b,HATS-70,1,1,<a refstr=ZHOU_ET_AL__2019 href=https://ui.adsabs.harvard.edu/abs/2019AJ....157...31Z/abstract target=ref>Zhou et al. 2019</a>,1.8882378,1.5e-06,-1.5e-06,0.0,0.03632,0.00074,-0.00087,0.0,15.513256,0.885511,-0.829466,0.0,6.64,1.6,-1.3,0.0,0.18,,,1.0,9110.0,170.0,-170.0,0.0,2730.0,140.0,-160.0,0.0,0,,7930.0,630.0,-820.0,0.0,1.881,0.059,-0.066,0.0,1.78,0.12,-0.12,0.0,0.041,0.095,-0.107,0.0,[Fe/H],07h16m25.09s,109.1045212,-31d14m39.82s,-31.2443947,-8.84384,243.60243,1458.83,68.6,-62.81,0.657918,0.0305828,-0.0305828,2019-12-02,2019-01
HATS-72 b,HATS-72,1,1,<a refstr=HARTMAN_ET_AL__2020 href=https://ui.adsabs.harvard.edu/abs/2020AJ....159..173H/abstract target=ref>Hartman et al. 2020</a>,7.3279474,1.6e-06,-1.6e-06,0.0,0.066517,8.5e-05,-8.5e-05,0.0,8.0973816,0.0358688,-0.0358688,0.0,0.411,0.015,-0.01,0.0,0.013,,,1.0,49.58,0.44,-0.43,0.0,739.3,1.6,-1.6,0.0,0,,4656.1,8.9,-8.9,0.0,0.7214,0.0021,-0.0021,0.0,0.7311,0.0028,-0.0028,0.0,0.099,0.014,-0.014,0.0,[Fe/H],22h36m06.20s,339.0258401,-17d00m01.10s,-17.0003046,-57.17082,43.77685,127.589,0.614,-0.609,7.809,0.0372917,-0.0372917,2020-02-21,2020-04
HATS-74 A b,HATS-74 A,2,1,<a refstr=JORD_AACUTE_N_ET_AL__2022 href=https://ui.adsabs.harvard.edu/abs/2022AJ....163..125J/abstract target=ref>Jord&aacute;n et al. 2022</a>,1.73185606,5.5e-07,-5.5e-07,0.0,0.02384,0.00011,-0.00011,0.0,11.56766808,0.23538859,-0.23538859,0.0,1.64,0.19,-0.19,0.0,0.044,,,1.0,106.9,2.709,-2.709,0.0,895.1,5.7,-5.7,0.0,0,,3776.9,9.5,-9.5,0.0,0.5758,0.0055,-0.0055,0.0,0.601,0.008,-0.008,0.0,0.514,0.033,-0.021,0.0,[Fe/H],11h24m03.55s,171.0147921,-19d33m25.05s,-19.5569588,38.74006,276.21878,299.389,7.188,-6.865,3.31365,0.0777509,-0.0777509,2021-12-13,2022-03
HATS-75 b,HATS-75,1,1,<a refstr=JORD_AACUTE_N_ET_AL__2022 href=https://ui.adsabs.harvard.edu/abs/2022AJ....163..125J/abstract target=ref>Jord&aacute;n et al. 2022</a>,2.7886556,1.1e-06,-1.1e-06,0.0,0.032742,0.000134,-9.9e-05,0.0,9.90873894,0.14571675,-0.14571675,0.0,0.878,0.084,-0.084,0.0,0.064,,,1.0,59.26,0.6959,-0.6959,0.0,772.3,2.3,-2.3,0.0,0,,3790.4,5.7,-5.7,0.0,0.5848,0.0026,-0.0026,0.0,0.6017,0.0074,-0.0055,0.0,0.522,0.051,-0.028,0.0,[Fe/H],04h03m47.85s,60.9493919,-25d24m32.12s,-25.4089214,-47.10702,221.9558,194.964,1.125,-1.111,5.10038,0.0291948,-0.0291948,2021-12-13,2022-03
HATS-76 b,HATS-76,1,1,<a refstr=JORD_AACUTE_N_ET_AL__2022 href=https://ui.adsabs.harvard.edu/abs/2022AJ....163..125J/abstract target=ref>Jord&aacute;n et al. 2022</a>,1.9416423,1.4e-06,-1.4e-06,0.0,0.02658,0.00021,-0.00029,0.0,12.09449018,0.3474784,-0.3474784,0.0,2.58,0.23,-0.23,0.0,0.062,,,1.0,129.8,3.585,-3.585,0.0,939.8,6.7,-6.7,0.0,0,,4016.0,17.0,-17.0,0.0,0.6259,0.0079,-0.0079,0.0,0.662,0.016,-0.021,0.0,0.322,0.065,-0.049,0.0,[Fe/H],04h41m21.54s,70.3397665,-32d19m13.50s,-32.3204175,-40.39974,233.59134,385.689,5.7415,-5.7415,2.56435,0.0383035,-0.0383035,2021-12-13,2022-03
HATS-77 b,HATS-77,1,1,<a refstr=JORD_AACUTE_N_ET_AL__2022 href=https://ui.adsabs.harvard.edu/abs/2022AJ....163..125J/abstract target=ref>Jord&aacute;n et al. 2022</a>,3.0876262,1.6e-06,-1.6e-06,0.0,0.03607,0.00025,-0.00025,0.0,13.05846252,0.23538859,-0.23538859,0.0,1.077,0.112,-0.081,0.0,0.045,,,1.0,78.37,2.165,-2.165,0.0,828.3,5.9,-5.9,0.0,0,,4071.0,13.0,-13.0,0.0,0.6428,0.0066,-0.0066,0.0,0.655,0.014,-0.014,0.0,0.253,0.039,-0.039,0.0,[Fe/H],09h59m17.68s,149.8236672,-27d23m34.14s,-27.3928174,21.57897,262.26931,436.176,10.91,-10.4,2.26534,0.0555505,-0.0555505,2021-12-13,2022-03
HD 110113 b,HD 110113,1,2,<a refstr=OSBORN_ET_AL__2021 href=https://ui.adsabs.harvard.edu/abs/2021MNRAS.502.4842O/abstract target=ref>Osborn et al. 2021</a>,2.541,0.0005,-0.001,0.0,0.035,0.001,-0.001,0.0,2.05,0.12,-0.12,0.0,2.9,0.75,-0.59,0.0,0.093,0.079,-0.064,0.0,735.49,29.39,-29.39,0.0,1371.0,14.0,-14.0,0.0,0,G,5732.0,50.0,-50.0,0.0,0.968,0.018,-0.018,0.0,0.997,0.06,-0.06,0.0,0.14,0.02,-0.02,0.0,[Fe/H],12h40m08.78s,190.0365636,-44d18m43.48s,-44.3120777,18.51297,300.80214,106.307,0.724,-0.715,9.37852,0.0631841,-0.0631841,2021-02-05,2021-04
HD 118203 b,HD 118203,1,2,<a refstr=CASTRO_GONZ_AACUTE_LEZ_ET_AL__2024 href=https://ui.adsabs.harvard.edu/abs/2024arXiv240117272C/abstract target=ref>Castro-Gonz&aacute;lez et al. 2024</a>,6.1349847,2e-06,-2e-06,0.0,0.08635,0.00057,-0.00057,0.0,12.06086323,0.39231432,-0.39231432,0.0,2.27,0.23,-0.23,0.0,0.316,0.02,-0.02,0.0,593.4,8.2,-8.2,0.0,1360.0,23.0,-23.0,0.0,0,,5872.0,20.0,-20.0,0.0,1.993,0.065,-0.065,0.0,1.353,0.006,-0.006,0.0,0.27,0.02,-0.02,0.0,[Fe/H],13h34m02.39s,203.509956,+53d43m41.48s,53.7281876,62.26188,109.34478,92.2589,0.2364,-0.2352,10.8102,0.0274972,-0.0274972,2024-02-05,2024-01
HD 118203 b,HD 118203,1,2,<a refstr=PEPPER_ET_AL__2020 href=https://ui.adsabs.harvard.edu/abs/2020AJ....159..243P/abstract target=ref>Pepper et al. 2020</a>,6.134985,2.9e-05,-3e-05,0.0,0.07071,0.00099,-0.0011,0.0,12.73340208,0.32506044,-0.31385146,0.0,1.83,0.12,-0.12,0.0,0.314,0.017,-0.017,0.0,755.3,51.0,-48.0,0.0,1494.0,25.0,-25.0,0.0,0,,5683.0,84.0,-85.0,0.0,2.102,0.052,-0.051,0.0,1.251,0.053,-0.059,0.0,0.223,0.076,-0.076,0.0,[Fe/H],13h34m02.39s,203.509956,+53d43m41.48s,53.7281876,62.26188,109.34478,92.2589,0.2364,-0.2352,10.8102,0.0274972,-0.0274972,2024-02-05,2020-06
HD 135694 b,HD 135694,1,1,<a refstr=AKANA_MURPHY_ET_AL__2023 href=https://ui.adsabs.harvard.edu/abs/2023AJ....166..153A/abstract target=ref>Akana Murphy et al. 2023</a>,15.92346,2e-05,-2e-05,0.0,0.12,0.003,-0.003,0.0,2.51,0.14,-0.14,0.0,2.0,0.8,-0.8,0.0,0.42,,,1.0,73.7,9.9,-9.9,0.0,815.0,27.0,-27.0,0.0,0,,5710.0,110.0,-110.0,0.0,1.05,0.05,-0.05,0.0,0.9,0.06,-0.06,0.0,-0.21,0.09,-0.09,0.0,[Fe/H],15h11m28.29s,227.8678636,+71d50m28.67s,71.8412965,41.33459,109.1566,73.8713,0.1439,-0.1434,13.5082,0.0261256,-0.0261256,2024-07-12,2023-10
HD 136352 b,HD 136352,1,3,<a refstr=KANE_ET_AL__2020 href=https://ui.adsabs.harvard.edu/abs/2020AJ....160..129K/abstract target=ref>Kane et al. 2020</a>,11.57779,0.00091,-0.0011,0.0,0.0969,0.0019,-0.0017,0.0,1.482,0.058,-0.056,0.0,7.8,1.2,-1.1,0.0,0.079,0.068,-0.053,0.0,114.0,10.0,-9.0,0.0,911.0,18.0,-18.0,0.0,0,,5850.0,100.0,-100.0,0.0,1.012,0.018,-0.018,0.0,0.906,0.055,-0.047,0.0,-0.25,0.12,-0.12,0.0,[Fe/H],15h21m45.63s,230.4401147,-48d19m07.74s,-48.3188174,7.38103,327.07069,14.682,0.0199,-0.0198,68.0818,0.0914699,-0.0914699,2020-12-10,2020-09
HD 136352 b,HD 136352,1,3,<a refstr=DELREZ_ET_AL__2021 href=https://ui.adsabs.harvard.edu/abs/2021NatAs.tmp..106D/abstract target=ref>Delrez et al. 2021</a>,11.57797,8e-05,-0.00013,0.0,0.0964,0.0028,-0.0028,0.0,1.664,0.043,-0.043,0.0,5.623888,0.71677,-0.661634,0.0,0.0,,,0.0,111.6,7.3,-6.8,0.0,905.0,14.0,-14.0,0.0,0,,5664.0,61.0,-61.0,0.0,1.058,0.019,-0.019,0.0,0.87,0.04,-0.04,0.0,-0.24,0.05,-0.05,0.0,[M/H],15h21m45.63s,230.4401147,-48d19m07.74s,-48.3188174,7.38103,327.07069,14.682,0.0199,-0.0198,68.0818,0.0914699,-0.0914699,2021-08-09,2021-06
HD 136352 c,HD 136352,1,3,<a refstr=KANE_ET_AL__2020 href=https://ui.adsabs.harvard.edu/abs/2020AJ....160..129K/abstract target=ref>Kane et al. 2020</a>,27.5909,0.0028,-0.0031,0.0,0.1729,0.0034,-0.003,0.0,2.608,0.078,-0.077,0.0,3.5,0.41,-0.36,0.0,0.037,0.039,-0.026,0.0,36.0,3.0,-3.0,0.0,682.0,14.0,-13.0,0.0,0,,5850.0,100.0,-100.0,0.0,1.012,0.018,-0.018,0.0,0.906,0.055,-0.047,0.0,-0.25,0.12,-0.12,0.0,[Fe/H],15h21m45.63s,230.4401147,-48d19m07.74s,-48.3188174,7.38103,327.07069,14.682,0.0199,-0.0198,68.0818,0.0914699,-0.0914699,2020-12-10,2020-09
HD 136352 c,HD 136352,1,3,<a refstr=DELREZ_ET_AL__2021 href=https://ui.adsabs.harvard.edu/abs/2021NatAs.tmp..106D/abstract target=ref>Delrez et al. 2021</a>,27.59221,0.00011,-0.00011,0.0,0.1721,0.005,-0.005,0.0,2.916,0.075,-0.073,0.0,2.497668,0.248113,-0.226058,0.0,0.0,,,0.0,35.1,2.3,-2.1,0.0,677.0,11.0,-11.0,0.0,0,,5664.0,61.0,-61.0,0.0,1.058,0.019,-0.019,0.0,0.87,0.04,-0.04,0.0,-0.24,0.05,-0.05,0.0,[M/H],15h21m45.63s,230.4401147,-48d19m07.74s,-48.3188174,7.38103,327.07069,14.682,0.0199,-0.0198,68.0818,0.0914699,-0.0914699,2021-08-09,2021-06
HD 136352 d,HD 136352,1,3,<a refstr=DELREZ_ET_AL__2021 href=https://ui.adsabs.harvard.edu/abs/2021NatAs.tmp..106D/abstract target=ref>Delrez et al. 2021</a>,107.245,0.05,-0.05,0.0,0.425,0.012,-0.012,0.0,2.562,0.088,-0.079,0.0,2.878108,0.430062,-0.39698,0.0,0.0,,,0.0,5.74,0.38,-0.35,0.0,431.0,7.0,-7.0,0.0,0,,5664.0,61.0,-61.0,0.0,1.058,0.019,-0.019,0.0,0.87,0.04,-0.04,0.0,-0.24,0.05,-0.05,0.0,[M/H],15h21m45.63s,230.4401147,-48d19m07.74s,-48.3188174,7.38103,327.07069,14.682,0.0199,-0.0198,68.0818,0.0914699,-0.0914699,2021-08-09,2021-06
HD 1397 b,HD 1397,1,1,<a refstr=NIELSEN_ET_AL__2019 href=https://ui.adsabs.harvard.edu/abs/2019A&A...623A.100N/abstract target=ref>Nielsen et al. 2019</a>,11.53533,0.00079,-0.0008,0.0,0.1097,0.0011,-0.0013,0.0,11.500434,0.280225,-0.302643,0.0,0.477,0.043,-0.038,0.0,0.251,0.02,-0.019,0.0,356.0,12.0,-12.0,0.0,1228.3,10.0,-9.9,0.0,0,,5521.0,60.0,-60.0,0.0,2.336,0.052,-0.059,0.0,1.324,0.042,-0.046,0.0,0.29,0.09,-0.09,0.0,[Fe/H],00h17m47.32s,4.4471631,-66d21m32.14s,-66.3589285,-50.42274,308.21517,79.5702,0.1738,-0.1731,12.5386,0.0271885,-0.0271885,2019-07-19,2019-03
HD 183579 b,HD 183579,1,1,<a refstr=PALATNICK_ET_AL__2021 href=https://ui.adsabs.harvard.edu/abs/2021ApJ...909L...6P/abstract target=ref>Palatnick et al. 2021</a>,17.471278,5.8e-05,-6e-05,0.0,0.1334,0.0062,-0.0061,0.0,3.55,0.15,-0.12,0.0,2.39,0.57,-0.54,0.0,0.28,,,1.0,58.1,5.3,-3.9,0.0,769.0,17.0,-13.0,0.0,0,,5788.0,44.0,-44.0,0.0,0.985,0.037,-0.026,0.0,1.031,0.025,-0.026,0.0,-0.023,0.05,-0.05,0.0,[Fe/H],19h33m08.79s,293.2866147,-54d31m57.82s,-54.5327284,-27.69962,343.06161,57.2651,0.1875,-0.1864,17.434,0.0565783,-0.0565783,2024-07-12,2021-03
HD 18599 b,HD 18599,2,1,<a refstr=VINES_ET_AL__2022 href=https://ui.adsabs.harvard.edu/abs/2022MNRAS.tmp.2722V/abstract target=ref>Vines et al. 2022</a>,4.137437,4e-06,-4e-06,0.0,0.05,0.02,-0.02,0.0,2.7,0.05,-0.05,0.0,7.1,1.4,-1.4,0.0,0.2,0.1,-0.2,0.0,145.0,16.0,-12.0,0.0,863.0,21.0,-18.0,0.0,0,,5083.0,23.0,-23.0,0.0,0.798,0.006,-0.007,0.0,0.807,0.019,-0.007,0.0,-0.05,0.04,-0.04,0.0,[Fe/H],02h57m02.88s,44.2620144,-56d11m30.73s,-56.1918694,-53.27814,273.92807,38.5653,0.0366,-0.0366,25.9011,0.0244246,-0.0244246,2022-11-07,2022-10
HD 189733 b,HD 189733,2,1,<a refstr=ADDISON_ET_AL__2019 href=https://ui.adsabs.harvard.edu/abs/2019PASP..131k5003A/abstract target=ref>Addison et al. 2019</a>,2.218577,9e-06,-1e-05,0.0,0.03106,0.00051,-0.00049,0.0,12.542871,0.425942,-0.425942,0.0,1.031,0.106,-0.09,0.0,,,,,356.0,13.0,-12.0,0.0,1209.0,11.0,-11.0,0.0,0,,5050.0,20.0,-20.0,0.0,0.765,0.019,-0.018,0.0,0.812,0.041,-0.038,0.0,-0.03,0.1,-0.1,0.0,[Fe/H],20h00m43.71s,300.1821223,+22d42m35.19s,22.7097759,-3.92282,60.96214,19.7638,0.0128,-0.0127,50.5685,0.032338,-0.032338,2019-09-20,2019-11
HD 191939 b,HD 191939,1,6,<a refstr=ORELL_MIQUEL_ET_AL__2022 href=https://ui.adsabs.harvard.edu/abs/2022arXiv221100667O/abstract target=ref>Orell-Miquel et al. 2022</a>,8.8803256,4.7e-06,-4.7e-06,0.0,0.0804,0.0025,-0.0023,0.0,3.41,0.075,-0.075,0.0,1.4,0.15,-0.13,0.0,0.031,0.01,-0.011,0.0,100.0,7.0,-7.0,0.0,880.0,20.0,-20.0,0.0,0,G9 V,5348.0,100.0,-100.0,0.0,0.94,0.02,-0.02,0.0,0.81,0.04,-0.04,0.0,-0.15,0.06,-0.06,0.0,[Fe/H],20h08m06.15s,302.0256247,+66d51m01.09s,66.8503014,17.72195,99.98716,53.6089,0.0733,-0.0731,18.6247,0.0252827,-0.0252827,2022-11-14,2022-11
HD 191939 c,HD 191939,1,6,<a refstr=ORELL_MIQUEL_ET_AL__2022 href=https://ui.adsabs.harvard.edu/abs/2022arXiv221100667O/abstract target=ref>Orell-Miquel et al. 2022</a>,28.579743,4.5e-05,-4.5e-05,0.0,0.1752,0.0055,-0.005,0.0,3.195,0.075,-0.075,0.0,1.35,0.2,-0.2,0.0,0.034,0.034,-0.013,0.0,21.0,1.4,-1.4,0.0,600.0,13.0,-13.0,0.0,0,G9 V,5348.0,100.0,-100.0,0.0,0.94,0.02,-0.02,0.0,0.81,0.04,-0.04,0.0,-0.15,0.06,-0.06,0.0,[Fe/H],20h08m06.15s,302.0256247,+66d51m01.09s,66.8503014,17.72195,99.98716,53.6089,0.0733,-0.0731,18.6247,0.0252827,-0.0252827,2022-11-14,2022-11
HD 191939 d,HD 191939,1,6,<a refstr=ORELL_MIQUEL_ET_AL__2022 href=https://ui.adsabs.harvard.edu/abs/2022arXiv221100667O/abstract target=ref>Orell-Miquel et al. 2022</a>,38.353037,6e-05,-6e-05,0.0,0.2132,0.0065,-0.0061,0.0,2.995,0.07,-0.07,0.0,0.57,0.13,-0.13,0.0,0.031,0.018,-0.012,0.0,14.3,1.0,-1.0,0.0,540.0,11.0,-11.0,0.0,0,G9 V,5348.0,100.0,-100.0,0.0,0.94,0.02,-0.02,0.0,0.81,0.04,-0.04,0.0,-0.15,0.06,-0.06,0.0,[Fe/H],20h08m06.15s,302.0256247,+66d51m01.09s,66.8503014,17.72195,99.98716,53.6089,0.0733,-0.0731,18.6247,0.0252827,-0.0252827,2022-11-14,2022-11
HD 202772 A b,HD 202772 A,2,1,<a refstr=WANG_ET_AL__2019 href=https://ui.adsabs.harvard.edu/abs/2019AJ....157...51W/abstract target=ref>Wang et al. 2019</a>,3.308958,8.3e-05,-8.3e-05,0.0,0.05208,0.00064,-0.00068,0.0,17.317905,0.582868,-0.67254,0.0,0.343,0.043,-0.035,0.0,0.038,0.042,-0.027,0.0,3440.0,184.0,-191.0,0.0,2132.0,28.0,-30.0,0.0,0,,6272.0,77.0,-71.0,0.0,2.591,0.078,-0.093,0.0,1.72,0.064,-0.066,0.0,0.3,0.06,-0.06,0.0,[Fe/H],21h18m47.90s,319.6995877,-26d36m58.95s,-26.6163743,-42.95001,20.76224,161.498,2.459,-2.388,6.16554,0.0921935,-0.0921935,2019-01-28,2019-02
HD 20329 b,HD 20329,1,1,<a refstr=MURGAS_ET_AL__2022 href=https://ui.adsabs.harvard.edu/abs/2022arXiv221102547M/abstract target=ref>Murgas et al. 2022</a>,0.926118,5e-05,-4.3e-05,0.0,0.018,0.0003,-0.0003,0.0,1.72,0.07,-0.07,0.0,8.06,1.53,-1.53,0.0,0.0,,,0.0,3474.0,124.0,-124.0,0.0,2141.0,27.0,-27.0,0.0,0,,5596.0,50.0,-50.0,0.0,1.13,0.02,-0.02,0.0,0.9,0.05,-0.05,0.0,-0.07,0.06,-0.06,0.0,[Fe/H],03h16m42.75s,49.178124,+15d39m22.88s,15.6563542,-34.57149,166.76827,63.6796,0.2863,-0.2838,15.6752,0.0697719,-0.0697719,2022-11-29,2022-11
HD 207496 b,HD 207496,1,1,<a refstr=BARROS_ET_AL__2023 href=https://ui.adsabs.harvard.edu/abs/2023A&A...673A...4B/abstract target=ref>Barros et al. 2023</a>,6.441008,1.1e-05,-1.1e-05,0.0,0.0629,0.0011,-0.0011,0.0,2.25,0.12,-0.1,0.0,3.17,0.97,-0.91,0.0,0.231,0.042,-0.049,0.0,72.9,8.5,-7.5,0.0,743.0,26.0,-26.0,0.0,0,K2.5 V,4819.0,94.0,-94.0,0.0,0.769,0.026,-0.026,0.0,0.8,0.04,-0.04,0.0,0.095,0.038,-0.038,0.0,[Fe/H],21h54m52.36s,328.7181708,-77d20m19.69s,-77.3388025,-35.79483,313.77934,23.606,0.0179,-0.0179,42.3332,0.0318252,-0.0318252,2023-05-26,2023-05
HD 207897 b,HD 207897,1,1,<a refstr=HEIDARI_ET_AL__2022 href=https://ui.adsabs.harvard.edu/abs/2022A&A...658A.176H/abstract target=ref>Heidari et al. 2022</a>,16.202159,8.5e-05,-8.3e-05,0.0,0.1163,0.0017,-0.0015,0.0,2.501,0.082,-0.078,0.0,5.05,0.77,-0.69,0.0,0.047,0.057,-0.033,0.0,26.5,1.4,-1.2,0.0,632.2,8.1,-7.0,0.0,0,K0 V,5070.0,60.0,-57.0,0.0,0.779,0.019,-0.018,0.0,0.8,0.036,-0.03,0.0,-0.042,0.038,-0.041,0.0,[Fe/H],21h40m48.39s,325.2016451,+84d20m01.54s,84.3337613,23.23912,118.37663,28.2938,0.0312,-0.0312,35.3146,0.0386907,-0.0386907,2021-11-18,2022-02
HD 219134 b,HD 219134,1,6,<a refstr=GILLON_ET_AL__2017 href=https://ui.adsabs.harvard.edu/abs/2017NatAs...1E..56G/abstract target=ref>Gillon et al. 2017</a>,3.092926,1e-05,-1e-05,0.0,0.03876,0.00047,-0.00047,0.0,1.602,0.055,-0.055,0.0,6.34,0.72,-0.72,0.0,0.0,,,0.0,176.2,5.5,-5.5,0.0,1015.0,8.0,-8.0,0.0,0,,4699.0,16.0,-16.0,0.0,0.778,0.005,-0.005,0.0,0.81,0.03,-0.03,0.0,0.11,0.04,-0.04,0.0,[Fe/H],23h13m20.93s,348.3372026,+57d10m10.65s,57.1696255,-3.20073,109.90724,6.53127,0.00384,-0.00385,153.081,0.0895024,-0.0895024,2017-03-14,2017-03
HD 219134 c,HD 219134,1,6,<a refstr=GILLON_ET_AL__2017 href=https://ui.adsabs.harvard.edu/abs/2017NatAs...1E..56G/abstract target=ref>Gillon et al. 2017</a>,6.76458,0.00033,-0.00033,0.0,0.0653,0.0008,-0.0008,0.0,1.511,0.047,-0.047,0.0,6.95,0.77,-0.77,0.0,0.062,0.039,-0.039,0.0,62.1,1.9,-1.9,0.0,782.0,6.0,-6.0,0.0,0,,4699.0,16.0,-16.0,0.0,0.778,0.005,-0.005,0.0,0.81,0.03,-0.03,0.0,0.11,0.04,-0.04,0.0,[Fe/H],23h13m20.93s,348.3372026,+57d10m10.65s,57.1696255,-3.20073,109.90724,6.53127,0.00384,-0.00385,153.081,0.0895024,-0.0895024,2017-03-14,2017-03
HD 22946 d,HD 22946,1,3,<a refstr=GARAI_ET_AL__2023 href=https://ui.adsabs.harvard.edu/abs/2023A&A...674A..44G/abstract target=ref>Garai et al. 2023</a>,47.42489,0.0001,-0.00011,0.0,0.2958,0.0044,-0.0042,0.0,2.607,0.06,-0.06,0.0,10.8,,,1.0,,,,,18.561,0.8935,-0.8699,0.0,546.0,6.0,-6.0,0.0,0,,6169.0,64.0,-64.0,0.0,1.117,0.009,-0.009,0.0,1.098,0.04,-0.039,0.0,-0.08,0.04,-0.04,0.0,[Fe/H],03h39m16.69s,54.819538,-42d45m46.90s,-42.7630276,-52.70009,248.83207,62.7792,0.1161,-0.1156,15.8999,0.0291804,-0.0291804,2023-07-10,2023-06
HD 23472 b,HD 23472,1,5,<a refstr=BARROS_ET_AL__2022 href=https://ui.adsabs.harvard.edu/abs/2022arXiv220913345B/abstract target=ref>Barros et al. 2022</a>,17.667087,4.2e-05,-4.2e-05,0.0,0.1162,0.0018,-0.0018,0.0,2.0,0.11,-0.1,0.0,6.15,1.2,-1.0,0.0,0.072,0.039,-0.04,0.0,16.0,1.8,-1.6,0.0,543.0,18.0,-18.0,0.0,0,K4 V,4684.0,99.0,-99.0,0.0,0.71,0.02,-0.02,0.0,0.67,0.03,-0.03,0.0,-0.2,0.05,-0.05,0.0,[Fe/H],03h41m50.17s,55.4590314,-62d46m02.16s,-62.7672667,-44.84798,277.0269,39.0341,0.0401,-0.04,25.5897,0.0260766,-0.0260766,2022-10-03,2022-09
HD 23472 c,HD 23472,1,5,<a refstr=BARROS_ET_AL__2022 href=https://ui.adsabs.harvard.edu/abs/2022arXiv220913345B/abstract target=ref>Barros et al. 2022</a>,29.79749,0.00013,-0.00014,0.0,0.1646,0.0024,-0.0024,0.0,1.87,0.12,-0.11,0.0,3.1,1.0,-0.84,0.0,0.063,0.054,-0.043,0.0,7.96,0.87,-0.78,0.0,467.0,19.0,-18.0,0.0,0,K4 V,4684.0,99.0,-99.0,0.0,0.71,0.02,-0.02,0.0,0.67,0.03,-0.03,0.0,-0.2,0.05,-0.05,0.0,[Fe/H],03h41m50.17s,55.4590314,-62d46m02.16s,-62.7672667,-44.84798,277.0269,39.0341,0.0401,-0.04,25.5897,0.0260766,-0.0260766,2022-10-03,2022-09
HD 23472 d,HD 23472,1,5,<a refstr=BARROS_ET_AL__2022 href=https://ui.adsabs.harvard.edu/abs/2022arXiv220913345B/abstract target=ref>Barros et al. 2022</a>,3.97664,3e-05,-4.4e-05,0.0,0.04298,0.00063,-0.00065,0.0,0.75,0.067,-0.057,0.0,7.5,3.9,-3.1,0.0,0.07,0.05,-0.047,0.0,117.0,13.0,-11.0,0.0,909.0,35.0,-32.0,0.0,0,K4 V,4684.0,99.0,-99.0,0.0,0.71,0.02,-0.02,0.0,0.67,0.03,-0.03,0.0,-0.2,0.05,-0.05,0.0,[Fe/H],03h41m50.17s,55.4590314,-62d46m02.16s,-62.7672667,-44.84798,277.0269,39.0341,0.0401,-0.04,25.5897,0.0260766,-0.0260766,2022-10-03,2022-09
HD 23472 e,HD 23472,1,5,<a refstr=BARROS_ET_AL__2022 href=https://ui.adsabs.harvard.edu/abs/2022arXiv220913345B/abstract target=ref>Barros et al. 2022</a>,7.90754,0.00011,-0.00011,0.0,0.068,0.001,-0.001,0.0,0.818,0.08,-0.065,0.0,7.5,3.9,-3.0,0.0,0.07,0.052,-0.047,0.0,46.7,5.1,-4.6,0.0,723.0,28.0,-25.0,0.0,0,K4 V,4684.0,99.0,-99.0,0.0,0.71,0.02,-0.02,0.0,0.67,0.03,-0.03,0.0,-0.2,0.05,-0.05,0.0,[Fe/H],03h41m50.17s,55.4590314,-62d46m02.16s,-62.7672667,-44.84798,277.0269,39.0341,0.0401,-0.04,25.5897,0.0260766,-0.0260766,2022-10-03,2022-09
HD 23472 f,HD 23472,1,5,<a refstr=BARROS_ET_AL__2022 href=https://ui.adsabs.harvard.edu/abs/2022arXiv220913345B/abstract target=ref>Barros et al. 2022</a>,12.1621839,0.00012,-9.9e-05,0.0,0.0906,0.0014,-0.0014,0.0,1.137,0.084,-0.077,0.0,3.0,2.0,-1.6,0.0,0.07,0.048,-0.051,0.0,26.3,2.9,-2.6,0.0,630.0,27.0,-23.0,0.0,0,K4 V,4684.0,99.0,-99.0,0.0,0.71,0.02,-0.02,0.0,0.67,0.03,-0.03,0.0,-0.2,0.05,-0.05,0.0,[Fe/H],03h41m50.17s,55.4590314,-62d46m02.16s,-62.7672667,-44.84798,277.0269,39.0341,0.0401,-0.04,25.5897,0.0260766,-0.0260766,2022-10-03,2022-09
HD 25463 b,HD 25463,1,2,<a refstr=AKANA_MURPHY_ET_AL__2023 href=https://ui.adsabs.harvard.edu/abs/2023AJ....166..153A/abstract target=ref>Akana Murphy et al. 2023</a>,7.049144,9e-06,-9e-06,0.0,0.076,0.002,-0.002,0.0,2.62,0.16,-0.16,0.0,2.6,1.1,-1.1,0.0,0.0,,,0.0,461.4,58.7,-58.7,0.0,1290.0,41.0,-41.0,0.0,0,,6220.0,110.0,-110.0,0.0,1.41,0.07,-0.07,0.0,1.19,0.07,-0.07,0.0,-0.2,0.09,-0.09,0.0,[Fe/H],04h02m59.60s,60.7483361,+09d12m27.96s,9.2077676,-31.07407,181.68887,45.6181,0.1254,-0.1247,21.8924,0.0596263,-0.0596263,2024-07-12,2023-10
HD 25463 c,HD 25463,1,2,<a refstr=AKANA_MURPHY_ET_AL__2023 href=https://ui.adsabs.harvard.edu/abs/2023AJ....166..153A/abstract target=ref>Akana Murphy et al. 2023</a>,3.04405,8e-06,-8e-06,0.0,0.0435,0.0009,-0.0009,0.0,1.5,0.12,-0.12,0.0,7.1,,,1.0,0.0,,,0.0,1413.5,179.7,-179.7,0.0,1707.0,54.0,-54.0,0.0,0,,6220.0,110.0,-110.0,0.0,1.41,0.07,-0.07,0.0,1.19,0.07,-0.07,0.0,-0.2,0.09,-0.09,0.0,[Fe/H],04h02m59.60s,60.7483361,+09d12m27.96s,9.2077676,-31.07407,181.68887,45.6181,0.1254,-0.1247,21.8924,0.0596263,-0.0596263,2024-07-12,2023-10
HD 260655 b,HD 260655,1,2,<a refstr=LUQUE_ET_AL__2022 href=https://ui.adsabs.harvard.edu/abs/2022arXiv220410261L/abstract target=ref>Luque et al. 2022</a>,2.76953,3e-05,-3e-05,0.0,0.02933,0.00024,-0.00024,0.0,1.24,0.023,-0.023,0.0,6.2,1.0,-1.0,0.0,0.039,0.043,-0.023,0.0,42.2,0.7,-0.7,0.0,709.0,4.0,-4.0,0.0,0,M0 V,3803.0,10.0,-10.0,0.0,0.439,0.003,-0.003,0.0,0.439,0.011,-0.011,0.0,-0.43,0.04,-0.04,0.0,[Fe/H],06h37m09.97s,99.2915429,+17d33m58.57s,17.5662696,4.86549,195.67069,10.0055,0.00505,-0.00505,99.9164,0.0503102,-0.0503102,2022-06-27,2022-04
HD 260655 c,HD 260655,1,2,<a refstr=LUQUE_ET_AL__2022 href=https://ui.adsabs.harvard.edu/abs/2022arXiv220410261L/abstract target=ref>Luque et al. 2022</a>,5.70588,7e-05,-7e-05,0.0,0.04749,0.00039,-0.00039,0.0,1.533,0.051,-0.046,0.0,4.7,0.9,-0.8,0.0,0.038,0.036,-0.022,0.0,16.1,0.3,-0.3,0.0,557.0,3.0,-3.0,0.0,0,M0 V,3803.0,10.0,-10.0,0.0,0.439,0.003,-0.003,0.0,0.439,0.011,-0.011,0.0,-0.43,0.04,-0.04,0.0,[Fe/H],06h37m09.97s,99.2915429,+17d33m58.57s,17.5662696,4.86549,195.67069,10.0055,0.00505,-0.00505,99.9164,0.0503102,-0.0503102,2022-06-27,2022-04
HD 3167 b,HD 3167,1,4,<a refstr=BONOMO_ET_AL__2023 href=https://ui.adsabs.harvard.edu/abs/2023arXiv230405773B/abstract target=ref>Bonomo et al. 2023</a>,0.959641,1.1e-05,-1.1e-05,0.0,0.01796,0.00037,-0.00031,0.0,1.67,0.17,-0.1,0.0,5.6,1.2,-1.3,0.0,0.0,,,0.0,1650.0,110.0,-110.0,0.0,1774.0,29.0,-29.0,0.0,0,,5261.0,60.0,-60.0,0.0,0.88,0.012,-0.013,0.0,0.837,0.053,-0.043,0.0,0.04,0.05,-0.05,0.0,[Fe/H],00h34m57.64s,8.7401487,+04d22m50.60s,4.3807215,-58.2406,115.11108,47.2899,0.1485,-0.1475,21.1175,0.065682,-0.065682,2023-04-17,2023-04
HD 3167 c,HD 3167,1,4,<a refstr=BONOMO_ET_AL__2023 href=https://ui.adsabs.harvard.edu/abs/2023arXiv230405773B/abstract target=ref>Bonomo et al. 2023</a>,29.8454,0.0012,-0.0012,0.0,0.1776,0.0037,-0.0031,0.0,3.0,0.45,-0.21,0.0,2.11,0.51,-0.69,0.0,0.06,,,1.0,16.9,1.1,-1.1,0.0,564.0,9.0,-9.0,0.0,0,,5261.0,60.0,-60.0,0.0,0.88,0.012,-0.013,0.0,0.837,0.053,-0.043,0.0,0.04,0.05,-0.05,0.0,[Fe/H],00h34m57.64s,8.7401487,+04d22m50.60s,4.3807215,-58.2406,115.11108,47.2899,0.1485,-0.1475,21.1175,0.065682,-0.065682,2023-04-17,2023-04
HD 332231 b,HD 332231,1,1,<a refstr=DALBA_ET_AL__2020 href=https://ui.adsabs.harvard.edu/abs/2020AJ....159..241D/abstract target=ref>Dalba et al. 2020</a>,18.71204,0.00043,-0.00043,0.0,0.1436,0.0032,-0.0033,0.0,9.718203,0.302643,-0.280225,0.0,0.464,0.054,-0.052,0.0,0.032,0.03,-0.022,0.0,98.09,8.08,-7.2,0.0,876.0,17.0,-17.0,0.0,0,F8,6089.0,97.0,-96.0,0.0,1.277,0.039,-0.036,0.0,1.127,0.077,-0.077,0.0,0.036,0.059,-0.058,0.0,[Fe/H],20h26m57.87s,306.741134,+33d44m39.80s,33.7443882,-2.65449,73.36636,80.6665,0.1917,-0.1908,12.3678,0.0291705,-0.0291705,2020-05-15,2020-05
HD 42813 b,HD 42813,1,3,<a refstr=DAMASSO_ET_AL__2023 href=https://ui.adsabs.harvard.edu/abs/2023arXiv230813310D/abstract target=ref>Damasso et al. 2023</a>,13.63083,3e-05,-3e-05,0.0,0.107,0.0016,-0.0016,0.0,3.48,0.07,-0.08,0.0,1.3,0.2,-0.2,0.0,,,,,61.0,3.0,-3.0,0.0,777.0,18.0,-18.0,0.0,0,,5289.0,69.0,-69.0,0.0,0.98,0.03,-0.03,0.0,0.89,0.04,-0.04,0.0,0.24,0.05,-0.05,0.0,[Fe/H],06h12m13.88s,93.0578446,-14d38m57.54s,-14.6493167,-15.18304,221.87205,68.192,0.1772,-0.1763,14.6357,0.0377218,-0.0377218,2023-09-05,2023-08
HD 42813 b,HD 42813,1,3,<a refstr=AKANA_MURPHY_ET_AL__2023 href=https://ui.adsabs.harvard.edu/abs/2023AJ....166..153A/abstract target=ref>Akana Murphy et al. 2023</a>,13.63083,3e-05,-3e-05,0.0,0.109,0.002,-0.002,0.0,3.36,0.14,-0.14,0.0,0.8,0.4,-0.4,0.0,0.0,,,0.0,54.1,5.9,-5.9,0.0,755.0,21.0,-21.0,0.0,0,,5240.0,110.0,-110.0,0.0,0.97,0.03,-0.03,0.0,0.94,0.06,-0.06,0.0,0.33,0.09,-0.09,0.0,[Fe/H],06h12m13.88s,93.0578446,-14d38m57.54s,-14.6493167,-15.18304,221.87205,68.192,0.1772,-0.1763,14.6357,0.0377218,-0.0377218,2024-07-12,2023-10
HD 5278 b,HD 5278,1,2,<a refstr=SOZZETTI_ET_AL__2021 href=https://ui.adsabs.harvard.edu/abs/2021A&A...648A..75S/abstract target=ref>Sozzetti et al. 2021</a>,14.339156,4.9e-05,-4.7e-05,0.0,0.1202,0.0013,-0.0013,0.0,2.45,0.05,-0.05,0.0,2.9,0.6,-0.5,0.0,0.08,0.09,-0.05,0.0,132.0,5.0,-5.0,0.0,943.0,13.0,-13.0,0.0,0,F V,6203.0,64.0,-64.0,0.0,1.194,0.017,-0.016,0.0,1.126,0.036,-0.035,0.0,-0.12,0.04,-0.04,0.0,[Fe/H],00h50m11.23s,12.5467785,-83d44m37.56s,-83.7437671,-33.38439,302.97274,57.5846,0.0947,-0.0943,17.3368,0.0282919,-0.0282919,2021-04-23,2021-04
HD 6061 b,HD 6061,2,1,<a refstr=AKANA_MURPHY_ET_AL__2023 href=https://ui.adsabs.harvard.edu/abs/2023AJ....166..153A/abstract target=ref>Akana Murphy et al. 2023</a>,5.254467,9e-06,-9e-06,0.0,0.059,0.001,-0.001,0.0,2.45,0.09,-0.09,0.0,4.0,1.1,-1.1,0.0,0.0,,,0.0,339.1,31.9,-31.9,0.0,1194.0,28.0,-28.0,0.0,0,,5920.0,110.0,-110.0,0.0,1.03,0.03,-0.03,0.0,1.0,0.06,-0.06,0.0,-0.08,0.09,-0.09,0.0,[Fe/H],01h02m23.55s,15.5981441,+37d11m07.58s,37.1854394,-25.63483,125.35178,67.6203,0.2053,-0.204,14.7597,0.0444284,-0.0444284,2024-07-12,2023-10
HD 63935 b,HD 63935,1,2,<a refstr=SCARSDALE_ET_AL__2021 href=https://ui.adsabs.harvard.edu/abs/2021AJ....162..215S/abstract target=ref>Scarsdale et al. 2021</a>,9.058811,1.7e-05,-1.6e-05,0.0,,,,,2.99,0.14,-0.14,0.0,2.2,0.5,-0.5,0.0,0.0,,,0.0,115.6,4.6,-4.6,0.0,911.0,27.0,-27.0,0.0,0,,5534.0,100.0,-100.0,0.0,0.959,0.042,-0.042,0.0,0.933,0.054,-0.054,0.0,0.07,0.06,-0.06,0.0,[Fe/H],07h51m41.91s,117.9246417,+09d23m06.87s,9.3852412,17.61294,211.23645,48.9739,0.1057,-0.1053,20.3902,0.0436769,-0.0436769,2021-10-19,2021-11
HD 63935 c,HD 63935,1,2,<a refstr=SCARSDALE_ET_AL__2021 href=https://ui.adsabs.harvard.edu/abs/2021AJ....162..215S/abstract target=ref>Scarsdale et al. 2021</a>,21.4023,0.00189,-0.00194,0.0,,,,,2.9,0.13,-0.13,0.0,2.5,0.6,-0.6,0.0,0.0,,,0.0,36.7,1.4,-1.4,0.0,684.0,21.0,-21.0,0.0,0,,5534.0,100.0,-100.0,0.0,0.959,0.042,-0.042,0.0,0.933,0.054,-0.054,0.0,0.07,0.06,-0.06,0.0,[Fe/H],07h51m41.91s,117.9246417,+09d23m06.87s,9.3852412,17.61294,211.23645,48.9739,0.1057,-0.1053,20.3902,0.0436769,-0.0436769,2021-10-19,2021-11
HD 73583 b,HD 73583,1,2,<a refstr=BARRAG_AACUTE_N_ET_AL__2021 href=https://ui.adsabs.harvard.edu/abs/2021arXiv211013069B/abstract target=ref>Barrag&aacute;n et al. 2021</a>,6.398042,6.7e-06,-6.2e-06,0.0,0.0604,0.0027,-0.0026,0.0,2.79,0.1,-0.1,0.0,2.58,0.95,-0.81,0.0,0.09,0.09,-0.06,0.0,43.3,5.3,-4.7,0.0,714.0,21.0,-20.0,0.0,0,K4 V,4511.0,110.0,-110.0,0.0,0.65,0.02,-0.02,0.0,0.73,0.02,-0.02,0.0,0.0,0.09,-0.09,0.0,[Fe/H],08h38m45.19s,129.6883026,-13d15m23.50s,-13.2565267,16.64313,237.89791,31.5666,0.0321,-0.032,31.6501,0.0319397,-0.0319397,2022-03-16,2021-10
HD 73583 b,HD 73583,1,2,<a refstr=EL_MUFTI_ET_AL__2023 href=https://ui.adsabs.harvard.edu/abs/2023AJ....165...10E/abstract target=ref>El Mufti et al. 2023</a>,6.3980661,9.5e-06,-9.7e-06,0.0,0.05995,0.00074,-0.00072,0.0,2.84,0.16,-0.12,0.0,3.8,1.4,-1.1,0.0,0.294,0.13,-0.062,0.0,46.2,2.5,-4.0,0.0,742.7,7.2,-7.0,0.0,0,K4,4582.0,64.0,-62.0,0.0,0.677,0.017,-0.017,0.0,0.702,0.026,-0.025,0.0,-0.055,0.044,-0.052,0.0,[Fe/H],08h38m45.19s,129.6883026,-13d15m23.50s,-13.2565267,16.64313,237.89791,31.5666,0.0321,-0.032,31.6501,0.0319397,-0.0319397,2024-02-21,2023-01
HD 73583 c,HD 73583,1,2,<a refstr=BARRAG_AACUTE_N_ET_AL__2021 href=https://ui.adsabs.harvard.edu/abs/2021arXiv211013069B/abstract target=ref>Barrag&aacute;n et al. 2021</a>,18.87974,0.00086,-0.00074,0.0,0.1242,0.0055,-0.0054,0.0,2.39,0.1,-0.09,0.0,3.88,0.91,-0.8,0.0,0.08,0.11,-0.06,0.0,10.2,1.2,-1.1,0.0,498.0,15.0,-15.0,0.0,0,K4 V,4511.0,110.0,-110.0,0.0,0.65,0.02,-0.02,0.0,0.73,0.02,-0.02,0.0,0.0,0.09,-0.09,0.0,[Fe/H],08h38m45.19s,129.6883026,-13d15m23.50s,-13.2565267,16.64313,237.89791,31.5666,0.0321,-0.032,31.6501,0.0319397,-0.0319397,2022-03-16,2021-10
HD 73583 c,HD 73583,1,2,<a refstr=EL_MUFTI_ET_AL__2023 href=https://ui.adsabs.harvard.edu/abs/2023AJ....165...10E/abstract target=ref>El Mufti et al. 2023</a>,18.8805,0.0024,-0.0011,0.0,0.1233,0.0015,-0.0015,0.0,2.73,0.12,-0.11,0.0,6.1,1.6,-1.7,0.0,0.093,0.13,-0.066,0.0,11.76,0.52,-0.57,0.0,517.8,5.0,-4.9,0.0,0,K4,4582.0,64.0,-62.0,0.0,0.677,0.017,-0.017,0.0,0.702,0.026,-0.025,0.0,-0.055,0.044,-0.052,0.0,[Fe/H],08h38m45.19s,129.6883026,-13d15m23.50s,-13.2565267,16.64313,237.89791,31.5666,0.0321,-0.032,31.6501,0.0319397,-0.0319397,2024-02-21,2023-01
HD 80653 b,HD 80653,1,2,<a refstr=BONOMO_ET_AL__2023 href=https://ui.adsabs.harvard.edu/abs/2023arXiv230405773B/abstract target=ref>Bonomo et al. 2023</a>,0.719573,2.1e-05,-2.1e-05,0.0,0.01661,0.00019,-0.00019,0.0,1.613,0.071,-0.071,0.0,7.47,1.2,-1.0,0.0,0.0,,,0.0,6130.0,310.0,-310.0,0.0,2463.0,30.0,-30.0,0.0,0,,5959.0,61.0,-61.0,0.0,1.22,0.01,-0.01,0.0,1.18,0.04,-0.04,0.0,0.255,0.065,-0.065,0.0,[Fe/H],09h21m21.38s,140.3390845,+14d22m04.33s,14.3678691,39.62439,216.49965,109.86,0.811,-0.8,9.07435,0.0662085,-0.0662085,2023-04-17,2023-04
HD 95338 b,HD 95338,1,1,<a refstr=D_IACUTE_AZ_ET_AL__2020 href=https://ui.adsabs.harvard.edu/abs/2020MNRAS.tmp.1860D/abstract target=ref>D&iacute;az et al. 2020</a>,55.087,0.02,-0.02,0.0,0.262,0.002,-0.002,0.0,3.89,0.19,-0.2,0.0,3.98,0.62,-0.64,0.0,0.197,0.029,-0.024,0.0,7.42,0.22,-0.22,0.0,385.0,17.0,-17.0,0.0,0,K0.5 V,5212.0,16.0,-11.0,0.0,0.87,0.04,-0.04,0.0,0.83,0.02,-0.02,0.0,0.04,0.1,-0.1,0.0,[Fe/H],10h59m25.52s,164.8563364,-56d37m24.80s,-56.6235564,2.95274,287.94231,36.9941,0.0689,-0.0687,27.0025,0.0498858,-0.0498858,2020-07-17,2020-06
HIP 116454 b,HIP 116454,2,1,<a refstr=BONOMO_ET_AL__2023 href=https://ui.adsabs.harvard.edu/abs/2023arXiv230405773B/abstract target=ref>Bonomo et al. 2023</a>,9.0949,0.0026,-0.0026,0.0,0.07765,0.00093,-0.00093,0.0,2.53,0.18,-0.18,0.0,3.41,0.94,-0.72,0.0,0.089,,,1.0,51.4,4.3,-4.3,0.0,745.0,15.0,-15.0,0.0,0,,5089.0,50.0,-50.0,0.0,0.716,0.024,-0.024,0.0,0.755,0.027,-0.027,0.0,-0.16,0.08,-0.08,0.0,[Fe/H],23h35m49.04s,353.9543517,+00d26m40.94s,0.4447043,-56.97306,86.45885,62.4491,0.1831,-0.182,15.9843,0.0464561,-0.0464561,2023-04-17,2023-04
HIP 116454 b,HIP 116454,2,1,<a refstr=THYGESEN_ET_AL__2024 href=https://ui.adsabs.harvard.edu/abs/2024AJ....168..161T/abstract target=ref>Thygesen et al. 2024</a>,9.1004157,4.1e-06,-4.5e-06,0.0,0.0792,0.0011,-0.001,0.0,2.469,0.1,-0.091,0.0,3.53,0.63,-0.57,0.0,0.215,0.056,-0.094,0.0,51.2858,2.3512,-2.1308,0.0,753.2,7.1,-6.9,0.0,0,,5048.0,79.0,-78.0,0.0,0.758,0.024,-0.022,0.0,0.8,0.033,-0.03,0.0,0.0,0.045,-0.039,0.0,[Fe/H],23h35m49.04s,353.9543517,+00d26m40.94s,0.4447043,-56.97306,86.45885,62.4491,0.1831,-0.182,15.9843,0.0464561,-0.0464561,2024-10-03,2024-10
HIP 29442 c,HD 42813,1,3,<a refstr=DAMASSO_ET_AL__2023 href=https://ui.adsabs.harvard.edu/abs/2023arXiv230813310D/abstract target=ref>Damasso et al. 2023</a>,3.53796,3e-05,-3e-05,0.0,0.0436,0.0006,-0.0007,0.0,1.58,0.1,-0.11,0.0,6.3,1.7,-1.3,0.0,,,,,373.0,19.0,-19.0,0.0,1217.0,29.0,-29.0,0.0,0,,5289.0,69.0,-69.0,0.0,0.98,0.03,-0.03,0.0,0.89,0.04,-0.04,0.0,0.24,0.05,-0.05,0.0,[Fe/H],06h12m13.88s,93.0578446,-14d38m57.54s,-14.6493167,-15.18304,221.87205,68.192,0.1772,-0.1763,14.6357,0.0377218,-0.0377218,2023-09-05,2023-08
HIP 29442 d,HD 42813,1,3,<a refstr=DAMASSO_ET_AL__2023 href=https://ui.adsabs.harvard.edu/abs/2023arXiv230813310D/abstract target=ref>Damasso et al. 2023</a>,6.42975,9e-05,-0.0001,0.0,0.0649,0.0009,-0.001,0.0,1.37,0.11,-0.11,0.0,11.0,3.4,-2.4,0.0,,,,,167.0,9.0,-9.0,0.0,998.0,24.0,-24.0,0.0,0,,5289.0,69.0,-69.0,0.0,0.98,0.03,-0.03,0.0,0.89,0.04,-0.04,0.0,0.24,0.05,-0.05,0.0,[Fe/H],06h12m13.88s,93.0578446,-14d38m57.54s,-14.6493167,-15.18304,221.87205,68.192,0.1772,-0.1763,14.6357,0.0377218,-0.0377218,2023-09-05,2023-08
HIP 65 A b,HIP 65 A,2,1,<a refstr=NIELSEN_ET_AL__2020 href=https://ui.adsabs.harvard.edu/abs/2020A&A...639A..76N/abstract target=ref>Nielsen et al. 2020</a>,0.9809734,3.1e-06,-3.1e-06,0.0,0.01782,0.0002,-0.00021,0.0,22.75427,6.83749,-5.49241,0.0,0.48,0.61,-0.26,0.0,0.0,,,0.0,661.0,28.0,-29.0,0.0,1411.0,15.0,-15.0,0.0,0,K4 V,4590.0,49.0,-49.0,0.0,0.7242,0.0081,-0.0091,0.0,0.781,0.027,-0.027,0.0,0.18,0.08,-0.08,0.0,[Fe/H],00h00m44.55s,0.1856063,-54d49m50.96s,-54.8308228,-60.79535,317.9426,61.7856,0.0806,-0.0804,16.156,0.0209251,-0.0209251,2020-07-17,2020-07
HIP 8152 b,HIP 8152,1,2,<a refstr=AKANA_MURPHY_ET_AL__2023 href=https://ui.adsabs.harvard.edu/abs/2023AJ....166..153A/abstract target=ref>Akana Murphy et al. 2023</a>,10.75101,6e-05,-6e-05,0.0,0.092,0.002,-0.002,0.0,2.56,0.19,-0.19,0.0,2.5,0.8,-0.8,0.0,0.14,,,1.0,88.9,11.6,-11.6,0.0,855.0,28.0,-28.0,0.0,0,,5530.0,110.0,-110.0,0.0,0.95,0.04,-0.04,0.0,0.91,0.06,-0.06,0.0,-0.09,0.09,-0.09,0.0,[Fe/H],01h44m50.22s,26.2092533,-18d24m04.98s,-18.4013844,-74.92888,180.34682,101.694,0.421,-0.417,9.80469,0.0402396,-0.0402396,2024-07-12,2023-10
HIP 8152 c,HIP 8152,1,2,<a refstr=AKANA_MURPHY_ET_AL__2023 href=https://ui.adsabs.harvard.edu/abs/2023AJ....166..153A/abstract target=ref>Akana Murphy et al. 2023</a>,19.6053,0.0003,-0.0003,0.0,0.138,0.003,-0.003,0.0,2.48,0.19,-0.19,0.0,3.4,1.1,-1.1,0.0,0.28,,,1.0,39.9,5.2,-5.2,0.0,699.0,23.0,-23.0,0.0,0,,5530.0,110.0,-110.0,0.0,0.95,0.04,-0.04,0.0,0.91,0.06,-0.06,0.0,-0.09,0.09,-0.09,0.0,[Fe/H],01h44m50.22s,26.2092533,-18d24m04.98s,-18.4013844,-74.92888,180.34682,101.694,0.421,-0.417,9.80469,0.0402396,-0.0402396,2024-07-12,2023-10
HIP 9618 b,HIP 9618,1,2,<a refstr=AKANA_MURPHY_ET_AL__2023 href=https://ui.adsabs.harvard.edu/abs/2023AJ....166..153A/abstract target=ref>Akana Murphy et al. 2023</a>,20.77288,5e-05,-5e-05,0.0,0.144,0.003,-0.003,0.0,3.75,0.13,-0.13,0.0,0.9,0.2,-0.2,0.0,0.13,,,1.0,36.8,3.7,-3.7,0.0,685.0,17.0,-17.0,0.0,0,,5550.0,110.0,-110.0,0.0,0.95,0.03,-0.03,0.0,0.93,0.06,-0.06,0.0,-0.1,0.09,-0.09,0.0,[Fe/H],02h03m37.20s,30.9050061,+21d16m52.78s,21.2813274,-38.53616,144.58681,67.5478,0.1566,-0.1559,14.7755,0.0339844,-0.0339844,2024-07-12,2023-10
HIP 9618 c,HIP 9618,1,2,<a refstr=AKANA_MURPHY_ET_AL__2023 href=https://ui.adsabs.harvard.edu/abs/2023AJ....166..153A/abstract target=ref>Akana Murphy et al. 2023</a>,52.5636,0.0002,-0.0002,0.0,0.268,0.006,-0.006,0.0,3.34,0.13,-0.13,0.0,1.2,,,1.0,0.12,,,1.0,10.7,1.1,-1.1,0.0,503.0,13.0,-13.0,0.0,0,,5550.0,110.0,-110.0,0.0,0.95,0.03,-0.03,0.0,0.93,0.06,-0.06,0.0,-0.1,0.09,-0.09,0.0,[Fe/H],02h03m37.20s,30.9050061,+21d16m52.78s,21.2813274,-38.53616,144.58681,67.5478,0.1566,-0.1559,14.7755,0.0339844,-0.0339844,2024-07-12,2023-10
K2-100 b,K2-100,1,1,<a refstr=BARRAG_AACUTE_N_ET_AL__2019 href=https://ui.adsabs.harvard.edu/abs/2019MNRAS.490..698B/abstract target=ref>Barrag&aacute;n et al. 2019</a>,1.6739035,4e-07,-4e-07,0.0,0.0301,0.0014,-0.0014,0.0,3.88,0.16,-0.16,0.0,2.04,0.66,-0.61,0.0,0.0,,,0.0,1915.0,178.0,-165.0,0.0,1841.0,41.0,-41.0,0.0,0,G0 V,5945.0,110.0,-110.0,0.0,1.24,0.05,-0.05,0.0,1.15,0.05,-0.05,0.0,0.22,0.09,-0.09,0.0,[Fe/H],08h38m24.26s,129.6010863,+20d06m21.63s,20.1060074,32.19544,205.23994,188.959,2.471,-2.41,5.26448,0.0678257,-0.0678257,2021-07-12,2019-11
K2-108 b,K2-108,1,1,<a refstr=PETIGURA_ET_AL__2017 href=https://ui.adsabs.harvard.edu/abs/2017AJ....153..142P/abstract target=ref>Petigura et al. 2017</a>,4.73401,0.00024,-0.00024,0.0,0.0573,0.001,-0.001,0.0,5.28,0.54,-0.54,0.0,2.22,0.77,-0.55,0.0,0.18,0.042,-0.042,0.0,762.0,100.0,-100.0,0.0,1446.0,48.0,-48.0,0.0,0,,5474.0,60.0,-60.0,0.0,1.75,0.14,-0.14,0.0,1.121,0.065,-0.053,0.0,0.33,0.04,-0.04,0.0,[Fe/H],08h13m31.64s,123.3818484,+16d25m10.26s,16.419516,25.35171,206.69134,477.295,10.094,-9.692,2.06697,0.0430861,-0.0430861,2018-10-24,2017-04
K2-110 b,K2-110,1,1,<a refstr=BONOMO_ET_AL__2023 href=https://ui.adsabs.harvard.edu/abs/2023arXiv230405773B/abstract target=ref>Bonomo et al. 2023</a>,13.86375,0.00026,-0.00026,0.0,0.10207,0.00083,-0.00083,0.0,2.592,0.098,-0.097,0.0,5.02,1.1,-0.98,0.0,0.13,,,1.0,27.7,2.0,-2.0,0.0,638.0,11.0,-11.0,0.0,0,,5010.0,50.0,-50.0,0.0,0.713,0.02,-0.02,0.0,0.738,0.018,-0.018,0.0,-0.34,0.03,-0.03,0.0,[Fe/H],13h49m23.94s,207.3497402,-12d17m05.71s,-12.2849182,48.1527,324.42967,116.474,0.431,-0.427,8.5568,0.0314033,-0.0314033,2023-04-17,2023-04
K2-111 b,K2-111,1,2,<a refstr=BONOMO_ET_AL__2023 href=https://ui.adsabs.harvard.edu/abs/2023arXiv230405773B/abstract target=ref>Bonomo et al. 2023</a>,5.3518,0.0004,-0.0004,0.0,0.0565,0.00045,-0.00045,0.0,1.82,0.11,-0.09,0.0,5.0,1.1,-1.0,0.0,0.1,,,1.0,490.0,30.0,-30.0,0.0,1309.0,19.0,-19.0,0.0,0,,5775.0,70.0,-70.0,0.0,1.25,0.02,-0.02,0.0,0.84,0.02,-0.02,0.0,-0.46,0.05,-0.05,0.0,[Fe/H],03h59m33.67s,59.8903081,+21d17m54.69s,21.2985263,-23.55083,170.97857,200.394,2.763,-2.69,4.96259,0.0673735,-0.0673735,2023-04-17,2023-04
K2-114 b,K2-114,1,1,<a refstr=IKWUT_UKWA_ET_AL__2020 href=https://ui.adsabs.harvard.edu/abs/2020AJ....160..209I/abstract target=ref>Ikwut-Ukwa et al. 2020</a>,11.3909311,3.4e-06,-3.4e-06,0.0,0.0943,0.0014,-0.0012,0.0,10.44677001,0.3474784,-0.3474784,0.0,3.08,0.37,-0.33,0.0,0.081,0.031,-0.03,0.0,40.0,3.3,-3.1,0.0,701.0,14.0,-14.0,0.0,0,,4920.0,68.0,-69.0,0.0,0.824,0.024,-0.023,0.0,0.86,0.039,-0.034,0.0,0.41,0.036,-0.037,0.0,[Fe/H],08h31m31.90s,127.882912,+11d55m20.12s,11.922255,27.55072,213.24587,475.758,8.252,-7.98,2.07344,0.0355806,-0.0355806,2022-02-15,2020-11
K2-12 b,K2-12,1,1,<a refstr=BONOMO_ET_AL__2023 href=https://ui.adsabs.harvard.edu/abs/2023arXiv230405773B/abstract target=ref>Bonomo et al. 2023</a>,8.28246,0.00052,-0.00052,0.0,0.0792,0.0016,-0.0013,0.0,2.44,0.3,-0.14,0.0,1.6,,,1.0,0.5,,,1.0,185.0,12.0,-12.0,0.0,1026.0,15.0,-15.0,0.0,0,,5672.0,63.0,-63.0,0.0,1.117,0.014,-0.014,0.0,0.965,0.064,-0.048,0.0,0.0,0.07,-0.07,0.0,[Fe/H],11h32m46.06s,173.1919022,+02d14m40.85s,2.2446794,58.79109,262.46302,326.381,6.282,-6.053,3.0362,0.0574438,-0.0574438,2023-04-17,2023-04
K2-131 b,K2-131,1,1,<a refstr=BONOMO_ET_AL__2023 href=https://ui.adsabs.harvard.edu/abs/2023arXiv230405773B/abstract target=ref>Bonomo et al. 2023</a>,0.3693038,9.1e-06,-9.1e-06,0.0,0.00936,0.00014,-0.00014,0.0,1.69,0.085,-0.058,0.0,8.8,1.9,-1.7,0.0,0.0,,,0.0,4070.0,280.0,-280.0,0.0,2223.0,37.0,-37.0,0.0,0,,5120.0,71.0,-71.0,0.0,0.7595,0.0087,-0.0089,0.0,0.803,0.034,-0.034,0.0,-0.04,0.07,-0.07,0.0,[Fe/H],12h11m00.34s,182.751404,-09d45m54.86s,-9.7652392,51.82615,286.68054,152.509,1.079,-1.063,6.52851,0.0456876,-0.0456876,2023-04-17,2023-04
K2-136 b,K2-136,2,3,<a refstr=MAYO_ET_AL__2023 href=https://ui.adsabs.harvard.edu/abs/2023arXiv230402779M/abstract target=ref>Mayo et al. 2023</a>,7.9752,0.00079,-0.00079,0.0,0.0707,0.0012,-0.0012,0.0,1.014,0.05,-0.049,0.0,24.0,,,1.0,0.14,0.12,-0.11,0.0,33.5,1.6,-1.5,0.0,610.0,,,0.0,0,,4500.0,125.0,-75.0,0.0,0.677,0.027,-0.027,0.0,0.742,0.039,-0.038,0.0,-0.02,0.08,-0.08,0.0,[M/H],04h29m39.09s,67.4128615,+22d52m57.24s,22.8825674,-17.35063,174.77536,59.2474,0.1877,-0.1865,16.8497,0.0528994,-0.0528994,2023-04-10,2023-04
K2-136 c,K2-136,2,3,<a refstr=MAYO_ET_AL__2023 href=https://ui.adsabs.harvard.edu/abs/2023arXiv230402779M/abstract target=ref>Mayo et al. 2023</a>,17.30713,0.00027,-0.00027,0.0,0.1185,0.002,-0.0021,0.0,3.0,0.13,-0.13,0.0,3.69,0.67,-0.56,0.0,0.047,0.062,-0.034,0.0,11.91,0.57,-0.53,0.0,470.0,,,0.0,0,,4500.0,125.0,-75.0,0.0,0.677,0.027,-0.027,0.0,0.742,0.039,-0.038,0.0,-0.02,0.08,-0.08,0.0,[M/H],04h29m39.09s,67.4128615,+22d52m57.24s,22.8825674,-17.35063,174.77536,59.2474,0.1877,-0.1865,16.8497,0.0528994,-0.0528994,2023-04-10,2023-04
K2-136 d,K2-136,2,3,<a refstr=MAYO_ET_AL__2023 href=https://ui.adsabs.harvard.edu/abs/2023arXiv230402779M/abstract target=ref>Mayo et al. 2023</a>,25.575,0.0024,-0.0023,0.0,0.1538,0.0026,-0.0027,0.0,1.565,0.077,-0.076,0.0,4.3,,,1.0,0.071,0.063,-0.049,0.0,7.07,0.34,-0.32,0.0,420.0,,,0.0,0,,4500.0,125.0,-75.0,0.0,0.677,0.027,-0.027,0.0,0.742,0.039,-0.038,0.0,-0.02,0.08,-0.08,0.0,[M/H],04h29m39.09s,67.4128615,+22d52m57.24s,22.8825674,-17.35063,174.77536,59.2474,0.1877,-0.1865,16.8497,0.0528994,-0.0528994,2023-04-10,2023-04
K2-140 b,K2-140,1,1,<a refstr=KORTH_ET_AL__2019 href=https://ui.adsabs.harvard.edu/abs/2019MNRAS.482.1807K/abstract target=ref>Korth et al. 2019</a>,6.569188,3.1e-05,-3.1e-05,0.0,0.068,0.001,-0.001,0.0,13.56286665,1.00880826,-1.00880826,0.0,0.66,0.18,-0.18,0.0,0.0,,,0.0,204.0,10.0,-10.0,0.0,962.0,28.0,-28.0,0.0,0,G6 V,5585.0,120.0,-120.0,0.0,1.06,0.07,-0.06,0.0,0.96,0.06,-0.04,0.0,0.1,0.1,-0.1,0.0,[Fe/H],12h32m32.96s,188.1373172,-09d36m27.40s,-9.6076115,52.97976,295.18424,347.917,8.287,-7.917,2.84731,0.0663889,-0.0663889,2021-07-12,2019-01
K2-140 b,K2-140,1,1,<a refstr=GILES_ET_AL__2018 href=https://ui.adsabs.harvard.edu/abs/2018MNRAS.475.1809G/abstract target=ref>Giles et al. 2018</a>,6.5693,1.7e-05,-2e-05,0.0,0.0591,0.0034,-0.0034,0.0,12.273855,0.201762,-0.201762,0.0,0.963,0.082,-0.082,0.0,0.12,0.056,-0.046,0.0,188.5,7.7,-7.7,0.0,1114.0,34.0,-34.0,0.0,0,G5,5654.0,55.0,-55.0,0.0,0.987,0.011,-0.011,0.0,1.005,0.021,-0.02,0.0,0.12,0.045,-0.045,0.0,[Fe/H],12h32m32.96s,188.1373172,-09d36m27.40s,-9.6076115,52.97976,295.18424,347.917,8.287,-7.917,2.84731,0.0663889,-0.0663889,2018-07-12,2018-04
K2-141 b,K2-141,1,2,<a refstr=BONOMO_ET_AL__2023 href=https://ui.adsabs.harvard.edu/abs/2023arXiv230405773B/abstract target=ref>Bonomo et al. 2023</a>,0.2803244,1.5e-06,-1.5e-06,0.0,0.00747,0.0001,-0.0001,0.0,1.51,0.05,-0.05,0.0,7.93,1.0,-0.91,0.0,0.0,,,0.0,3260.0,370.0,-330.0,0.0,2103.0,56.0,-56.0,0.0,0,,4570.0,100.0,-100.0,0.0,0.681,0.018,-0.018,0.0,0.708,0.028,-0.028,0.0,0.0,0.06,-0.06,0.0,[Fe/H],23h23m40.09s,350.9170464,-01d11m21.06s,-1.1891827,-56.5953,80.19878,61.8736,0.1662,-0.1654,16.1332,0.0429849,-0.0429849,2023-04-17,2023-04
K2-141 c,K2-141,1,2,<a refstr=BONOMO_ET_AL__2023 href=https://ui.adsabs.harvard.edu/abs/2023arXiv230405773B/abstract target=ref>Bonomo et al. 2023</a>,7.7485,0.00022,-0.00022,0.0,0.0683,0.00091,-0.00091,0.0,7.0,4.6,-2.8,0.0,0.081,,,1.0,0.092,,,1.0,39.1,4.3,-4.3,0.0,695.0,18.0,-18.0,0.0,0,,4570.0,100.0,-100.0,0.0,0.681,0.018,-0.018,0.0,0.708,0.028,-0.028,0.0,0.0,0.06,-0.06,0.0,[Fe/H],23h23m40.09s,350.9170464,-01d11m21.06s,-1.1891827,-56.5953,80.19878,61.8736,0.1662,-0.1654,16.1332,0.0429849,-0.0429849,2023-04-17,2023-04
K2-157 b,K2-157,1,3,<a refstr=CASTRO_GONZ_AMP_AACUTE_LEZ_ET_AL__2025 href=https://ui.adsabs.harvard.edu/abs/2025arXiv250420999C/abstract target=ref>Castro-Gonz&aacute;lez et al. 2025</a>,0.3652575,7.8e-06,-8.8e-06,0.0,0.00962,0.0001,-0.0001,0.0,0.935,0.09,-0.09,0.0,7.7,3.6,-3.6,0.0,,,,,6660.0,200.0,-200.0,0.0,2432.0,42.0,-42.0,0.0,0,G9 V,5334.0,64.0,-64.0,0.0,0.86,0.019,-0.019,0.0,0.89,0.029,-0.029,0.0,0.02,0.04,-0.04,0.0,[Fe/H],12h15m00.36s,183.7514959,-05d46m55.26s,-5.7820178,55.93047,286.60409,298.373,4.59,-4.455,3.32357,0.0504068,-0.0504068,2025-05-13,2025-04
K2-167 b,K2-167,1,1,<a refstr=BONOMO_ET_AL__2023 href=https://ui.adsabs.harvard.edu/abs/2023arXiv230405773B/abstract target=ref>Bonomo et al. 2023</a>,9.97748,0.0,0.0,0.0,0.091,0.0025,-0.0025,0.0,2.3,0.21,-0.14,0.0,2.87,0.24,-0.36,0.0,0.47,,,1.0,317.0,27.0,-27.0,0.0,1174.0,24.0,-24.0,0.0,0,,6011.0,60.0,-60.0,0.0,1.494,0.036,-0.034,0.0,1.01,0.081,-0.071,0.0,-0.4,0.06,-0.06,0.0,[Fe/H],22h26m18.27s,336.5761233,-18d00m41.99s,-18.011665,-55.41212,40.459,80.8994,0.4731,-0.4677,12.3328,0.0713307,-0.0713307,2023-04-17,2023-04
K2-18 b,K2-18,1,2,<a refstr=BENNEKE_ET_AL__2019 href=https://ui.adsabs.harvard.edu/abs/2019ApJ...887L..14B/abstract target=ref>Benneke et al. 2019</a>,32.940045,1e-05,-1e-05,0.0,0.1591,0.00046,-0.00047,0.0,2.61,0.087,-0.087,0.0,2.67,0.52,-0.47,0.0,,,,,1.005,0.084,-0.079,0.0,254.9,3.9,-3.9,0.0,0,,3457.0,39.0,-39.0,0.0,0.4445,0.0148,-0.0148,0.0,0.4951,0.0043,-0.0043,0.0,,,,,,11h30m14.43s,172.560141,+07d35m16.19s,7.5878315,62.57509,254.63265,38.0266,0.07955,-0.07955,26.2686,0.0545906,-0.0545906,2020-03-26,2019-12
K2-180 b,K2-180,1,1,<a refstr=KORTH_ET_AL__2019 href=https://ui.adsabs.harvard.edu/abs/2019MNRAS.482.1807K/abstract target=ref>Korth et al. 2019</a>,8.8665,0.0003,-0.0003,0.0,0.075,0.001,-0.001,0.0,2.24179614,0.12329879,-0.12329879,0.0,5.6,1.9,-1.9,0.0,0.0,,,0.0,67.0,14.0,-14.0,0.0,729.0,49.0,-49.0,0.0,0,K2 V,5110.0,107.0,-107.0,0.0,0.69,0.02,-0.02,0.0,0.71,0.03,-0.03,0.0,-0.65,0.1,-0.1,0.0,[Fe/H],08h25m51.45s,126.4643579,+10d14m47.68s,10.246577,25.58211,214.28896,203.896,1.742,-1.712,4.87598,0.0412297,-0.0412297,2021-07-12,2019-01
K2-182 b,K2-182,1,1,<a refstr=AKANA_MURPHY_ET_AL__2021 href=https://ui.adsabs.harvard.edu/abs/2021AJ....162..294A/abstract target=ref>Akana Murphy et al. 2021</a>,4.7369683,2.3e-06,-2.3e-06,0.0,0.0526,0.0003,-0.0003,0.0,2.69,0.07,-0.05,0.0,5.6,1.4,-1.4,0.0,0.04,0.19,-0.03,0.0,146.9,12.6,-11.8,0.0,969.0,20.0,-20.0,0.0,0,,5170.0,100.0,-100.0,0.0,0.793,0.013,-0.011,0.0,0.865,0.016,-0.018,0.0,0.12,0.06,-0.06,0.0,[Fe/H],08h40m43.21s,130.180046,+10d58m58.62s,10.9829509,29.20051,215.28839,154.83,1.256,-1.236,6.43038,0.0515848,-0.0515848,2022-03-28,2021-12
K2-199 b,K2-199,1,2,<a refstr=AKANA_MURPHY_ET_AL__2021 href=https://ui.adsabs.harvard.edu/abs/2021AJ....162..294A/abstract target=ref>Akana Murphy et al. 2021</a>,3.2253993,2.4e-06,-2.4e-06,0.0,0.0382,0.0004,-0.0004,0.0,1.73,0.05,-0.04,0.0,7.2,2.1,-2.0,0.0,0.02,0.03,-0.02,0.0,116.2,12.0,-11.0,0.0,913.0,23.0,-23.0,0.0,0,,4491.0,100.0,-100.0,0.0,0.682,0.014,-0.014,0.0,0.711,0.022,-0.024,0.0,-0.01,0.09,-0.09,0.0,[Fe/H],13h55m36.35s,208.9014508,-06d08m09.90s,-6.1360833,53.29188,330.29727,107.518,0.602,-0.596,9.27232,0.0514418,-0.0514418,2022-03-28,2021-12
K2-199 c,K2-199,1,2,<a refstr=AKANA_MURPHY_ET_AL__2021 href=https://ui.adsabs.harvard.edu/abs/2021AJ....162..294A/abstract target=ref>Akana Murphy et al. 2021</a>,7.3744897,3.7e-06,-3.7e-06,0.0,0.0662,0.0007,-0.0007,0.0,2.85,0.1,-0.09,0.0,2.9,0.7,-0.6,0.0,0.03,0.06,-0.03,0.0,38.6,4.0,-4.0,0.0,694.0,17.0,-17.0,0.0,0,,4491.0,100.0,-100.0,0.0,0.682,0.014,-0.014,0.0,0.711,0.022,-0.024,0.0,-0.01,0.09,-0.09,0.0,[Fe/H],13h55m36.35s,208.9014508,-06d08m09.90s,-6.1360833,53.29188,330.29727,107.518,0.602,-0.596,9.27232,0.0514418,-0.0514418,2022-03-28,2021-12
K2-21 b,K2-21,1,2,<a refstr=PETIGURA_ET_AL__2015 href=https://ui.adsabs.harvard.edu/abs/2015ApJ...811..102P/abstract target=ref>Petigura et al. 2015</a>,9.32414,0.00059,-0.00063,0.0,0.0731,0.0057,-0.0067,0.0,1.59,0.42,-0.44,0.0,2.7,3.7,-1.6,0.0,,,,,11.0,10.1,-6.0,0.0,500.0,,,0.0,0,M0.0,4043.0,375.0,-375.0,0.0,0.6,0.1,-0.1,0.0,0.64,0.11,-0.11,0.0,-0.11,0.13,-0.13,0.0,[Fe/H],22h41m12.91s,340.3037846,-14d29m21.57s,-14.4893256,-57.17935,48.93602,83.6448,0.2665,-0.2649,11.9265,0.0376904,-0.0376904,2017-12-12,2015-10
K2-21 c,K2-21,1,2,<a refstr=PETIGURA_ET_AL__2015 href=https://ui.adsabs.harvard.edu/abs/2015ApJ...811..102P/abstract target=ref>Petigura et al. 2015</a>,15.5012,0.00093,-0.00099,0.0,0.1026,0.0079,-0.0094,0.0,1.92,0.54,-0.52,0.0,5.4,5.4,-3.5,0.0,,,,,5.6,5.1,-3.1,0.0,420.0,,,0.0,0,M0.0,4043.0,375.0,-375.0,0.0,0.6,0.1,-0.1,0.0,0.64,0.11,-0.11,0.0,-0.11,0.13,-0.13,0.0,[Fe/H],22h41m12.91s,340.3037846,-14d29m21.57s,-14.4893256,-57.17935,48.93602,83.6448,0.2665,-0.2649,11.9265,0.0376904,-0.0376904,2017-12-12,2015-10
K2-216 b,K2-216,1,1,<a refstr=PERSSON_ET_AL__2018 href=https://ui.adsabs.harvard.edu/abs/2018A&A...618A..33P/abstract target=ref>Persson et al. 2018</a>,2.1748,5e-05,-5e-05,0.0,0.028,0.003,-0.007,0.0,1.75,0.17,-0.1,0.0,8.2,2.8,-2.2,0.0,0.0,,,0.0,248.0,220.0,-48.0,0.0,1103.0,180.0,-56.0,0.0,0,K5 V,4503.0,69.0,-69.0,0.0,0.72,0.03,-0.03,0.0,0.7,0.03,-0.03,0.0,0.0,0.07,-0.07,0.0,[Fe/H],00h45m55.26s,11.4802354,+06d20m49.31s,6.3470302,-56.49811,120.44792,115.461,0.71,-0.701,8.63246,0.0525101,-0.0525101,2018-11-02,2018-10
K2-222 b,K2-222,1,1,<a refstr=BONOMO_ET_AL__2023 href=https://ui.adsabs.harvard.edu/abs/2023arXiv230405773B/abstract target=ref>Bonomo et al. 2023</a>,15.38857,0.00088,-0.00088,0.0,0.1206,0.0029,-0.0029,0.0,2.35,0.08,-0.07,0.0,3.68,0.86,-0.77,0.0,0.16,,,1.0,96.0,11.0,-9.7,0.0,871.0,23.0,-23.0,0.0,0,,5942.0,119.0,-119.0,0.0,1.115,0.029,-0.029,0.0,0.989,0.07,-0.065,0.0,-0.315,0.06,-0.06,0.0,[Fe/H],01h05m51.00s,16.4625203,+11d45m13.38s,11.7537171,-50.96109,128.53772,101.321,0.632,-0.625,9.84127,0.0607778,-0.0607778,2023-04-17,2023-04
K2-237 b,K2-237,1,1,<a refstr=IKWUT_UKWA_ET_AL__2020 href=https://ui.adsabs.harvard.edu/abs/2020AJ....160..209I/abstract target=ref>Ikwut-Ukwa et al. 2020</a>,2.18053539,8.6e-07,-8.5e-07,0.0,0.03558,0.00048,-0.00065,0.0,16.19697711,0.54924005,-0.50440413,0.0,0.562,0.066,-0.061,0.0,0.042,0.034,-0.028,0.0,1860.0,210.0,-180.0,0.0,1828.0,48.0,-46.0,0.0,0,,6360.0,190.0,-200.0,0.0,1.261,0.031,-0.029,0.0,1.263,0.052,-0.068,0.0,0.137,0.05,-0.049,0.0,[Fe/H],16h55m04.52s,253.7688479,-28d42m38.10s,-28.7105836,9.23357,353.87129,314.995,7.221,-6.91,3.14858,0.070618,-0.070618,2022-02-15,2020-11
K2-24 b,K2-24,1,2,<a refstr=PETIGURA_ET_AL__2016 href=https://ui.adsabs.harvard.edu/abs/2016ApJ...818...36P/abstract target=ref>Petigura et al. 2016</a>,20.8851,0.0003,-0.0003,0.0,0.154,0.002,-0.002,0.0,5.68,0.56,-0.56,0.0,0.63,0.25,-0.25,0.0,0.0,,,0.0,60.0,14.0,-14.0,0.0,767.0,177.0,-177.0,0.0,1,G3,5743.0,60.0,-60.0,0.0,1.21,0.11,-0.11,0.0,1.12,0.05,-0.05,0.0,0.42,0.04,-0.04,0.0,[Fe/H],16h10m17.63s,242.5734559,-24d59m26.17s,-24.9906029,19.20525,349.99931,170.562,1.36,-1.338,5.83465,0.0460219,-0.0460219,2018-12-10,2016-02
K2-24 c,K2-24,1,2,<a refstr=PETIGURA_ET_AL__2016 href=https://ui.adsabs.harvard.edu/abs/2016ApJ...818...36P/abstract target=ref>Petigura et al. 2016</a>,42.3633,0.0006,-0.0006,0.0,0.247,0.004,-0.004,0.0,7.82,0.72,-0.72,0.0,0.31,0.12,-0.12,0.0,0.0,,,0.0,24.0,5.0,-5.0,0.0,606.0,139.0,-139.0,0.0,1,G3,5743.0,60.0,-60.0,0.0,1.21,0.11,-0.11,0.0,1.12,0.05,-0.05,0.0,0.42,0.04,-0.04,0.0,[Fe/H],16h10m17.63s,242.5734559,-24d59m26.17s,-24.9906029,19.20525,349.99931,170.562,1.36,-1.338,5.83465,0.0460219,-0.0460219,2018-12-10,2016-02
K2-261 b,K2-261,1,1,<a refstr=IKWUT_UKWA_ET_AL__2020 href=https://ui.adsabs.harvard.edu/abs/2020AJ....160..209I/abstract target=ref>Ikwut-Ukwa et al. 2020</a>,11.633478,1.7e-05,-1.7e-05,0.0,0.1087,0.0012,-0.0012,0.0,9.50521563,0.39231432,-0.35868738,0.0,0.43,0.074,-0.068,0.0,0.248,0.065,-0.063,0.0,180.0,10.0,-13.0,0.0,1030.0,21.0,-21.0,0.0,0,,5503.0,73.0,-74.0,0.0,1.641,0.058,-0.055,0.0,1.266,0.043,-0.041,0.0,0.384,0.057,-0.058,0.0,[Fe/H],10h52m07.75s,163.0323119,+00d29m35.40s,0.493167,50.89463,250.88317,213.283,1.975,-1.941,4.66018,0.0427204,-0.0427204,2022-02-15,2020-11
K2-261 b,K2-261,1,1,<a refstr=IKWUT_UKWA_ET_AL__2020 href=https://ui.adsabs.harvard.edu/abs/2020AJ....160..209I/abstract target=ref>Ikwut-Ukwa et al. 2020</a>,11.633478,1.7e-05,-1.7e-05,0.0,0.1034,0.0015,-0.0016,0.0,9.52763359,0.39231432,-0.38110534,0.0,0.38,0.071,-0.063,0.0,0.286,0.064,-0.069,0.0,180.0,15.0,-10.0,0.0,1046.0,21.0,-22.0,0.0,0,,5445.0,77.0,-76.0,0.0,1.642,0.058,-0.059,0.0,1.09,0.05,-0.051,0.0,0.36,0.059,-0.059,0.0,[Fe/H],10h52m07.75s,163.0323119,+00d29m35.40s,0.493167,50.89463,250.88317,213.283,1.975,-1.941,4.66018,0.0427204,-0.0427204,2022-02-15,2020-11
K2-263 b,K2-263,1,1,<a refstr=BONOMO_ET_AL__2023 href=https://ui.adsabs.harvard.edu/abs/2023arXiv230405773B/abstract target=ref>Bonomo et al. 2023</a>,50.818947,9.4e-05,-9.4e-05,0.0,0.2573,0.003,-0.003,0.0,2.41,0.12,-0.12,0.0,5.8,1.3,-1.1,0.0,0.15,,,1.0,8.17,0.52,-0.52,0.0,470.0,7.0,-7.0,0.0,0,,5368.0,44.0,-44.0,0.0,0.85,0.02,-0.02,0.0,0.88,0.03,-0.03,0.0,-0.08,0.05,-0.05,0.0,[Fe/H],08h38m43.71s,129.6821253,+15d40m50.17s,15.6806039,30.65614,210.10377,162.481,1.38,-1.357,6.12624,0.0514419,-0.0514419,2023-04-17,2023-04
K2-266 d,K2-266,2,4,<a refstr=RODRIGUEZ_ET_AL__2018 href=https://ui.adsabs.harvard.edu/abs/2018AJ....156..245R/abstract target=ref>Rodriguez et al. 2018</a>,14.697,0.00034,-0.00035,0.0,0.1035,0.0016,-0.0017,0.0,2.93,0.14,-0.12,0.0,2.03,0.64,-0.43,0.0,0.047,0.043,-0.032,0.0,13.95,0.68,-0.63,0.0,538.3,6.5,-6.3,0.0,1,,4285.0,49.0,-57.0,0.0,0.703,0.024,-0.022,0.0,0.686,0.033,-0.033,0.0,-0.12,0.4,-0.42,0.0,[Fe/H],10h31m44.56s,157.9356855,+00d56m14.20s,0.9372782,47.48286,245.04538,77.5586,0.3581,-0.3549,12.865,0.0588243,-0.0588243,2022-10-31,2018-11
K2-266 e,K2-266,2,4,<a refstr=RODRIGUEZ_ET_AL__2018 href=https://ui.adsabs.harvard.edu/abs/2018AJ....156..245R/abstract target=ref>Rodriguez et al. 2018</a>,19.482,0.0012,-0.0012,0.0,0.1249,0.0019,-0.002,0.0,2.73,0.14,-0.11,0.0,2.21,0.7,-0.47,0.0,0.043,0.036,-0.03,0.0,9.581,0.47,-0.441,0.0,490.1,5.9,-5.7,0.0,1,,4285.0,49.0,-57.0,0.0,0.703,0.024,-0.022,0.0,0.686,0.033,-0.033,0.0,-0.12,0.4,-0.42,0.0,[Fe/H],10h31m44.56s,157.9356855,+00d56m14.20s,0.9372782,47.48286,245.04538,77.5586,0.3581,-0.3549,12.865,0.0588243,-0.0588243,2022-10-31,2018-11
K2-27 b,K2-27,3,1,<a refstr=PETIGURA_ET_AL__2017 href=https://ui.adsabs.harvard.edu/abs/2017AJ....153..142P/abstract target=ref>Petigura et al. 2017</a>,6.771315,8.5e-05,-8.5e-05,0.0,0.06702,0.00071,-0.00071,0.0,4.48,0.23,-0.23,0.0,1.87,0.41,-0.41,0.0,0.251,0.088,-0.088,0.0,116.0,16.0,-12.0,0.0,902.0,28.0,-28.0,0.0,0,,5248.0,60.0,-60.0,0.0,0.885,0.043,-0.043,0.0,0.866,0.029,-0.023,0.0,0.13,0.04,-0.04,0.0,[Fe/H],11h26m03.64s,171.5151874,+01d13m50.25s,1.2306237,56.98688,261.02749,249.645,2.489,-2.441,3.97723,0.0392518,-0.0392518,2017-02-08,2017-04
K2-285 b,K2-285,1,4,<a refstr=PALLE_ET_AL__2019 href=https://ui.adsabs.harvard.edu/abs/2019A&A...623A..41P/abstract target=ref>Palle et al. 2019</a>,3.471745,4.4e-05,-4.6e-05,0.0,0.03817,0.00095,-0.00092,0.0,2.59,0.06,-0.06,0.0,3.07,0.45,-0.45,0.0,0.0,,,0.0,234.31,19.58,-18.28,0.0,1088.9,22.1,-21.9,0.0,0,K2 V,4975.0,95.0,-95.0,0.0,0.787,0.016,-0.016,0.0,0.83,0.023,-0.023,0.0,0.0,0.05,-0.05,0.0,[Fe/H],23h17m32.24s,349.3843458,+01d18m00.55s,1.3001522,-53.68469,80.67491,154.961,1.161,-1.144,6.42482,0.0476156,-0.0476156,2018-12-11,2019-03
K2-285 c,K2-285,1,4,<a refstr=PALLE_ET_AL__2019 href=https://ui.adsabs.harvard.edu/abs/2019A&A...623A..41P/abstract target=ref>Palle et al. 2019</a>,7.138048,7.2e-05,-6.3e-05,0.0,0.0824,0.0018,-0.0018,0.0,3.53,0.08,-0.08,0.0,1.95,0.32,-0.28,0.0,0.0,,,0.0,50.35,4.05,-3.83,0.0,741.4,14.5,-14.5,0.0,0,K2 V,4975.0,95.0,-95.0,0.0,0.787,0.016,-0.016,0.0,0.83,0.023,-0.023,0.0,0.0,0.05,-0.05,0.0,[Fe/H],23h17m32.24s,349.3843458,+01d18m00.55s,1.3001522,-53.68469,80.67491,154.961,1.161,-1.144,6.42482,0.0476156,-0.0476156,2018-12-11,2019-03
K2-292 b,K2-292,1,1,<a refstr=LUQUE_ET_AL__2019 href=https://ui.adsabs.harvard.edu/abs/2019A&A...623A.114L/abstract target=ref>Luque et al. 2019</a>,16.9841,0.0008,-0.0008,0.0,0.13,0.01,-0.01,0.0,2.63,0.11,-0.1,0.0,7.4,1.6,-1.5,0.0,0.04,0.06,-0.03,0.0,67.0,12.0,-9.0,0.0,795.0,33.0,-28.0,0.0,0,G3 V,5725.0,65.0,-65.0,0.0,1.09,0.03,-0.03,0.0,1.0,0.03,-0.03,0.0,0.07,0.05,-0.05,0.0,[Fe/H],13h41m30.21s,205.3758786,-09d56m45.85s,-9.9460704,50.98859,322.75465,114.293,0.825,-0.812,8.72122,0.0621898,-0.0621898,2019-02-05,2019-03
K2-3 b,K2-3,1,3,<a refstr=BONOMO_ET_AL__2023 href=https://ui.adsabs.harvard.edu/abs/2023arXiv230405773B/abstract target=ref>Bonomo et al. 2023</a>,10.054626,0.0,0.0,0.0,0.0778,0.0026,-0.0026,0.0,2.25,0.23,-0.23,0.0,3.12,1.3,-0.9,0.0,0.094,,,1.0,11.6,2.8,-2.4,0.0,513.0,29.0,-29.0,0.0,0,,3835.0,70.0,-70.0,0.0,0.6,0.06,-0.06,0.0,0.62,0.06,-0.06,0.0,-0.01,0.09,-0.09,0.0,[Fe/H],11h29m20.49s,172.3353708,-01d27m18.49s,-1.4551364,55.25008,264.98752,44.0727,0.10815,-0.10815,22.661,0.0552838,-0.0552838,2023-04-17,2023-04
K2-3 b,K2-3,1,3,<a refstr=DIAMOND_LOWE_ET_AL__2022 href=https://ui.adsabs.harvard.edu/abs/2022AJ....164..172D/abstract target=ref>Diamond-Lowe et al. 2022</a>,10.0546535,8.8e-06,-9.1e-06,0.0,0.0747,0.0013,-0.0012,0.0,2.078,0.076,-0.067,0.0,3.11,0.49,-0.46,0.0,0.107,0.057,-0.059,0.0,10.5,1.0,-1.0,0.0,501.3,5.1,-5.2,0.0,0,M V,3844.0,61.0,-63.0,0.0,0.546,0.018,-0.016,0.0,0.549,0.029,-0.027,0.0,-0.157,0.075,-0.08,0.0,[Fe/H],11h29m20.49s,172.3353708,-01d27m18.49s,-1.4551364,55.25008,264.98752,44.0727,0.10815,-0.10815,22.661,0.0552838,-0.0552838,2023-07-10,2022-11
K2-3 c,K2-3,1,3,<a refstr=DIAMOND_LOWE_ET_AL__2022 href=https://ui.adsabs.harvard.edu/abs/2022AJ....164..172D/abstract target=ref>Diamond-Lowe et al. 2022</a>,24.646729,4.4e-05,-4.2e-05,0.0,0.1357,0.0023,-0.0022,0.0,1.582,0.057,-0.051,0.0,3.7,1.2,-1.2,0.0,0.048,0.073,-0.035,0.0,3.17,0.3,-0.3,0.0,371.8,3.8,-3.9,0.0,0,M V,3844.0,61.0,-63.0,0.0,0.546,0.018,-0.016,0.0,0.549,0.029,-0.027,0.0,-0.157,0.075,-0.08,0.0,[Fe/H],11h29m20.49s,172.3353708,-01d27m18.49s,-1.4551364,55.25008,264.98752,44.0727,0.10815,-0.10815,22.661,0.0552838,-0.0552838,2023-07-10,2022-11
K2-3 c,K2-3,1,3,<a refstr=BONOMO_ET_AL__2023 href=https://ui.adsabs.harvard.edu/abs/2023arXiv230405773B/abstract target=ref>Bonomo et al. 2023</a>,24.646582,3.9e-05,-3.9e-05,0.0,0.1414,0.0047,-0.0047,0.0,1.69,0.17,-0.17,0.0,3.7,2.1,-1.5,0.0,0.095,,,1.0,3.51,0.85,-0.73,0.0,381.0,21.0,-21.0,0.0,0,,3835.0,70.0,-70.0,0.0,0.6,0.06,-0.06,0.0,0.62,0.06,-0.06,0.0,-0.01,0.09,-0.09,0.0,[Fe/H],11h29m20.49s,172.3353708,-01d27m18.49s,-1.4551364,55.25008,264.98752,44.0727,0.10815,-0.10815,22.661,0.0552838,-0.0552838,2023-04-17,2023-04
K2-3 d,K2-3,1,3,<a refstr=BONOMO_ET_AL__2023 href=https://ui.adsabs.harvard.edu/abs/2023arXiv230405773B/abstract target=ref>Bonomo et al. 2023</a>,44.556456,9.7e-05,-9.7e-05,0.0,0.2097,0.007,-0.007,0.0,1.62,0.18,-0.18,0.0,2.1,,,1.0,0.097,,,1.0,1.6,0.38,-0.33,0.0,312.0,17.0,-17.0,0.0,0,,3835.0,70.0,-70.0,0.0,0.6,0.06,-0.06,0.0,0.62,0.06,-0.06,0.0,-0.01,0.09,-0.09,0.0,[Fe/H],11h29m20.49s,172.3353708,-01d27m18.49s,-1.4551364,55.25008,264.98752,44.0727,0.10815,-0.10815,22.661,0.0552838,-0.0552838,2023-04-17,2023-04
K2-32 b,K2-32,2,4,<a refstr=PETIGURA_ET_AL__2017 href=https://ui.adsabs.harvard.edu/abs/2017AJ....153..142P/abstract target=ref>Petigura et al. 2017</a>,8.99213,0.00016,-0.00016,0.0,0.08036,0.00088,-0.00088,0.0,5.13,0.28,-0.28,0.0,0.67,0.16,-0.16,0.0,0.0,,,0.0,77.7,10.8,-8.3,0.0,817.0,25.0,-25.0,0.0,0,,5275.0,60.0,-60.0,0.0,0.845,0.044,-0.035,0.0,0.856,0.028,-0.028,0.0,-0.02,0.04,-0.04,0.0,[Fe/H],16h49m42.24s,252.426008,-19d32m34.98s,-19.5430504,15.80164,0.54581,157.682,1.309,-1.288,6.31369,0.051837,-0.051837,2019-06-03,2017-04
K2-32 c,K2-32,2,4,<a refstr=PETIGURA_ET_AL__2017 href=https://ui.adsabs.harvard.edu/abs/2017AJ....153..142P/abstract target=ref>Petigura et al. 2017</a>,20.6602,0.0017,-0.0017,0.0,0.1399,0.0015,-0.0015,0.0,3.01,0.25,-0.25,0.0,2.7,,,1.0,0.0,,,0.0,25.6,3.6,-2.7,0.0,619.0,19.0,-19.0,0.0,0,,5275.0,60.0,-60.0,0.0,0.845,0.044,-0.035,0.0,0.856,0.028,-0.028,0.0,-0.02,0.04,-0.04,0.0,[Fe/H],16h49m42.24s,252.426008,-19d32m34.98s,-19.5430504,15.80164,0.54581,157.682,1.309,-1.288,6.31369,0.051837,-0.051837,2019-06-03,2017-04
K2-32 d,K2-32,2,4,<a refstr=PETIGURA_ET_AL__2017 href=https://ui.adsabs.harvard.edu/abs/2017AJ....153..142P/abstract target=ref>Petigura et al. 2017</a>,31.7154,0.0022,-0.0022,0.0,0.1862,0.002,-0.002,0.0,3.43,0.35,-0.35,0.0,1.38,0.92,-0.67,0.0,0.0,,,0.0,14.5,2.0,-1.5,0.0,537.0,16.0,-16.0,0.0,0,,5275.0,60.0,-60.0,0.0,0.845,0.044,-0.035,0.0,0.856,0.028,-0.028,0.0,-0.02,0.04,-0.04,0.0,[Fe/H],16h49m42.24s,252.426008,-19d32m34.98s,-19.5430504,15.80164,0.54581,157.682,1.309,-1.288,6.31369,0.051837,-0.051837,2019-06-03,2017-04
K2-329 b,K2-329,1,1,<a refstr=SHA_ET_AL__2021 href=https://ui.adsabs.harvard.edu/abs/2021AJ....161...82S/abstract target=ref>Sha et al. 2021</a>,12.4551225,3.1e-06,-3.1e-06,0.0,0.1016,0.0018,-0.0019,0.0,8.675766,0.291434,-0.269016,0.0,0.694,0.07,-0.072,0.0,0.0697,0.041,-0.04,0.0,45.7,2.2,-1.6,0.0,650.0,53.0,-70.0,0.0,0,,5282.0,40.0,-39.0,0.0,0.822,0.026,-0.024,0.0,0.901,0.048,-0.049,0.0,0.098,0.065,-0.07,0.0,[Fe/H],23h24m32.49s,351.1353785,-05d09m50.92s,-5.1641451,-59.8217,75.76637,233.237,2.293,-2.249,4.25907,0.0414338,-0.0414338,2020-11-13,2021-02
K2-36 b,K2-36,1,2,<a refstr=DAMASSO_ET_AL__2019 href=https://ui.adsabs.harvard.edu/abs/2019A&A...624A..38D/abstract target=ref>Damasso et al. 2019</a>,1.422614,3.8e-05,-3.8e-05,0.0,0.0223,0.0004,-0.0004,0.0,1.43,0.08,-0.08,0.0,7.2,2.5,-2.1,0.0,0.0,,,0.0,529.0,23.0,-23.0,0.0,1224.0,13.0,-13.0,0.0,0,,4916.0,35.0,-37.0,0.0,0.718,0.008,-0.006,0.0,0.79,0.01,-0.01,0.0,-0.09,0.06,-0.04,0.0,[Fe/H],11h17m47.76s,169.4490102,+03d51m59.41s,3.8665038,57.73789,254.97594,109.749,0.615,-0.609,9.08318,0.0504275,-0.0504275,2019-08-09,2019-04
K2-36 b,K2-36,1,2,<a refstr=BONOMO_ET_AL__2023 href=https://ui.adsabs.harvard.edu/abs/2023arXiv230405773B/abstract target=ref>Bonomo et al. 2023</a>,1.422614,3.8e-05,-3.8e-05,0.0,0.02288,0.0001,-0.0001,0.0,1.43,0.08,-0.08,0.0,8.0,3.1,-2.7,0.0,0.093,,,1.0,519.0,20.0,-20.0,0.0,1328.0,12.0,-12.0,0.0,0,,4916.0,37.0,-37.0,0.0,0.718,0.008,-0.006,0.0,0.79,0.01,-0.01,0.0,,,,,,11h17m47.76s,169.4490102,+03d51m59.41s,3.8665038,57.73789,254.97594,109.749,0.615,-0.609,9.08318,0.0504275,-0.0504275,2023-04-17,2023-04
K2-36 c,K2-36,1,2,<a refstr=DAMASSO_ET_AL__2019 href=https://ui.adsabs.harvard.edu/abs/2019A&A...624A..38D/abstract target=ref>Damasso et al. 2019</a>,5.340888,8.6e-05,-8.6e-05,0.0,0.054,0.001,-0.001,0.0,3.2,0.3,-0.3,0.0,1.3,0.7,-0.5,0.0,0.0,,,0.0,90.0,4.0,-4.0,0.0,788.0,9.0,-9.0,0.0,0,,4916.0,35.0,-37.0,0.0,0.718,0.008,-0.006,0.0,0.79,0.01,-0.01,0.0,-0.09,0.06,-0.04,0.0,[Fe/H],11h17m47.76s,169.4490102,+03d51m59.41s,3.8665038,57.73789,254.97594,109.749,0.615,-0.609,9.08318,0.0504275,-0.0504275,2019-08-09,2019-04
K2-36 c,K2-36,1,2,<a refstr=BONOMO_ET_AL__2023 href=https://ui.adsabs.harvard.edu/abs/2023arXiv230405773B/abstract target=ref>Bonomo et al. 2023</a>,5.340888,8.6e-05,-8.6e-05,0.0,0.05528,0.00023,-0.00023,0.0,3.2,0.3,-0.3,0.0,1.3,0.71,-0.51,0.0,0.089,,,1.0,89.0,3.4,-3.4,0.0,854.0,8.0,-8.0,0.0,0,,4916.0,37.0,-37.0,0.0,0.718,0.008,-0.006,0.0,0.79,0.01,-0.01,0.0,,,,,,11h17m47.76s,169.4490102,+03d51m59.41s,3.8665038,57.73789,254.97594,109.749,0.615,-0.609,9.08318,0.0504275,-0.0504275,2023-04-17,2023-04
K2-38 b,K2-38,1,2,<a refstr=BONOMO_ET_AL__2023 href=https://ui.adsabs.harvard.edu/abs/2023arXiv230405773B/abstract target=ref>Bonomo et al. 2023</a>,4.01593,0.0005,-0.0005,0.0,0.0503,0.0011,-0.0011,0.0,1.655,0.096,-0.096,0.0,9.3,2.4,-1.9,0.0,0.11,,,1.0,490.0,35.0,-35.0,0.0,1310.0,22.0,-22.0,0.0,0,,5705.0,66.0,-66.0,0.0,1.141,0.012,-0.012,0.0,1.054,0.07,-0.063,0.0,0.235,0.07,-0.07,0.0,[Fe/H],16h00m07.99s,240.0333095,-23d11m21.91s,-23.1894196,22.1208,349.62852,192.69,2.669,-2.597,5.16248,0.0703693,-0.0703693,2023-04-17,2023-04
K2-38 b,K2-38,1,2,<a refstr=SINUKOFF_ET_AL__2016 href=https://ui.adsabs.harvard.edu/abs/2016ApJ...827...78S/abstract target=ref>Sinukoff et al. 2016</a>,4.01593,0.0005,-0.0005,0.0,0.0506,0.0008,-0.0008,0.0,1.55,0.16,-0.16,0.0,17.5,8.5,-6.2,0.0,,,,,465.9,80.1,-80.1,0.0,1184.0,51.0,-51.0,0.0,0,G2 V,5757.0,60.0,-60.0,0.0,1.1,0.09,-0.09,0.0,1.07,0.05,-0.05,0.0,0.28,0.04,-0.04,0.0,[Fe/H],16h00m07.99s,240.0333095,-23d11m21.91s,-23.1894196,22.1208,349.62852,192.69,2.669,-2.597,5.16248,0.0703693,-0.0703693,2018-04-25,2016-08
K2-38 b,K2-38,1,2,<a refstr=TOLEDO_PADR_OACUTE_N_ET_AL__2020 href=https://ui.adsabs.harvard.edu/abs/2020A&A...641A..92T/abstract target=ref>Toledo-Padr&oacute;n et al. 2020</a>,4.01593,0.0005,-0.0005,0.0,0.04994,0.00048,-0.00049,0.0,1.54,0.14,-0.14,0.0,11.0,4.1,-2.8,0.0,0.197,0.067,-0.06,0.0,426.0,67.0,-60.0,0.0,1266.0,44.0,-50.0,0.0,0,G2 V,5731.0,66.0,-66.0,0.0,1.06,0.09,-0.06,0.0,1.03,0.04,-0.02,0.0,0.26,0.05,-0.05,0.0,[Fe/H],16h00m07.99s,240.0333095,-23d11m21.91s,-23.1894196,22.1208,349.62852,192.69,2.669,-2.597,5.16248,0.0703693,-0.0703693,2023-01-18,2020-09
K2-38 c,K2-38,1,2,<a refstr=BONOMO_ET_AL__2023 href=https://ui.adsabs.harvard.edu/abs/2023arXiv230405773B/abstract target=ref>Bonomo et al. 2023</a>,10.56103,0.0009,-0.0009,0.0,0.0959,0.0022,-0.0022,0.0,2.49,0.22,-0.22,0.0,2.63,1.0,-0.72,0.0,0.086,,,1.0,135.3,9.5,-9.5,0.0,949.0,16.0,-16.0,0.0,0,,5705.0,66.0,-66.0,0.0,1.141,0.012,-0.012,0.0,1.054,0.07,-0.063,0.0,0.235,0.07,-0.07,0.0,[Fe/H],16h00m07.99s,240.0333095,-23d11m21.91s,-23.1894196,22.1208,349.62852,192.69,2.669,-2.597,5.16248,0.0703693,-0.0703693,2023-04-17,2023-04
K2-38 c,K2-38,1,2,<a refstr=TOLEDO_PADR_OACUTE_N_ET_AL__2020 href=https://ui.adsabs.harvard.edu/abs/2020A&A...641A..92T/abstract target=ref>Toledo-Padr&oacute;n et al. 2020</a>,10.56103,0.0009,-0.0009,0.0,0.09514,0.00091,-0.00094,0.0,2.29,0.26,-0.26,0.0,3.8,1.8,-1.1,0.0,0.161,0.096,-0.078,0.0,117.0,18.0,-16.0,0.0,916.0,32.0,-37.0,0.0,0,G2 V,5731.0,66.0,-66.0,0.0,1.06,0.09,-0.06,0.0,1.03,0.04,-0.02,0.0,0.26,0.05,-0.05,0.0,[Fe/H],16h00m07.99s,240.0333095,-23d11m21.91s,-23.1894196,22.1208,349.62852,192.69,2.669,-2.597,5.16248,0.0703693,-0.0703693,2023-01-18,2020-09
K2-38 c,K2-38,1,2,<a refstr=SINUKOFF_ET_AL__2016 href=https://ui.adsabs.harvard.edu/abs/2016ApJ...827...78S/abstract target=ref>Sinukoff et al. 2016</a>,10.56103,0.0009,-0.0009,0.0,0.0964,0.0016,-0.0016,0.0,2.42,0.29,-0.29,0.0,3.6,2.7,-1.9,0.0,,,,,128.3,22.1,-22.1,0.0,858.0,37.0,-37.0,0.0,0,G2 V,5757.0,60.0,-60.0,0.0,1.1,0.09,-0.09,0.0,1.07,0.05,-0.05,0.0,0.28,0.04,-0.04,0.0,[Fe/H],16h00m07.99s,240.0333095,-23d11m21.91s,-23.1894196,22.1208,349.62852,192.69,2.669,-2.597,5.16248,0.0703693,-0.0703693,2016-07-06,2016-08
K2-39 b,K2-39,1,1,<a refstr=PETIGURA_ET_AL__2017 href=https://ui.adsabs.harvard.edu/abs/2017AJ....153..142P/abstract target=ref>Petigura et al. 2017</a>,4.60497,0.00077,-0.00077,0.0,0.0574,0.0012,-0.0012,0.0,5.71,0.63,-0.63,0.0,1.17,0.47,-0.32,0.0,0.152,0.084,-0.068,0.0,1356.0,175.0,-175.0,0.0,1670.0,54.0,-54.0,0.0,0,,4912.0,60.0,-60.0,0.0,2.93,0.21,-0.21,0.0,1.192,0.085,-0.07,0.0,0.43,0.04,-0.04,0.0,[Fe/H],22h33m28.37s,338.3682095,-09d01m22.59s,-9.0229405,-52.74736,55.42682,307.47,4.656,-4.656,3.2244,0.0488659,-0.0488659,2018-04-25,2017-04
K2-419 A b,K2-419 A,2,1,<a refstr=KANODIA_ET_AL__2024 href=https://ui.adsabs.harvard.edu/abs/2024arXiv240814694K/abstract target=ref>Kanodia et al. 2024</a>,20.35847252,6.14e-06,-5.75e-06,0.0,0.1208,0.0016,-0.0017,0.0,10.55,0.39,-0.39,0.0,0.916,0.136,-0.114,0.0,0.042,0.045,-0.029,0.0,3.3,0.4,-0.4,0.0,377.0,11.0,-11.0,0.0,0,,3711.0,88.0,-88.0,0.0,0.541,0.017,-0.017,0.0,0.562,0.024,-0.024,0.0,-0.11,0.12,-0.12,0.0,[Fe/H],09h00m04.68s,135.0194934,+13d16m25.34s,13.2737056,34.45558,215.14807,268.685,3.6615,-3.6615,3.69372,0.0503318,-0.0503318,2024-09-03,2024-08
K2-66 b,K2-66,1,1,<a refstr=SINUKOFF_ET_AL__2017 href=https://ui.adsabs.harvard.edu/abs/2017AJ....153..271S/abstract target=ref>Sinukoff et al. 2017</a>,5.06963,0.00081,-0.00081,0.0,0.05983,0.00072,-0.00072,0.0,2.49,0.34,-0.24,0.0,7.8,2.7,-2.7,0.0,0.0,,,0.0,840.0,125.0,-125.0,0.0,1372.0,51.0,-51.0,0.0,0,,5887.0,46.0,-46.0,0.0,1.67,0.12,-0.12,0.0,1.11,0.04,-0.04,0.0,-0.047,0.02,-0.02,0.0,[Fe/H],22h06m06.40s,331.5266563,-10d42m41.53s,-10.7115362,-47.84963,47.69523,513.877,24.123,-22.087,1.92148,0.0866516,-0.0866516,2019-07-19,2017-06
K2-79 b,K2-79,1,1,<a refstr=BONOMO_ET_AL__2023 href=https://ui.adsabs.harvard.edu/abs/2023arXiv230405773B/abstract target=ref>Bonomo et al. 2023</a>,10.9947,0.00047,-0.00047,0.0,0.0988,0.0017,-0.0023,0.0,4.09,0.17,-0.12,0.0,0.73,0.21,-0.2,0.0,0.23,,,1.0,181.0,15.0,-15.0,0.0,1022.0,20.0,-20.0,0.0,0,,5897.0,118.0,-118.0,0.0,1.265,0.041,-0.027,0.0,1.066,0.057,-0.07,0.0,0.035,0.06,-0.06,0.0,[Fe/H],03h41m01.42s,55.2559307,+13d31m09.07s,13.5191871,-32.1709,173.69037,256.011,2.349,-2.307,3.8775,0.0352454,-0.0352454,2023-04-17,2023-04
KELT-10 b,KELT-10,1,1,<a refstr=KUHN_ET_AL__2016 href=https://ui.adsabs.harvard.edu/abs/2016MNRAS.459.4281K/abstract target=ref>Kuhn et al. 2016</a>,4.1662739,6.3e-06,-6.3e-06,0.0,0.0525,0.00086,-0.00097,0.0,15.681391,0.773421,-0.549241,0.0,0.308,0.033,-0.04,0.0,,,,,600.0,50.0,-40.0,0.0,1377.0,28.0,-23.0,0.0,0,G0 V,5948.0,74.0,-74.0,0.0,1.209,0.047,-0.035,0.0,1.112,0.055,-0.061,0.0,0.09,0.11,-0.1,0.0,[Fe/H],18h58m11.61s,284.5483823,-47d00m11.91s,-47.0033072,-20.57244,349.65854,188.404,2.182,-2.132,5.28004,0.0603006,-0.0603006,2016-04-27,2016-07
KELT-11 b,KELT-11,1,1,<a refstr=PEPPER_ET_AL__2017 href=https://ui.adsabs.harvard.edu/abs/2017AJ....153..215P/abstract target=ref>Pepper et al. 2017</a>,4.736529,6.8e-05,-5.9e-05,0.0,0.06229,0.00088,-0.00076,0.0,15.35633,1.68135,-1.34508,0.0,0.093,0.028,-0.024,0.0,0.0,,,0.0,1433.0,176.0,-147.0,0.0,1712.0,51.0,-46.0,0.0,0,,5370.0,51.0,-50.0,0.0,2.72,0.21,-0.17,0.0,1.438,0.061,-0.052,0.0,0.18,0.075,-0.075,0.0,[Fe/H],10h46m49.66s,161.7069053,-09d23m57.71s,-9.3993646,42.6058,259.03088,99.1596,0.52105,-0.52105,10.0562,0.0525965,-0.0525965,2019-01-03,2017-05
KELT-12 b,KELT-12,1,1,<a refstr=STEVENS_ET_AL__2017 href=https://ui.adsabs.harvard.edu/abs/2017AJ....153..178S/abstract target=ref>Stevens et al. 2017</a>,5.031623,3.2e-05,-3.1e-05,0.0,0.06708,0.00097,-0.0013,0.0,19.95202,1.90553,-1.79344,0.0,0.209,0.071,-0.053,0.0,0.0,,,0.0,1749.0,235.0,-213.0,0.0,1800.0,57.0,-57.0,0.0,0,,6279.0,51.0,-51.0,0.0,2.37,0.17,-0.17,0.0,1.591,0.07,-0.093,0.0,0.19,0.084,-0.085,0.0,[Fe/H],17h50m33.72s,267.6404906,+36d34m12.63s,36.5701761,27.34278,62.18909,368.03,3.157,-3.106,2.68846,0.0229467,-0.0229467,2017-04-24,2017-04
KELT-18 b,KELT-18,2,1,<a refstr=MCLEOD_ET_AL__2017 href=https://ui.adsabs.harvard.edu/abs/2017AJ....153..263M/abstract target=ref>McLeod et al. 2017</a>,2.8717518,2.8e-06,-2.8e-06,0.0,0.0455,0.00067,-0.00069,0.0,17.59813,0.470778,-0.403524,0.0,0.377,0.04,-0.04,0.0,0.0,,,0.0,3152.0,242.0,-220.0,0.0,2085.0,39.0,-38.0,0.0,0,F4 V,6670.0,120.0,-120.0,0.0,1.908,0.042,-0.035,0.0,1.524,0.069,-0.068,0.0,0.09,0.13,-0.13,0.0,[Fe/H],14h26m05.72s,216.5238248,+59d26m39.38s,59.4442735,53.81036,102.71473,321.376,2.509,-2.47,3.08284,0.0239248,-0.0239248,2017-04-24,2017-06
KELT-19 A b,KELT-19 A,2,1,<a refstr=SIVERD_ET_AL__2018 href=https://ui.adsabs.harvard.edu/abs/2018AJ....155...35S/abstract target=ref>Siverd et al. 2018</a>,4.6117093,8.8e-06,-8.8e-06,0.0,0.0637,0.0031,-0.0027,0.0,21.40919,1.23299,-1.23299,0.0,0.744,,,1.0,,,,,2340.0,184.0,-184.0,0.0,1935.0,38.0,-38.0,0.0,1,A8 V,7500.0,110.0,-110.0,0.0,1.83,0.099,-0.099,0.0,1.62,0.25,-0.2,0.0,-0.12,0.51,-0.51,0.0,[Fe/H],07h26m02.29s,111.5095293,+07d36m56.79s,7.6157759,11.13398,210.01238,300.276,4.684,-4.544,3.30249,0.0507721,-0.0507721,2018-01-08,2018-01
KELT-20 b,KELT-20,1,1,<a refstr=LUND_ET_AL__2017 href=https://ui.adsabs.harvard.edu/abs/2017AJ....154..194L/abstract target=ref>Lund et al. 2017</a>,3.4741085,1.9e-06,-1.9e-06,0.0,0.0542,0.0014,-0.0021,0.0,19.514869,0.773421,-0.829466,0.0,0.806,,,1.0,,,,,4362.5,595.2,-536.4,0.0,2262.0,73.0,-73.0,0.0,0,A2 V,8720.0,250.0,-260.0,0.0,1.565,0.057,-0.064,0.0,1.76,0.14,-0.19,0.0,-0.29,0.22,-0.36,0.0,[Fe/H],19h38m38.74s,294.6614126,+31d13m09.12s,31.2192001,4.62728,65.80767,136.426,0.816,-0.807,7.30148,0.0432848,-0.0432848,2019-12-02,2017-11
KELT-21 b,KELT-21,1,1,<a refstr=JOHNSON_ET_AL__2018 href=https://ui.adsabs.harvard.edu/abs/2018AJ....155..100J/abstract target=ref>Johnson et al. 2018</a>,3.6127647,3.3e-06,-3.3e-06,0.0,0.05224,0.00035,-0.00034,0.0,17.777474,0.437151,-0.44836,0.0,1.24,,,1.0,0.0,,,0.0,2950.0,169.0,-169.0,0.0,2051.0,29.0,-30.0,0.0,0,A8 V,7598.0,81.0,-84.0,0.0,1.638,0.034,-0.034,0.0,1.458,0.029,-0.028,0.0,-0.405,0.032,-0.033,0.0,[Fe/H],20h19m12.01s,304.8000322,+32d34m51.76s,32.5810446,-1.9865,71.48138,470.878,6.471,-6.3,2.0953,0.028577,-0.028577,2018-02-01,2018-02
KELT-23 A b,KELT-23 A,2,1,<a refstr=JOHNS_ET_AL__2019 href=https://ui.adsabs.harvard.edu/abs/2019AJ....158...78J/abstract target=ref>Johns et al. 2019</a>,2.255251,1.1e-05,-1.2e-05,0.0,0.03302,0.00068,-0.00064,0.0,14.829507,0.280225,-0.280225,0.0,0.503,0.039,-0.036,0.0,0.0,,,0.0,991.183,51.433,-49.229,0.0,1561.0,20.0,-20.0,0.0,0,G2 V,5899.0,49.0,-49.0,0.0,0.996,0.015,-0.015,0.0,0.944,0.06,-0.054,0.0,-0.105,0.078,-0.077,0.0,[Fe/H],15h28m35.19s,232.1466406,+66d21m31.35s,66.3587097,43.94313,102.28211,126.261,0.352,-0.351,7.89124,0.021899,-0.021899,2019-06-07,2019-08
KELT-24 b,KELT-24,2,1,<a refstr=RODRIGUEZ_ET_AL__2019 href=https://ui.adsabs.harvard.edu/abs/2019AJ....158..197R/abstract target=ref>Rodriguez et al. 2019</a>,5.5514926,8.1e-06,-8e-06,0.0,0.06969,0.00087,-0.00096,0.0,14.257848,0.235389,-0.235389,0.0,3.13,0.19,-0.19,0.0,0.077,0.024,-0.025,0.0,750.9,31.6,-30.9,0.0,1459.0,16.0,-16.0,0.0,0,,6509.0,50.0,-49.0,0.0,1.506,0.022,-0.022,0.0,1.46,0.055,-0.059,0.0,0.186,0.077,-0.076,0.0,[Fe/H],10h47m38.17s,161.9090273,+71d39m20.62s,71.655727,42.30144,135.57326,96.5173,0.3132,-0.3113,10.332,0.0332707,-0.0332707,2019-09-06,2019-11
KELT-24 b,KELT-24,2,1,<a refstr=GIOVINAZZI_ET_AL__2024 href=https://ui.adsabs.harvard.edu/abs/2024AJ....168..118G/abstract target=ref>Giovinazzi et al. 2024</a>,5.55149296,5e-07,-5.3e-07,0.0,0.0665,0.0011,-0.0011,0.0,12.71098411,0.30264248,-0.2914335,0.0,3.9,0.19,-0.2,0.0,0.0319,0.0079,-0.0074,0.0,624.0,40.0,-40.0,0.0,1391.0,22.0,-23.0,0.0,0,,6426.0,93.0,-91.0,0.0,1.338,0.032,-0.03,0.0,1.268,0.063,-0.063,0.0,0.138,0.086,-0.082,0.0,[Fe/H],10h47m38.17s,161.9090273,+71d39m20.62s,71.655727,42.30144,135.57326,96.5173,0.3132,-0.3113,10.332,0.0332707,-0.0332707,2024-08-29,2024-09
KELT-4 A b,KELT-4 A,3,1,<a refstr=EASTMAN_ET_AL__2016 href=https://ui.adsabs.harvard.edu/abs/2016AJ....151...45E/abstract target=ref>Eastman et al. 2016</a>,2.9895932,4.9e-06,-4.9e-06,0.0,0.04317,0.00079,-0.00074,0.0,19.044091,0.515614,-0.504405,0.0,0.228,0.019,-0.018,0.0,0.0,,,0.0,1840.0,110.0,-110.0,0.0,1823.0,27.0,-27.0,0.0,0,F,6206.0,75.0,-75.0,0.0,1.603,0.039,-0.038,0.0,1.201,0.067,-0.061,0.0,-0.116,0.065,-0.069,0.0,[Fe/H],10h28m15.03s,157.06262,+25d34m23.29s,25.5731366,57.99257,207.45808,218.05,2.106,-2.067,4.55767,0.0435521,-0.0435521,2021-05-17,2016-02
KELT-9 b,KELT-9,2,1,<a refstr=GAUDI_ET_AL__2017 href=https://ui.adsabs.harvard.edu/abs/2017Natur.546..514G/abstract target=ref>Gaudi et al. 2017</a>,1.4811235,1.1e-06,-1.1e-06,0.0,0.03462,0.0011,-0.00093,0.0,21.196219,0.683749,-0.594077,0.0,0.53,0.15,-0.15,0.0,0.0,,,0.0,44900.0,8100.0,-7200.0,0.0,4050.0,180.0,-180.0,0.0,0,B9.5-A0,10170.0,450.0,-450.0,0.0,2.362,0.075,-0.063,0.0,2.52,0.25,-0.2,0.0,-0.03,0.2,-0.2,0.0,[Fe/H],20h31m26.38s,307.8598998,+39d56m20.10s,39.9389161,0.24852,78.91292,204.455,1.582,-1.558,4.86254,0.0372738,-0.0372738,2017-06-02,2017-06
KPS-1 b,KPS-1,1,1,<a refstr=BURDANOV_ET_AL__2018 href=https://ui.adsabs.harvard.edu/abs/2018PASP..130g4401B/abstract target=ref>Burdanov et al. 2018</a>,1.706291,5.9e-05,-5.9e-05,0.0,0.0269,0.001,-0.001,0.0,11.54527,1.45717,-1.34508,0.0,1.31,0.49,-0.36,0.0,0.0,,,0.0,729.0,130.0,-110.0,0.0,1459.0,56.0,-56.0,0.0,0,K1 V,5165.0,90.0,-90.0,0.0,0.907,0.086,-0.082,0.0,0.892,0.09,-0.1,0.0,0.22,0.13,-0.13,0.0,[Fe/H],11h00m40.13s,165.167198,+64d57m49.84s,64.9638452,48.29956,140.12745,262.706,2.62,-2.57,3.778,0.0373158,-0.0373158,2018-04-25,2018-07
Kepler-10 b,Kepler-10,1,3,<a refstr=BONOMO_ET_AL__2023 href=https://ui.adsabs.harvard.edu/abs/2023arXiv230405773B/abstract target=ref>Bonomo et al. 2023</a>,0.8374907,2e-07,-2e-07,0.0,0.01685,0.00013,-0.00013,0.0,1.47,0.03,-0.02,0.0,5.57,0.61,-0.59,0.0,0.0,,,0.0,3820.0,120.0,-120.0,0.0,2188.0,16.0,-16.0,0.0,0,,5708.0,28.0,-28.0,0.0,1.065,0.009,-0.009,0.0,0.91,0.021,-0.021,0.0,-0.15,0.04,-0.04,0.0,[Fe/H],19h02m43.03s,285.679298,+50d14m29.34s,50.2414842,18.81626,80.48988,185.506,0.811,-0.805,5.36185,0.0233009,-0.0233009,2023-04-17,2023-04
Kepler-10 c,Kepler-10,1,3,<a refstr=BONOMO_ET_AL__2023 href=https://ui.adsabs.harvard.edu/abs/2023arXiv230405773B/abstract target=ref>Bonomo et al. 2023</a>,45.294301,4.8e-05,-4.8e-05,0.0,0.241,0.0019,-0.0019,0.0,2.355,0.022,-0.022,0.0,4.78,0.56,-0.54,0.0,0.13,0.05,-0.05,0.0,18.68,0.57,-0.57,0.0,578.0,4.0,-4.0,0.0,1,,5708.0,28.0,-28.0,0.0,1.065,0.009,-0.009,0.0,0.91,0.021,-0.021,0.0,-0.15,0.04,-0.04,0.0,[Fe/H],19h02m43.03s,285.679298,+50d14m29.34s,50.2414842,18.81626,80.48988,185.506,0.811,-0.805,5.36185,0.0233009,-0.0233009,2023-04-17,2023-04
Kepler-102 b,Kepler-102,1,5,<a refstr=BONOMO_ET_AL__2023 href=https://ui.adsabs.harvard.edu/abs/2023arXiv230405773B/abstract target=ref>Bonomo et al. 2023</a>,5.286965,1.2e-05,-1.2e-05,0.0,0.05521,0.00049,-0.00049,0.0,0.46,0.026,-0.026,0.0,62.0,,,1.0,0.1,,,1.0,90.0,9.0,-9.0,0.0,857.0,20.0,-20.0,0.0,0,,4909.0,98.0,-98.0,0.0,0.724,0.018,-0.018,0.0,0.803,0.021,-0.021,0.0,0.11,0.04,-0.04,0.0,[Fe/H],18h45m55.79s,281.4824731,+47d12m28.17s,47.2078263,20.43475,76.48359,107.796,0.22,-0.219,9.24784,0.018766,-0.018766,2023-04-17,2023-04
Kepler-102 c,Kepler-102,1,5,<a refstr=BONOMO_ET_AL__2023 href=https://ui.adsabs.harvard.edu/abs/2023arXiv230405773B/abstract target=ref>Bonomo et al. 2023</a>,7.071392,2.2e-05,-2.2e-05,0.0,0.06702,0.00059,-0.00059,0.0,0.567,0.028,-0.028,0.0,52.0,,,1.0,0.094,,,1.0,61.0,6.1,-6.1,0.0,777.0,18.0,-18.0,0.0,0,,4909.0,98.0,-98.0,0.0,0.724,0.018,-0.018,0.0,0.803,0.021,-0.021,0.0,0.11,0.04,-0.04,0.0,[Fe/H],18h45m55.79s,281.4824731,+47d12m28.17s,47.2078263,20.43475,76.48359,107.796,0.22,-0.219,9.24784,0.018766,-0.018766,2023-04-17,2023-04
Kepler-102 d,Kepler-102,1,5,<a refstr=BONOMO_ET_AL__2023 href=https://ui.adsabs.harvard.edu/abs/2023arXiv230405773B/abstract target=ref>Bonomo et al. 2023</a>,10.311767,4.1e-06,-4.1e-06,0.0,0.08618,0.00076,-0.00076,0.0,1.154,0.058,-0.058,0.0,10.7,5.1,-4.6,0.0,0.092,,,1.0,36.9,3.7,-3.7,0.0,686.0,16.0,-16.0,0.0,0,,4909.0,98.0,-98.0,0.0,0.724,0.018,-0.018,0.0,0.803,0.021,-0.021,0.0,0.11,0.04,-0.04,0.0,[Fe/H],18h45m55.79s,281.4824731,+47d12m28.17s,47.2078263,20.43475,76.48359,107.796,0.22,-0.219,9.24784,0.018766,-0.018766,2023-04-17,2023-04
Kepler-102 e,Kepler-102,1,5,<a refstr=BONOMO_ET_AL__2023 href=https://ui.adsabs.harvard.edu/abs/2023arXiv230405773B/abstract target=ref>Bonomo et al. 2023</a>,16.1456994,2.2e-06,-2.2e-06,0.0,0.1162,0.001,-0.001,0.0,2.17,0.11,-0.11,0.0,2.5,1.1,-0.98,0.0,0.089,,,1.0,20.3,2.0,-2.0,0.0,590.0,14.0,-14.0,0.0,0,,4909.0,98.0,-98.0,0.0,0.724,0.018,-0.018,0.0,0.803,0.021,-0.021,0.0,0.11,0.04,-0.04,0.0,[Fe/H],18h45m55.79s,281.4824731,+47d12m28.17s,47.2078263,20.43475,76.48359,107.796,0.22,-0.219,9.24784,0.018766,-0.018766,2023-04-17,2023-04
Kepler-102 f,Kepler-102,1,5,<a refstr=BONOMO_ET_AL__2023 href=https://ui.adsabs.harvard.edu/abs/2023arXiv230405773B/abstract target=ref>Bonomo et al. 2023</a>,27.453592,6e-05,-6e-05,0.0,0.1656,0.0015,-0.0015,0.0,0.861,0.022,-0.022,0.0,37.0,,,1.0,0.1,,,1.0,10.0,1.0,-1.0,0.0,495.0,11.0,-11.0,0.0,0,,4909.0,98.0,-98.0,0.0,0.724,0.018,-0.018,0.0,0.803,0.021,-0.021,0.0,0.11,0.04,-0.04,0.0,[Fe/H],18h45m55.79s,281.4824731,+47d12m28.17s,47.2078263,20.43475,76.48359,107.796,0.22,-0.219,9.24784,0.018766,-0.018766,2023-04-17,2023-04
Kepler-103 b,Kepler-103,1,2,<a refstr=BONOMO_ET_AL__2023 href=https://ui.adsabs.harvard.edu/abs/2023arXiv230405773B/abstract target=ref>Bonomo et al. 2023</a>,15.9653287,9.2e-06,-9.2e-06,0.0,0.13223,0.00085,-0.0013,0.0,3.486,0.057,-0.054,0.0,1.28,0.52,-0.5,0.0,0.093,,,1.0,149.9,8.6,-8.6,0.0,973.0,13.0,-13.0,0.0,1,,6009.0,64.0,-64.0,0.0,1.492,0.024,-0.022,0.0,1.212,0.024,-0.033,0.0,0.16,0.04,-0.04,0.0,[Fe/H],19h15m56.29s,288.9845512,+40d03m52.15s,40.0644857,12.75709,71.65202,494.832,5.894,-5.758,1.9923,0.0236114,-0.0236114,2023-04-17,2023-04
Kepler-103 c,Kepler-103,1,2,<a refstr=BONOMO_ET_AL__2023 href=https://ui.adsabs.harvard.edu/abs/2023arXiv230405773B/abstract target=ref>Bonomo et al. 2023</a>,179.60978,0.0002,-0.0002,0.0,0.6639,0.0043,-0.0063,0.0,5.45,0.18,-0.18,0.0,1.29,0.58,-0.55,0.0,0.095,,,1.0,5.95,0.34,-0.34,0.0,434.0,6.0,-6.0,0.0,1,,6009.0,64.0,-64.0,0.0,1.492,0.024,-0.022,0.0,1.212,0.024,-0.033,0.0,0.16,0.04,-0.04,0.0,[Fe/H],19h15m56.29s,288.9845512,+40d03m52.15s,40.0644857,12.75709,71.65202,494.832,5.894,-5.758,1.9923,0.0236114,-0.0236114,2023-04-17,2023-04
Kepler-107 b,Kepler-107,1,4,<a refstr=BONOMO_ET_AL__2023 href=https://ui.adsabs.harvard.edu/abs/2023arXiv230405773B/abstract target=ref>Bonomo et al. 2023</a>,3.1800218,2.9e-06,-2.9e-06,0.0,0.04544,0.00036,-0.00036,0.0,1.536,0.025,-0.025,0.0,5.8,2.7,-2.6,0.0,0.1,,,1.0,1073.0,53.0,-53.0,0.0,1592.0,19.0,-19.0,0.0,0,,5854.0,61.0,-61.0,0.0,1.447,0.014,-0.014,0.0,1.238,0.029,-0.029,0.0,0.321,0.065,-0.065,0.0,[Fe/H],19h48m06.76s,297.028162,+48d12m30.97s,48.2086019,11.23255,81.72606,525.997,5.697,-5.577,1.87249,0.0202185,-0.0202185,2023-04-17,2023-04
Kepler-107 c,Kepler-107,1,4,<a refstr=BONOMO_ET_AL__2023 href=https://ui.adsabs.harvard.edu/abs/2023arXiv230405773B/abstract target=ref>Bonomo et al. 2023</a>,4.901452,0.0,0.0,0.0,0.06064,0.00048,-0.00048,0.0,1.597,0.026,-0.026,0.0,13.5,2.9,-2.8,0.0,0.08,,,1.0,602.0,30.0,-30.0,0.0,1378.0,16.0,-16.0,0.0,0,,5854.0,61.0,-61.0,0.0,1.447,0.014,-0.014,0.0,1.238,0.029,-0.029,0.0,0.321,0.065,-0.065,0.0,[Fe/H],19h48m06.76s,297.028162,+48d12m30.97s,48.2086019,11.23255,81.72606,525.997,5.697,-5.577,1.87249,0.0202185,-0.0202185,2023-04-17,2023-04
Kepler-107 d,Kepler-107,1,4,<a refstr=BONOMO_ET_AL__2023 href=https://ui.adsabs.harvard.edu/abs/2023arXiv230405773B/abstract target=ref>Bonomo et al. 2023</a>,7.95839,0.00012,-0.00012,0.0,0.08377,0.00065,-0.00065,0.0,0.86,0.06,-0.06,0.0,67.0,,,1.0,0.11,,,1.0,315.0,16.0,-16.0,0.0,1173.0,14.0,-14.0,0.0,0,,5854.0,61.0,-61.0,0.0,1.447,0.014,-0.014,0.0,1.238,0.029,-0.029,0.0,0.321,0.065,-0.065,0.0,[Fe/H],19h48m06.76s,297.028162,+48d12m30.97s,48.2086019,11.23255,81.72606,525.997,5.697,-5.577,1.87249,0.0202185,-0.0202185,2023-04-17,2023-04
Kepler-107 e,Kepler-107,1,4,<a refstr=BONOMO_ET_AL__2023 href=https://ui.adsabs.harvard.edu/abs/2023arXiv230405773B/abstract target=ref>Bonomo et al. 2023</a>,14.749143,1.9e-05,-1.9e-05,0.0,0.12638,0.00099,-0.00099,0.0,2.903,0.035,-0.035,0.0,3.18,0.75,-0.74,0.0,0.1,,,1.0,138.7,6.8,-6.8,0.0,955.0,11.0,-11.0,0.0,0,,5854.0,61.0,-61.0,0.0,1.447,0.014,-0.014,0.0,1.238,0.029,-0.029,0.0,0.321,0.065,-0.065,0.0,[Fe/H],19h48m06.76s,297.028162,+48d12m30.97s,48.2086019,11.23255,81.72606,525.997,5.697,-5.577,1.87249,0.0202185,-0.0202185,2023-04-17,2023-04
Kepler-109 b,Kepler-109,1,2,<a refstr=BONOMO_ET_AL__2023 href=https://ui.adsabs.harvard.edu/abs/2023arXiv230405773B/abstract target=ref>Bonomo et al. 2023</a>,6.4816307,4.8e-06,-4.8e-06,0.0,0.0701,0.0019,-0.0019,0.0,2.49,0.11,-0.11,0.0,1.7,,,1.0,0.11,,,1.0,442.0,34.0,-34.0,0.0,1276.0,23.0,-23.0,0.0,0,,5950.0,62.0,-62.0,0.0,1.387,0.021,-0.021,0.0,1.094,0.086,-0.078,0.0,-0.02,0.065,-0.065,0.0,[Fe/H],19h21m34.24s,290.3926795,+40d17m05.67s,40.2849074,11.87795,72.32578,474.861,5.349,-5.233,2.07728,0.0232852,-0.0232852,2023-04-17,2023-04
Kepler-109 c,Kepler-109,1,2,<a refstr=BONOMO_ET_AL__2023 href=https://ui.adsabs.harvard.edu/abs/2023arXiv230405773B/abstract target=ref>Bonomo et al. 2023</a>,21.22265,2.7e-05,-2.7e-05,0.0,0.1546,0.0042,-0.0042,0.0,2.65,0.12,-0.12,0.0,2.4,,,1.0,0.098,,,1.0,91.0,7.1,-7.1,0.0,859.0,16.0,-16.0,0.0,0,,5950.0,62.0,-62.0,0.0,1.387,0.021,-0.021,0.0,1.094,0.086,-0.078,0.0,-0.02,0.065,-0.065,0.0,[Fe/H],19h21m34.24s,290.3926795,+40d17m05.67s,40.2849074,11.87795,72.32578,474.861,5.349,-5.233,2.07728,0.0232852,-0.0232852,2023-04-17,2023-04
Kepler-111 c,Kepler-111,1,2,<a refstr=DALBA_ET_AL__2024 href=https://ui.adsabs.harvard.edu/abs/2024ApJS..271...16D/abstract target=ref>Dalba et al. 2024</a>,224.77833,0.00026,-0.00026,0.0,0.751,0.013,-0.016,0.0,7.0840758,0.25780656,-0.23538859,0.0,3.42,0.82,-0.72,0.0,0.176,0.08,-0.085,0.0,2.48,0.21,-0.18,0.0,352.2,6.4,-5.7,0.0,1,,5914.0,81.0,-82.0,0.0,1.145,0.04,-0.037,0.0,1.118,0.061,-0.068,0.0,0.237,0.058,-0.059,0.0,[Fe/H],19h26m36.76s,291.653163,+44d41m17.74s,44.6882613,12.94056,76.80348,657.223,6.014,-5.908,1.49272,0.0136964,-0.0136964,2024-09-13,2024-03
Kepler-138 b,Kepler-138,1,4,<a refstr=PIAULET_ET_AL__2022 href=https://ui.adsabs.harvard.edu/abs/2022NatAs.tmp..269P/abstract target=ref>Piaulet et al. 2022</a>,10.3134,0.0003,-0.0003,0.0,0.0753,0.0006,-0.0006,0.0,0.64,0.02,-0.02,0.0,1.7,0.5,-0.5,0.0,0.02,0.009,-0.009,0.0,9.9,0.7,-0.7,0.0,452.0,8.0,-9.0,0.0,1,,3841.0,50.0,-51.0,0.0,0.535,0.013,-0.014,0.0,0.535,0.012,-0.012,0.0,-0.18,0.1,-0.1,0.0,[Fe/H],19h21m31.54s,290.3814122,+43d17m35.03s,43.2930645,13.17249,75.10743,66.8624,0.107,-0.107,14.9272,0.0237547,-0.0237547,2023-01-04,2022-12
Kepler-138 c,Kepler-138,1,4,<a refstr=PIAULET_ET_AL__2022 href=https://ui.adsabs.harvard.edu/abs/2022NatAs.tmp..269P/abstract target=ref>Piaulet et al. 2022</a>,13.7815,7e-05,-9e-05,0.0,0.0913,0.0007,-0.0007,0.0,1.51,0.04,-0.04,0.0,3.6,1.1,-0.9,0.0,0.017,0.008,-0.007,0.0,6.8,0.5,-0.5,0.0,410.0,8.0,-8.0,0.0,1,,3841.0,50.0,-51.0,0.0,0.535,0.013,-0.014,0.0,0.535,0.012,-0.012,0.0,-0.18,0.1,-0.1,0.0,[Fe/H],19h21m31.54s,290.3814122,+43d17m35.03s,43.2930645,13.17249,75.10743,66.8624,0.107,-0.107,14.9272,0.0237547,-0.0237547,2023-01-04,2022-12
Kepler-138 d,Kepler-138,1,4,<a refstr=PIAULET_ET_AL__2022 href=https://ui.adsabs.harvard.edu/abs/2022NatAs.tmp..269P/abstract target=ref>Piaulet et al. 2022</a>,23.0923,0.0006,-0.0006,0.0,0.1288,0.001,-0.001,0.0,1.51,0.04,-0.04,0.0,3.6,1.1,-1.1,0.0,0.01,0.005,-0.005,0.0,3.4,0.2,-0.2,0.0,345.0,7.0,-7.0,0.0,1,,3841.0,50.0,-51.0,0.0,0.535,0.013,-0.014,0.0,0.535,0.012,-0.012,0.0,-0.18,0.1,-0.1,0.0,[Fe/H],19h21m31.54s,290.3814122,+43d17m35.03s,43.2930645,13.17249,75.10743,66.8624,0.107,-0.107,14.9272,0.0237547,-0.0237547,2023-01-04,2022-12
Kepler-1514 b,Kepler-1514,1,2,<a refstr=DALBA_ET_AL__2021 href=https://ui.adsabs.harvard.edu/abs/2021AJ....161..103D/abstract target=ref>Dalba et al. 2021</a>,217.83184,0.00012,-0.00012,0.0,0.753,0.013,-0.014,0.0,12.419572,0.257807,-0.257807,0.0,4.82,0.26,-0.25,0.0,0.401,0.013,-0.014,0.0,3.23,0.21,-0.18,0.0,387.9,6.0,-5.0,0.0,0,,6145.0,99.0,-80.0,0.0,1.289,0.027,-0.026,0.0,1.196,0.065,-0.063,0.0,0.119,0.08,-0.075,0.0,[Fe/H],19h30m30.60s,292.6274943,+37d51m36.60s,37.8601653,9.24415,70.90471,397.292,4.122,-4.039,2.4885,0.0256571,-0.0256571,2021-01-05,2021-03
Kepler-1654 b,Kepler-1654,1,1,<a refstr=BEICHMAN_ET_AL__2018 href=https://ui.adsabs.harvard.edu/abs/2018AJ....155..158B/abstract target=ref>Beichman et al. 2018</a>,1047.8356,0.0018,-0.0019,0.0,2.026,0.037,-0.035,0.0,9.180171,0.212971,-0.190553,0.0,1.2,,,1.0,0.26,0.21,-0.11,0.0,0.3,0.022,-0.02,0.0,206.0,3.7,-3.5,0.0,0,G5 V,5597.0,95.0,-93.0,0.0,1.179,0.026,-0.023,0.0,1.011,0.056,-0.052,0.0,-0.088,0.097,-0.095,0.0,[Fe/H],18h48m44.57s,282.1856949,+44d26m04.06s,44.4344617,19.06885,73.86663,568.117,3.878,-3.828,1.73131,0.0118485,-0.0118485,2018-03-05,2018-04
Kepler-1655 b,Kepler-1655,1,1,<a refstr=BONOMO_ET_AL__2023 href=https://ui.adsabs.harvard.edu/abs/2023arXiv230405773B/abstract target=ref>Bonomo et al. 2023</a>,11.8728787,8.5e-06,-8.5e-06,0.0,0.1029,0.0014,-0.0014,0.0,2.213,0.082,-0.082,0.0,2.72,0.97,-0.9,0.0,0.19,,,1.0,129.1,8.8,-8.8,0.0,938.0,15.0,-15.0,0.0,0,,6148.0,71.0,-71.0,0.0,1.03,0.02,-0.02,0.0,1.03,0.04,-0.04,0.0,-0.24,0.05,-0.05,0.0,[Fe/H],19h06m45.50s,286.6895986,+39d12m43.49s,39.2120802,14.01685,70.10576,213.26,0.991,-0.982,4.66028,0.0215272,-0.0215272,2023-04-17,2023-04
Kepler-1661 b,Kepler-1661,2,1,<a refstr=SOCIA_ET_AL__2020 href=https://ui.adsabs.harvard.edu/abs/2020AJ....159...94S/abstract target=ref>Socia et al. 2020</a>,175.06,0.06,-0.06,0.0,0.633,0.005,-0.005,0.0,3.87,0.06,-0.06,0.0,1.6,1.1,-1.1,0.0,0.057,0.005,-0.005,0.0,0.88,,,0.0,243.0,,,0.0,0,K,5100.0,100.0,-100.0,0.0,0.762,0.01,-0.01,0.0,0.841,0.022,-0.022,0.0,-0.12,0.1,-0.1,0.0,[M/H],19h00m40.10s,285.1670927,+41d58m00.98s,41.9669383,16.15714,72.26462,410.607,2.8825,-2.8825,2.4066,0.0169712,-0.0169712,2020-02-21,2020-03
Kepler-1704 b,Kepler-1704,1,1,<a refstr=DALBA_ET_AL__2021 href=https://ui.adsabs.harvard.edu/abs/2021AJ....162..154D/abstract target=ref>Dalba et al. 2021</a>,988.88112,0.00091,-0.00091,0.0,2.027,0.024,-0.03,0.0,11.94877343,0.49319515,-0.47077719,0.0,4.07,0.55,-0.49,0.0,0.92,0.01,-0.016,0.0,0.342,0.02,-0.021,0.0,253.8,3.7,-4.1,0.0,0,,5746.0,87.0,-88.0,0.0,1.697,0.059,-0.058,0.0,1.132,0.04,-0.05,0.0,0.196,0.058,-0.058,0.0,[Fe/H],19h24m48.30s,291.2012559,+51d08m39.28s,51.1442437,15.90743,82.73316,835.455,9.323,-9.122,1.16809,0.0131131,-0.0131131,2022-11-07,2021-10
Kepler-1876 b,Kepler-1876,1,1,<a refstr=BONOMO_ET_AL__2023 href=https://ui.adsabs.harvard.edu/abs/2023arXiv230405773B/abstract target=ref>Bonomo et al. 2023</a>,6.99205,3.8e-05,-3.8e-05,0.0,0.0758,0.0019,-0.0019,0.0,0.853,0.039,-0.026,0.0,19.0,,,1.0,0.098,,,1.0,475.0,34.0,-34.0,0.0,1299.0,22.0,-22.0,0.0,0,,6104.0,57.0,-57.0,0.0,1.477,0.021,-0.022,0.0,1.187,0.075,-0.088,0.0,0.01,0.06,-0.06,0.0,[Fe/H],19h56m38.52s,299.1604859,+41d08m37.67s,41.1437964,6.42466,76.26675,259.935,1.797,-1.773,3.81845,0.0262223,-0.0262223,2023-04-17,2023-04
Kepler-19 b,Kepler-19,1,3,<a refstr=BONOMO_ET_AL__2023 href=https://ui.adsabs.harvard.edu/abs/2023arXiv230405773B/abstract target=ref>Bonomo et al. 2023</a>,9.28699,0.0,0.0,0.0,0.0846,0.0012,-0.0012,0.0,2.209,0.048,-0.048,0.0,3.1,1.4,-1.4,0.0,0.41,,,1.0,87.6,6.0,-6.0,0.0,851.0,14.0,-14.0,0.0,1,,5541.0,60.0,-60.0,0.0,0.859,0.018,-0.018,0.0,0.936,0.04,-0.04,0.0,-0.13,0.06,-0.06,0.0,[Fe/H],19h21m41.03s,290.4209694,+37d51m05.96s,37.8516556,10.79684,70.10235,218.562,0.975,-0.966,4.54651,0.020165,-0.020165,2023-04-17,2023-04
Kepler-20 b,Kepler-20,2,6,<a refstr=BONOMO_ET_AL__2023 href=https://ui.adsabs.harvard.edu/abs/2023arXiv230405773B/abstract target=ref>Bonomo et al. 2023</a>,3.6961049,1.6e-06,-1.6e-06,0.0,0.04565,0.00089,-0.00089,0.0,1.773,0.053,-0.03,0.0,9.4,1.5,-1.4,0.0,0.083,,,1.0,331.0,19.0,-19.0,0.0,1187.0,16.0,-16.0,0.0,0,,5495.0,50.0,-50.0,0.0,0.9164,0.0087,-0.0077,0.0,0.929,0.053,-0.053,0.0,0.07,0.08,-0.08,0.0,[Fe/H],19h10m47.52s,287.6979913,+42d20m18.88s,42.3385782,14.57345,73.37692,282.563,1.776,-1.753,3.51026,0.0219335,-0.0219335,2023-04-17,2023-04
Kepler-20 c,Kepler-20,2,6,<a refstr=BONOMO_ET_AL__2023 href=https://ui.adsabs.harvard.edu/abs/2023arXiv230405773B/abstract target=ref>Bonomo et al. 2023</a>,10.8540774,2.1e-06,-2.1e-06,0.0,0.0936,0.0018,-0.0018,0.0,2.894,0.036,-0.033,0.0,2.51,0.48,-0.47,0.0,0.076,,,1.0,78.7,4.6,-4.6,0.0,828.0,11.0,-11.0,0.0,0,,5495.0,50.0,-50.0,0.0,0.9164,0.0087,-0.0077,0.0,0.929,0.053,-0.053,0.0,0.07,0.08,-0.08,0.0,[Fe/H],19h10m47.52s,287.6979913,+42d20m18.88s,42.3385782,14.57345,73.37692,282.563,1.776,-1.753,3.51026,0.0219335,-0.0219335,2023-04-17,2023-04
Kepler-20 d,Kepler-20,2,6,<a refstr=BONOMO_ET_AL__2023 href=https://ui.adsabs.harvard.edu/abs/2023arXiv230405773B/abstract target=ref>Bonomo et al. 2023</a>,77.611455,9.6e-05,-9.6e-05,0.0,0.3474,0.0067,-0.0067,0.0,2.606,0.053,-0.039,0.0,4.1,1.2,-1.1,0.0,0.082,,,1.0,5.71,0.33,-0.33,0.0,430.0,6.0,-6.0,0.0,0,,5495.0,50.0,-50.0,0.0,0.9164,0.0087,-0.0077,0.0,0.929,0.053,-0.053,0.0,0.07,0.08,-0.08,0.0,[Fe/H],19h10m47.52s,287.6979913,+42d20m18.88s,42.3385782,14.57345,73.37692,282.563,1.776,-1.753,3.51026,0.0219335,-0.0219335,2023-04-17,2023-04
Kepler-20 e,Kepler-20,2,6,<a refstr=BONOMO_ET_AL__2023 href=https://ui.adsabs.harvard.edu/abs/2023arXiv230405773B/abstract target=ref>Bonomo et al. 2023</a>,6.0984882,9.9e-06,-9.9e-06,0.0,0.0637,0.0012,-0.0012,0.0,0.821,0.022,-0.022,0.0,7.5,,,1.0,0.092,,,1.0,169.8,9.8,-9.8,0.0,1004.0,14.0,-14.0,0.0,0,,5495.0,50.0,-50.0,0.0,0.9164,0.0087,-0.0077,0.0,0.929,0.053,-0.053,0.0,0.07,0.08,-0.08,0.0,[Fe/H],19h10m47.52s,287.6979913,+42d20m18.88s,42.3385782,14.57345,73.37692,282.563,1.776,-1.753,3.51026,0.0219335,-0.0219335,2023-04-17,2023-04
Kepler-20 f,Kepler-20,2,6,<a refstr=BONOMO_ET_AL__2023 href=https://ui.adsabs.harvard.edu/abs/2023arXiv230405773B/abstract target=ref>Bonomo et al. 2023</a>,19.578328,4.8e-05,-4.8e-05,0.0,0.1387,0.0027,-0.0027,0.0,0.952,0.047,-0.087,0.0,8.4,,,1.0,0.094,,,1.0,35.9,2.1,-2.1,0.0,681.0,9.0,-9.0,0.0,0,,5495.0,50.0,-50.0,0.0,0.9164,0.0087,-0.0077,0.0,0.929,0.053,-0.053,0.0,0.07,0.08,-0.08,0.0,[Fe/H],19h10m47.52s,287.6979913,+42d20m18.88s,42.3385782,14.57345,73.37692,282.563,1.776,-1.753,3.51026,0.0219335,-0.0219335,2023-04-17,2023-04
Kepler-21 b,Kepler-21,2,1,<a refstr=BONOMO_ET_AL__2023 href=https://ui.adsabs.harvard.edu/abs/2023arXiv230405773B/abstract target=ref>Bonomo et al. 2023</a>,2.7858212,3.2e-06,-3.2e-06,0.0,0.0434,0.00021,-0.00032,0.0,1.639,0.019,-0.015,0.0,9.3,1.6,-1.6,0.0,0.0,,,0.0,2749.0,90.0,-90.0,0.0,2015.0,16.0,-16.0,0.0,0,,6305.0,50.0,-50.0,0.0,1.902,0.018,-0.012,0.0,1.408,0.021,-0.03,0.0,-0.03,0.1,-0.1,0.0,[Fe/H],19h09m26.87s,287.3619673,+38d42m50.90s,38.7141384,13.33672,69.85644,108.522,0.385,-0.382,9.18591,0.0323071,-0.0323071,2023-04-17,2023-04
Kepler-22 b,Kepler-22,1,1,<a refstr=BONOMO_ET_AL__2023 href=https://ui.adsabs.harvard.edu/abs/2023arXiv230405773B/abstract target=ref>Bonomo et al. 2023</a>,289.863876,1.3e-05,-1.3e-05,0.0,0.812,0.011,-0.013,0.0,2.1,0.12,-0.12,0.0,5.2,,,1.0,0.72,,,1.0,1.013,0.06,-0.06,0.0,279.0,4.0,-4.0,0.0,0,,5596.0,61.0,-61.0,0.0,0.869,0.011,-0.011,0.0,0.857,0.051,-0.043,0.0,-0.255,0.065,-0.065,0.0,[Fe/H],19h16m52.13s,289.2172051,+47d53m02.91s,47.8841427,15.79232,79.09152,194.642,0.927,-0.918,5.10883,0.024164,-0.024164,2023-04-17,2023-04
Kepler-323 b,Kepler-323,1,2,<a refstr=BONOMO_ET_AL__2023 href=https://ui.adsabs.harvard.edu/abs/2023arXiv230405773B/abstract target=ref>Bonomo et al. 2023</a>,1.678328,1.5e-06,-1.5e-06,0.0,0.02778,0.00068,-0.00068,0.0,1.381,0.035,-0.035,0.0,8.2,,,1.0,0.095,,,1.0,1900.0,150.0,-150.0,0.0,1838.0,35.0,-35.0,0.0,0,,6004.0,71.0,-71.0,0.0,1.12,0.02,-0.018,0.0,1.015,0.072,-0.07,0.0,-0.14,0.05,-0.05,0.0,[Fe/H],19h25m31.75s,291.3822988,+38d07m38.85s,38.1274595,10.24008,70.6955,454.883,6.637,-6.452,2.17012,0.0313833,-0.0313833,2023-04-17,2023-04
Kepler-323 c,Kepler-323,1,2,<a refstr=BONOMO_ET_AL__2023 href=https://ui.adsabs.harvard.edu/abs/2023arXiv230405773B/abstract target=ref>Bonomo et al. 2023</a>,3.5538229,2.2e-06,-2.2e-06,0.0,0.0458,0.0011,-0.0011,0.0,1.57,0.04,-0.04,0.0,9.6,5.0,-4.6,0.0,0.095,,,1.0,700.0,56.0,-56.0,0.0,1431.0,27.0,-27.0,0.0,0,,6004.0,71.0,-71.0,0.0,1.12,0.02,-0.018,0.0,1.015,0.072,-0.07,0.0,-0.14,0.05,-0.05,0.0,[Fe/H],19h25m31.75s,291.3822988,+38d07m38.85s,38.1274595,10.24008,70.6955,454.883,6.637,-6.452,2.17012,0.0313833,-0.0313833,2023-04-17,2023-04
Kepler-37 b,Kepler-37,1,4,<a refstr=BONOMO_ET_AL__2023 href=https://ui.adsabs.harvard.edu/abs/2023arXiv230405773B/abstract target=ref>Bonomo et al. 2023</a>,13.36702,6e-05,-6e-05,0.0,0.1019,0.0014,-0.0014,0.0,0.3098,0.0059,-0.0076,0.0,140.0,,,1.0,0.098,,,1.0,44.5,2.8,-2.8,0.0,718.0,10.0,-10.0,0.0,0,,5357.0,68.0,-68.0,0.0,0.789,0.0064,-0.0056,0.0,0.79,0.033,-0.03,0.0,-0.36,0.05,-0.05,0.0,[Fe/H],18h56m14.22s,284.0592503,+44d31m06.14s,44.5183733,17.84364,74.43727,63.9207,0.1196,-0.1191,15.6155,0.0289903,-0.0289903,2023-04-17,2023-04
Kepler-37 c,Kepler-37,1,4,<a refstr=BONOMO_ET_AL__2023 href=https://ui.adsabs.harvard.edu/abs/2023arXiv230405773B/abstract target=ref>Bonomo et al. 2023</a>,21.301848,1.8e-05,-1.8e-05,0.0,0.139,0.002,-0.002,0.0,0.755,0.033,-0.055,0.0,15.0,,,1.0,0.099,,,1.0,23.9,1.5,-1.5,0.0,615.0,9.0,-9.0,0.0,0,,5357.0,68.0,-68.0,0.0,0.789,0.0064,-0.0056,0.0,0.79,0.033,-0.03,0.0,-0.36,0.05,-0.05,0.0,[Fe/H],18h56m14.22s,284.0592503,+44d31m06.14s,44.5183733,17.84364,74.43727,63.9207,0.1196,-0.1191,15.6155,0.0289903,-0.0289903,2023-04-17,2023-04
Kepler-37 d,Kepler-37,1,4,<a refstr=BONOMO_ET_AL__2023 href=https://ui.adsabs.harvard.edu/abs/2023arXiv230405773B/abstract target=ref>Bonomo et al. 2023</a>,39.7922622,6.5e-06,-6.5e-06,0.0,0.2109,0.003,-0.003,0.0,2.03,0.03,-0.039,0.0,1.3,,,1.0,0.1,,,1.0,10.39,0.65,-0.65,0.0,499.0,7.0,-7.0,0.0,1,,5357.0,68.0,-68.0,0.0,0.789,0.0064,-0.0056,0.0,0.79,0.033,-0.03,0.0,-0.36,0.05,-0.05,0.0,[Fe/H],18h56m14.22s,284.0592503,+44d31m06.14s,44.5183733,17.84364,74.43727,63.9207,0.1196,-0.1191,15.6155,0.0289903,-0.0289903,2023-04-17,2023-04
Kepler-409 b,Kepler-409,1,1,<a refstr=BONOMO_ET_AL__2023 href=https://ui.adsabs.harvard.edu/abs/2023arXiv230405773B/abstract target=ref>Bonomo et al. 2023</a>,68.9583216,3.9e-06,-3.9e-06,0.0,0.3192,0.006,-0.006,0.0,1.199,0.043,-0.043,0.0,19.0,,,1.0,0.69,,,1.0,6.15,0.42,-0.42,0.0,438.0,7.0,-7.0,0.0,0,,5421.0,64.0,-64.0,0.0,0.897,0.012,-0.011,0.0,0.913,0.05,-0.048,0.0,0.05,0.07,-0.07,0.0,[Fe/H],19h34m43.01s,293.6792058,+46d51m09.84s,46.8527337,12.6169,79.43306,68.173,0.0996,-0.0993,14.6396,0.0212401,-0.0212401,2023-04-17,2023-04
Kepler-454 b,Kepler-454,2,3,<a refstr=BONOMO_ET_AL__2023 href=https://ui.adsabs.harvard.edu/abs/2023arXiv230405773B/abstract target=ref>Bonomo et al. 2023</a>,10.5737534,7.8e-06,-7.8e-06,0.0,0.09528,0.0013,-0.00091,0.0,2.37,0.13,-0.13,0.0,2.23,0.75,-0.64,0.0,0.32,,,1.0,117.7,5.6,-5.6,0.0,916.0,10.0,-10.0,0.0,0,,5687.0,49.0,-49.0,0.0,1.066,0.012,-0.012,0.0,1.03,0.04,-0.03,0.0,0.32,0.08,-0.08,0.0,[Fe/H],19h09m54.88s,287.4786474,+38d13m44.67s,38.2290751,13.05368,69.4411,230.869,1.316,-1.301,4.3027,0.0243672,-0.0243672,2023-04-17,2023-04
Kepler-538 b,Kepler-538,2,1,<a refstr=BONOMO_ET_AL__2023 href=https://ui.adsabs.harvard.edu/abs/2023arXiv230405773B/abstract target=ref>Bonomo et al. 2023</a>,81.73778,0.00013,-0.00013,0.0,0.3554,0.0068,-0.0047,0.0,2.215,0.04,-0.034,0.0,6.5,1.5,-1.5,0.0,0.21,,,1.0,5.07,0.29,-0.29,0.0,417.0,5.0,-5.0,0.0,0,,5534.0,61.0,-61.0,0.0,0.8717,0.0064,-0.0061,0.0,0.892,0.051,-0.035,0.0,-0.09,0.065,-0.065,0.0,[Fe/H],19h49m56.77s,297.4865503,+49d37m24.23s,49.6233975,11.64093,83.14184,155.956,0.709,-0.703,6.38331,0.0287981,-0.0287981,2023-04-17,2023-04
Kepler-538 b,Kepler-538,2,1,<a refstr=MAYO_ET_AL__2019 href=https://ui.adsabs.harvard.edu/abs/2019AJ....158..165M/abstract target=ref>Mayo et al. 2019</a>,81.73778,0.00013,-0.00013,0.0,0.4669,0.0087,-0.009,0.0,2.215,0.04,-0.034,0.0,5.4,1.3,-1.3,0.0,0.041,0.034,-0.029,0.0,2.99,0.31,-0.27,0.0,380.0,,,0.0,0,,5547.0,50.0,-50.0,0.0,0.8717,0.0064,-0.0061,0.0,0.892,0.051,-0.035,0.0,-0.03,0.08,-0.08,0.0,[M/H],19h49m56.77s,297.4865503,+49d37m24.23s,49.6233975,11.64093,83.14184,155.956,0.709,-0.703,6.38331,0.0287981,-0.0287981,2019-09-20,2019-10
Kepler-553 c,Kepler-553,1,2,<a refstr=DALBA_ET_AL__2024 href=https://ui.adsabs.harvard.edu/abs/2024ApJS..271...16D/abstract target=ref>Dalba et al. 2024</a>,328.24017,0.00039,-0.0004,0.0,0.898,0.015,-0.012,0.0,11.57887706,0.35868738,-0.28022452,0.0,7.53,0.65,-0.74,0.0,0.346,0.02,-0.024,0.0,0.589,0.046,-0.042,0.0,251.0,4.3,-4.3,0.0,0,,5191.0,76.0,-78.0,0.0,0.902,0.026,-0.021,0.0,0.889,0.046,-0.036,0.0,0.152,0.058,-0.058,0.0,[Fe/H],19h54m12.21s,298.5508922,+48d19m57.15s,48.3325405,10.40509,82.33516,728.525,12.571,-12.571,1.34423,0.0234986,-0.0234986,2024-09-13,2024-03
Kepler-68 b,Kepler-68,2,4,<a refstr=BONOMO_ET_AL__2023 href=https://ui.adsabs.harvard.edu/abs/2023arXiv230405773B/abstract target=ref>Bonomo et al. 2023</a>,5.39875259,5.2e-07,-5.2e-07,0.0,0.06135,0.00043,-0.00043,0.0,2.357,0.023,-0.023,0.0,3.37,0.3,-0.29,0.0,0.09,,,1.0,441.0,25.0,-25.0,0.0,1275.0,17.0,-17.0,0.0,0,,5847.0,75.0,-75.0,0.0,1.2564,0.0084,-0.0084,0.0,1.057,0.022,-0.02,0.0,0.11,0.06,-0.06,0.0,[Fe/H],19h24m07.75s,291.0323102,+49d02m24.77s,49.0402129,15.15359,80.69124,144.166,0.436,-0.434,6.90758,0.0207855,-0.0207855,2023-04-17,2023-04
Kepler-68 c,Kepler-68,2,4,<a refstr=BONOMO_ET_AL__2023 href=https://ui.adsabs.harvard.edu/abs/2023arXiv230405773B/abstract target=ref>Bonomo et al. 2023</a>,9.605027,1.3e-05,-1.3e-05,0.0,0.09008,0.00063,-0.00063,0.0,0.979,0.019,-0.019,0.0,7.5,,,1.0,0.099,,,1.0,204.0,12.0,-12.0,0.0,1052.0,14.0,-14.0,0.0,0,,5847.0,75.0,-75.0,0.0,1.2564,0.0084,-0.0084,0.0,1.057,0.022,-0.02,0.0,0.11,0.06,-0.06,0.0,[Fe/H],19h24m07.75s,291.0323102,+49d02m24.77s,49.0402129,15.15359,80.69124,144.166,0.436,-0.434,6.90758,0.0207855,-0.0207855,2023-04-17,2023-04
Kepler-78 b,Kepler-78,2,1,<a refstr=BONOMO_ET_AL__2023 href=https://ui.adsabs.harvard.edu/abs/2023arXiv230405773B/abstract target=ref>Bonomo et al. 2023</a>,0.35500745,8e-08,-8e-08,0.0,0.00901,0.00012,-0.00019,0.0,1.201,0.028,-0.028,0.0,5.33,0.97,-0.93,0.0,0.0,,,0.0,4070.0,240.0,-240.0,0.0,2223.0,32.0,-32.0,0.0,0,,5058.0,50.0,-50.0,0.0,0.7475,0.0077,-0.0078,0.0,0.779,0.032,-0.046,0.0,-0.18,0.08,-0.08,0.0,[Fe/H],19h34m58.07s,293.7419543,+44d26m53.71s,44.4482521,11.49947,77.25546,124.376,0.33,-0.329,8.01126,0.0211624,-0.0211624,2023-04-17,2023-04
Kepler-849 b,Kepler-849,1,1,<a refstr=DALBA_ET_AL__2024 href=https://ui.adsabs.harvard.edu/abs/2024ApJS..271...16D/abstract target=ref>Dalba et al. 2024</a>,394.62508,0.00081,-0.00079,0.0,1.137,0.034,-0.03,0.0,8.08167508,0.30264248,-0.32506044,0.0,3.09,0.82,-0.72,0.0,0.078,0.069,-0.053,0.0,2.86,0.21,-0.2,0.0,362.7,6.0,-5.8,0.0,0,,5950.0,140.0,-130.0,0.0,1.822,0.066,-0.073,0.0,1.259,0.12,-0.098,0.0,0.145,0.059,-0.058,0.0,[Fe/H],19h23m24.43s,290.8517961,+48d31m16.77s,48.5213243,15.05008,80.15038,822.134,16.333,-15.719,1.18782,0.0235253,-0.0235253,2024-09-13,2024-03
Kepler-93 b,Kepler-93,1,2,<a refstr=BONOMO_ET_AL__2023 href=https://ui.adsabs.harvard.edu/abs/2023arXiv230405773B/abstract target=ref>Bonomo et al. 2023</a>,4.72673978,9.7e-07,-9.7e-07,0.0,0.05343,0.00065,-0.00065,0.0,1.478,0.019,-0.019,0.0,7.93,0.96,-0.94,0.0,0.0,,,0.0,275.0,18.0,-18.0,0.0,1133.0,17.0,-17.0,0.0,0,,5669.0,75.0,-75.0,0.0,0.919,0.011,-0.011,0.0,0.911,0.033,-0.033,0.0,-0.18,0.1,-0.1,0.0,[Fe/H],19h25m40.35s,291.4181275,+38d40m20.32s,38.6723124,10.45836,71.20378,95.9115,0.2217,-0.2206,10.3974,0.0238629,-0.0238629,2023-04-17,2023-04
L 98-59 b,L 98-59,1,4,<a refstr=DEMANGEON_ET_AL__2021 href=https://ui.adsabs.harvard.edu/abs/2021A&A...653A..41D/abstract target=ref>Demangeon et al. 2021</a>,2.2531136,1.2e-06,-1.5e-06,0.0,0.02191,0.0008,-0.00084,0.0,0.85,0.061,-0.047,0.0,3.6,1.4,-1.5,0.0,0.103,0.117,-0.045,0.0,24.7,5.0,-4.1,0.0,627.0,33.0,-36.0,0.0,0,M3 V,3415.0,135.0,-135.0,0.0,0.303,0.026,-0.023,0.0,0.273,0.03,-0.03,0.0,-0.46,0.26,-0.26,0.0,[Fe/H],08h18m07.89s,124.5328604,-68d18m52.08s,-68.3144658,-17.5933,281.81705,10.6194,0.0032,-0.0032,94.1385,0.0280547,-0.0280547,2021-08-23,2021-09
L 98-59 c,L 98-59,1,4,<a refstr=DEMANGEON_ET_AL__2021 href=https://ui.adsabs.harvard.edu/abs/2021A&A...653A..41D/abstract target=ref>Demangeon et al. 2021</a>,3.6906777,1.6e-06,-2.6e-06,0.0,0.0304,0.0011,-0.0012,0.0,1.385,0.095,-0.075,0.0,4.57,0.77,-0.85,0.0,0.103,0.045,-0.058,0.0,12.8,2.6,-2.1,0.0,553.0,27.0,-26.0,0.0,0,M3 V,3415.0,135.0,-135.0,0.0,0.303,0.026,-0.023,0.0,0.273,0.03,-0.03,0.0,-0.46,0.26,-0.26,0.0,[Fe/H],08h18m07.89s,124.5328604,-68d18m52.08s,-68.3144658,-17.5933,281.81705,10.6194,0.0032,-0.0032,94.1385,0.0280547,-0.0280547,2021-08-23,2021-09
L 98-59 d,L 98-59,1,4,<a refstr=DEMANGEON_ET_AL__2021 href=https://ui.adsabs.harvard.edu/abs/2021A&A...653A..41D/abstract target=ref>Demangeon et al. 2021</a>,7.4507245,8.1e-06,-4.6e-06,0.0,0.0486,0.0018,-0.0019,0.0,1.521,0.119,-0.098,0.0,2.95,0.79,-0.51,0.0,0.074,0.057,-0.046,0.0,5.01,1.02,-0.83,0.0,416.0,20.0,-20.0,0.0,0,M3 V,3415.0,135.0,-135.0,0.0,0.303,0.026,-0.023,0.0,0.273,0.03,-0.03,0.0,-0.46,0.26,-0.26,0.0,[Fe/H],08h18m07.89s,124.5328604,-68d18m52.08s,-68.3144658,-17.5933,281.81705,10.6194,0.0032,-0.0032,94.1385,0.0280547,-0.0280547,2021-08-23,2021-09
LHS 1140 b,LHS 1140,1,2,<a refstr=CADIEUX_ET_AL__2024 href=https://ui.adsabs.harvard.edu/abs/2024ApJ...960L...3C/abstract target=ref>Cadieux et al. 2024</a>,24.73723,2e-05,-2e-05,0.0,0.0946,0.0017,-0.0017,0.0,1.73,0.025,-0.025,0.0,5.9,0.3,-0.3,0.0,0.043,,,1.0,0.43,0.03,-0.03,0.0,226.0,4.0,-4.0,0.0,0,M4.5 V,3096.0,48.0,-48.0,0.0,0.2159,0.003,-0.003,0.0,0.1844,0.0045,-0.0045,0.0,-0.15,0.09,-0.09,0.0,[Fe/H],00h44m59.67s,11.248632,-15d16m26.79s,-15.2741085,-78.05159,115.40542,14.9861,0.0153,-0.0152,66.6996,0.0673611,-0.0673611,2024-03-04,2024-01
LHS 1140 b,LHS 1140,1,2,<a refstr=DITTMANN_ET_AL__2017 href=https://ui.adsabs.harvard.edu/abs/2017Natur.544..333D/abstract target=ref>Dittmann et al. 2017</a>,24.73712,0.00025,-0.00025,0.0,0.0875,0.0041,-0.0041,0.0,1.43,0.1,-0.1,0.0,12.5,3.4,-3.4,0.0,0.29,,,1.0,0.46,,,0.0,230.0,20.0,-20.0,0.0,0,M4.5 V,3131.0,100.0,-100.0,0.0,0.186,0.013,-0.013,0.0,0.146,0.019,-0.019,0.0,-0.24,0.14,-0.14,0.0,[Fe/H],00h44m59.67s,11.248632,-15d16m26.79s,-15.2741085,-78.05159,115.40542,14.9861,0.0153,-0.0152,66.6996,0.0673611,-0.0673611,2018-12-03,2017-04
LHS 1140 b,LHS 1140,1,2,<a refstr=MENT_ET_AL__2019 href=https://ui.adsabs.harvard.edu/abs/2019AJ....157...32M/abstract target=ref>Ment et al. 2019</a>,24.736959,8e-05,-8e-05,0.0,0.0936,0.0024,-0.0024,0.0,1.727,0.032,-0.032,0.0,7.5,1.0,-1.0,0.0,0.06,,,1.0,0.503,0.03,-0.03,0.0,235.0,5.0,-5.0,0.0,0,,3216.0,39.0,-39.0,0.0,0.2139,0.0041,-0.0041,0.0,0.179,0.014,-0.014,0.0,-0.24,0.1,-0.1,0.0,[Fe/H],00h44m59.67s,11.248632,-15d16m26.79s,-15.2741085,-78.05159,115.40542,14.9861,0.0153,-0.0152,66.6996,0.0673611,-0.0673611,2018-12-03,2019-01
LHS 1140 c,LHS 1140,1,2,<a refstr=MENT_ET_AL__2019 href=https://ui.adsabs.harvard.edu/abs/2019AJ....157...32M/abstract target=ref>Ment et al. 2019</a>,3.777931,3e-06,-3e-06,0.0,0.02675,0.0007,-0.0007,0.0,1.282,0.024,-0.024,0.0,4.7,1.1,-1.1,0.0,0.31,,,1.0,6.16,0.37,-0.37,0.0,438.0,9.0,-9.0,0.0,0,,3216.0,39.0,-39.0,0.0,0.2139,0.0041,-0.0041,0.0,0.179,0.014,-0.014,0.0,-0.24,0.1,-0.1,0.0,[Fe/H],00h44m59.67s,11.248632,-15d16m26.79s,-15.2741085,-78.05159,115.40542,14.9861,0.0153,-0.0152,66.6996,0.0673611,-0.0673611,2018-12-03,2019-01
LHS 1140 c,LHS 1140,1,2,<a refstr=CADIEUX_ET_AL__2024 href=https://ui.adsabs.harvard.edu/abs/2024ApJ...960L...3C/abstract target=ref>Cadieux et al. 2024</a>,3.77794,2e-06,-2e-06,0.0,0.027,0.0005,-0.0005,0.0,1.272,0.026,-0.026,0.0,5.1,0.4,-0.4,0.0,0.05,,,1.0,5.3,0.4,-0.4,0.0,422.0,7.0,-7.0,0.0,0,M4.5 V,3096.0,48.0,-48.0,0.0,0.2159,0.003,-0.003,0.0,0.1844,0.0045,-0.0045,0.0,-0.15,0.09,-0.09,0.0,[Fe/H],00h44m59.67s,11.248632,-15d16m26.79s,-15.2741085,-78.05159,115.40542,14.9861,0.0153,-0.0152,66.6996,0.0673611,-0.0673611,2024-03-04,2024-01
LTT 1445 A b,LTT 1445 A,3,2,<a refstr=WINTERS_ET_AL__2021 href=https://ui.adsabs.harvard.edu/abs/2021arXiv210714737W/abstract target=ref>Winters et al. 2021</a>,5.3587657,4.3e-06,-4.2e-06,0.0,0.03813,0.00068,-0.0007,0.0,1.305,0.066,-0.061,0.0,7.1,1.2,-1.1,0.0,0.11,,,1.0,5.4,1.2,-1.0,0.0,424.0,21.0,-21.0,0.0,0,,3340.0,150.0,-150.0,0.0,0.265,0.011,-0.01,0.0,0.257,0.014,-0.014,0.0,-0.34,0.09,-0.09,0.0,[Fe/H],03h01m50.99s,45.4624781,-16d35m40.18s,-16.5944956,-58.07573,200.48712,6.86929,0.003805,-0.003805,145.547,0.0800058,-0.0800058,2022-01-24,2021-07
LTT 1445 A b,LTT 1445 A,3,2,<a refstr=PASS_ET_AL__2023 href=https://ui.adsabs.harvard.edu/abs/2023AJ....166..171P/abstract target=ref>Pass et al. 2023</a>,5.3587635,4.4e-06,-4.5e-06,0.0,0.0381,0.00067,-0.0007,0.0,1.34,0.11,-0.06,0.0,6.2,1.2,-1.3,0.0,,,,,5.7,1.3,-1.1,0.0,431.0,23.0,-23.0,0.0,0,,,,,,0.271,0.019,-0.01,0.0,0.257,0.014,-0.014,0.0,,,,,,03h01m50.99s,45.4624781,-16d35m40.18s,-16.5944956,-58.07573,200.48712,6.86929,0.003805,-0.003805,145.547,0.0800058,-0.0800058,2024-07-22,2023-10
LTT 1445 A c,LTT 1445 A,3,2,<a refstr=PASS_ET_AL__2023 href=https://ui.adsabs.harvard.edu/abs/2023AJ....166..171P/abstract target=ref>Pass et al. 2023</a>,3.1238994,3.1e-06,-3.3e-06,0.0,0.02659,0.00047,-0.00049,0.0,1.07,0.1,-0.07,0.0,5.9,1.8,-1.5,0.0,,,,,11.7,2.7,-2.3,0.0,516.0,28.0,-27.0,0.0,0,,,,,,0.271,0.019,-0.01,0.0,0.257,0.014,-0.014,0.0,,,,,,03h01m50.99s,45.4624781,-16d35m40.18s,-16.5944956,-58.07573,200.48712,6.86929,0.003805,-0.003805,145.547,0.0800058,-0.0800058,2024-07-22,2023-10
LTT 1445 A c,LTT 1445 A,3,2,<a refstr=WINTERS_ET_AL__2021 href=https://ui.adsabs.harvard.edu/abs/2021arXiv210714737W/abstract target=ref>Winters et al. 2021</a>,3.1239035,3.4e-06,-3.6e-06,0.0,0.02661,0.00047,-0.00049,0.0,1.147,0.055,-0.054,0.0,5.57,0.68,-0.6,0.0,0.223,,,1.0,10.9,2.4,-2.0,0.0,508.0,25.0,-25.0,0.0,0,,3340.0,150.0,-150.0,0.0,0.265,0.011,-0.01,0.0,0.257,0.014,-0.014,0.0,-0.34,0.09,-0.09,0.0,[Fe/H],03h01m50.99s,45.4624781,-16d35m40.18s,-16.5944956,-58.07573,200.48712,6.86929,0.003805,-0.003805,145.547,0.0800058,-0.0800058,2022-01-24,2021-07
LTT 3780 b,LTT 3780,2,2,<a refstr=NOWAK_ET_AL__2020 href=https://ui.adsabs.harvard.edu/abs/2020A&A...642A.173N/abstract target=ref>Nowak et al. 2020</a>,0.768377,1.4e-06,-1.4e-06,0.0,0.01203,0.00054,-0.00053,0.0,1.35,0.06,-0.06,0.0,5.24,0.94,-0.81,0.0,0.064,0.075,-0.046,0.0,116.0,11.0,-10.0,0.0,1000.0,98.0,-100.0,0.0,0,M3.5 V,3360.0,51.0,-51.0,0.0,0.382,0.012,-0.012,0.0,0.379,0.016,-0.016,0.0,0.09,0.16,-0.16,0.0,[Fe/H],10h18m34.78s,154.6449033,-11d43m04.08s,-11.717801,36.30503,254.20063,21.9814,0.0403,-0.0402,45.4644,0.0826889,-0.0826889,2021-08-03,2020-10
LTT 3780 b,LTT 3780,2,2,<a refstr=CLOUTIER_ET_AL__2020 href=https://ui.adsabs.harvard.edu/abs/2020AJ....160....3C/abstract target=ref>Cloutier et al. 2020</a>,0.768448,5.5e-05,-5.3e-05,0.0,0.01211,0.00012,-0.00012,0.0,1.332,0.072,-0.075,0.0,6.1,1.8,-1.5,0.0,0.0,,,0.0,106.0,22.0,-19.0,0.0,892.0,44.0,-44.0,0.0,0,M4 V,3331.0,157.0,-157.0,0.0,0.374,0.011,-0.011,0.0,0.401,0.012,-0.012,0.0,0.28,0.11,-0.13,0.0,[Fe/H],10h18m34.78s,154.6449033,-11d43m04.08s,-11.717801,36.30503,254.20063,21.9814,0.0403,-0.0402,45.4644,0.0826889,-0.0826889,2020-05-28,2020-07
LTT 3780 b,LTT 3780,2,2,<a refstr=BONFANTI_ET_AL__2024 href=https://ui.adsabs.harvard.edu/abs/2024A&A...682A..66B/abstract target=ref>Bonfanti et al. 2024</a>,0.76837931,3.9e-07,-4.2e-07,0.0,0.01195,0.00028,-0.00029,0.0,1.325,0.057,-0.058,0.0,5.8,1.0,-0.8,0.0,0.0,,,0.0,111.0,13.0,-12.0,0.0,903.0,26.0,-26.0,0.0,0,,3358.0,92.0,-92.0,0.0,0.38,0.012,-0.012,0.0,0.381,0.024,-0.034,0.0,0.06,0.11,-0.11,0.0,[Fe/H],10h18m34.78s,154.6449033,-11d43m04.08s,-11.717801,36.30503,254.20063,21.9814,0.0403,-0.0402,45.4644,0.0826889,-0.0826889,2024-03-26,2024-02
LTT 3780 c,LTT 3780,2,2,<a refstr=NOWAK_ET_AL__2020 href=https://ui.adsabs.harvard.edu/abs/2020A&A...642A.173N/abstract target=ref>Nowak et al. 2020</a>,12.252131,7.2e-05,-6.4e-05,0.0,0.0762,0.0034,-0.0034,0.0,2.42,0.1,-0.1,0.0,2.45,0.44,-0.37,0.0,0.115,0.07,-0.065,0.0,2.88,0.28,-0.25,0.0,397.0,39.0,-40.0,0.0,0,M3.5 V,3360.0,51.0,-51.0,0.0,0.382,0.012,-0.012,0.0,0.379,0.016,-0.016,0.0,0.09,0.16,-0.16,0.0,[Fe/H],10h18m34.78s,154.6449033,-11d43m04.08s,-11.717801,36.30503,254.20063,21.9814,0.0403,-0.0402,45.4644,0.0826889,-0.0826889,2021-08-03,2020-10
LTT 3780 c,LTT 3780,2,2,<a refstr=BONFANTI_ET_AL__2024 href=https://ui.adsabs.harvard.edu/abs/2024A&A...682A..66B/abstract target=ref>Bonfanti et al. 2024</a>,12.252284,1.3e-05,-1.3e-05,0.0,0.0757,0.0018,-0.0018,0.0,2.39,0.1,-0.11,0.0,3.24,0.55,-0.43,0.0,0.024,0.032,-0.017,0.0,2.76,0.33,-0.31,0.0,359.0,10.0,-10.0,0.0,0,,3358.0,92.0,-92.0,0.0,0.38,0.012,-0.012,0.0,0.381,0.024,-0.034,0.0,0.06,0.11,-0.11,0.0,[Fe/H],10h18m34.78s,154.6449033,-11d43m04.08s,-11.717801,36.30503,254.20063,21.9814,0.0403,-0.0402,45.4644,0.0826889,-0.0826889,2024-03-26,2024-02
LTT 3780 c,LTT 3780,2,2,<a refstr=CLOUTIER_ET_AL__2020 href=https://ui.adsabs.harvard.edu/abs/2020AJ....160....3C/abstract target=ref>Cloutier et al. 2020</a>,12.2519,0.0028,-0.003,0.0,0.07673,0.00075,-0.00077,0.0,2.3,0.16,-0.15,0.0,3.9,1.0,-0.9,0.0,0.06,0.15,-0.14,0.0,2.63,0.56,-0.48,0.0,353.0,18.0,-18.0,0.0,0,M4 V,3331.0,157.0,-157.0,0.0,0.374,0.011,-0.011,0.0,0.401,0.012,-0.012,0.0,0.28,0.11,-0.13,0.0,[Fe/H],10h18m34.78s,154.6449033,-11d43m04.08s,-11.717801,36.30503,254.20063,21.9814,0.0403,-0.0402,45.4644,0.0826889,-0.0826889,2020-05-28,2020-07
NGTS-1 b,NGTS-1,1,1,<a refstr=BAYLISS_ET_AL__2018 href=https://ui.adsabs.harvard.edu/abs/2018MNRAS.475.4467B/abstract target=ref>Bayliss et al. 2018</a>,2.647298,2e-05,-2e-05,0.0,0.0326,0.0047,-0.0045,0.0,14.90797,6.83749,-3.69897,0.0,0.42,0.59,-0.28,0.0,0.016,0.023,-0.012,0.0,65.3,5.1,-5.1,0.0,790.0,20.0,-20.0,0.0,0,M0.5,3916.0,71.0,-63.0,0.0,0.573,0.077,-0.077,0.0,0.617,0.023,-0.062,0.0,0.0,,,0.0,[M/H],05h30m51.41s,82.7142134,-36d37m51.53s,-36.6309812,-31.20101,241.19241,218.121,1.037,-1.037,4.55577,0.0216342,-0.0216342,2017-11-09,2018-04
NGTS-12 b,NGTS-12,1,1,<a refstr=BRYANT_ET_AL__2020 href=https://ui.adsabs.harvard.edu/abs/2020MNRAS.tmp.2785B/abstract target=ref>Bryant et al. 2020</a>,7.532806,4.8e-05,-4.8e-05,0.0,0.0757,0.0014,-0.0014,0.0,11.747032,0.358688,-0.358688,0.0,0.223,0.029,-0.029,0.0,0.0,,,0.0,416.0,46.0,-46.0,0.0,1257.0,34.0,-34.0,0.0,0,G,5690.0,130.0,-130.0,0.0,1.589,0.04,-0.04,0.0,1.021,0.056,-0.049,0.0,-0.03,0.11,-0.11,0.0,[Fe/H],11h44m59.99s,176.2499418,-35d38m26.03s,-35.640563,25.30286,288.04232,446.442,7.706,-7.453,2.21177,0.0377326,-0.0377326,2020-10-16,2020-09
NGTS-13 b,NGTS-13,1,1,<a refstr=GRIEVES_ET_AL__2021 href=https://ui.adsabs.harvard.edu/abs/2021A&A...647A.180G/abstract target=ref>Grieves et al. 2021</a>,4.119027,2.3e-05,-2.3e-05,0.0,0.0549,0.0015,-0.0025,0.0,12.800678,0.515614,-0.515614,0.0,4.02,0.55,-0.55,0.0,0.086,0.034,-0.034,0.0,1096.0,90.0,-90.0,0.0,1605.0,30.0,-30.0,0.0,0,,5819.0,73.0,-73.0,0.0,1.788,0.057,-0.057,0.0,1.3,0.11,-0.18,0.0,0.25,0.17,-0.17,0.0,[Fe/H],11h44m57.66s,176.2402326,-38d08m22.98s,-38.1397158,22.90064,288.79758,647.595,15.059,-14.402,1.51604,0.0348444,-0.0348444,2021-02-08,2021-03
NGTS-15 b,NGTS-15,1,1,<a refstr=TILBROOK_ET_AL__2021 href=https://ui.adsabs.harvard.edu/abs/2021MNRAS.tmp..893T/abstract target=ref>Tilbrook et al. 2021</a>,3.27623,1e-05,-1e-05,0.0,0.0441,0.0046,-0.0046,0.0,12.32987877,1.12089807,-1.12089807,0.0,0.74,0.11,-0.1,0.0,0.0,,,0.0,425.0,98.0,-98.0,0.0,1146.0,47.0,-47.0,0.0,0,G6 V,5600.0,150.0,-150.0,0.0,0.954,0.082,-0.082,0.0,0.995,0.025,-0.025,0.0,0.15,0.1,-0.1,0.0,[Fe/H],04h53m25.27s,73.3553101,-32d48m01.25s,-32.8003484,-37.98373,234.7828,786.485,10.685,-10.408,1.2425,0.0169234,-0.0169234,2021-04-23,2021-03
NGTS-16 b,NGTS-16,1,1,<a refstr=TILBROOK_ET_AL__2021 href=https://ui.adsabs.harvard.edu/abs/2021MNRAS.tmp..893T/abstract target=ref>Tilbrook et al. 2021</a>,4.84532,2e-05,-2e-05,0.0,0.0523,0.0064,-0.0064,0.0,14.57167491,1.45716749,-1.34507768,0.0,0.38,0.19,-0.12,0.0,0.0,,,0.0,480.0,115.0,-115.0,0.0,1177.0,59.0,-59.0,0.0,0,G7 V,5550.0,150.0,-150.0,0.0,1.213,0.11,-0.107,0.0,1.002,0.031,-0.031,0.0,0.35,0.1,-0.1,0.0,[Fe/H],03h53m03.34s,58.2639299,-30d48m16.71s,-30.8046405,-50.37343,229.39967,898.168,17.701,-17.042,1.08419,0.0213777,-0.0213777,2021-04-23,2021-03
NGTS-17 b,NGTS-17,1,1,<a refstr=TILBROOK_ET_AL__2021 href=https://ui.adsabs.harvard.edu/abs/2021MNRAS.tmp..893T/abstract target=ref>Tilbrook et al. 2021</a>,3.24253,1e-05,-1e-05,0.0,0.0391,0.0043,-0.0043,0.0,13.89913607,1.23298788,-1.23298788,0.0,0.5,0.27,-0.17,0.0,0.0,,,0.0,1160.0,250.0,-250.0,0.0,1457.0,50.0,-50.0,0.0,0,G4 V,5650.0,100.0,-100.0,0.0,1.337,0.125,-0.125,0.0,1.025,0.034,-0.033,0.0,0.15,0.1,-0.1,0.0,[Fe/H],04h51m36.14s,72.9005729,-34d13m34.37s,-34.2262128,-38.60499,236.48794,1040.28,22.05,-21.16,0.932059,0.0198214,-0.0198214,2021-04-23,2021-03
NGTS-18 b,NGTS-18,1,1,<a refstr=TILBROOK_ET_AL__2021 href=https://ui.adsabs.harvard.edu/abs/2021MNRAS.tmp..893T/abstract target=ref>Tilbrook et al. 2021</a>,3.05125,1e-05,-1e-05,0.0,0.0448,0.0068,-0.0068,0.0,13.56286665,2.01761653,-2.01761653,0.0,0.28,0.25,-0.12,0.0,0.0,,,0.0,845.0,270.0,-270.0,0.0,1381.0,55.0,-53.0,0.0,0,G5 V,5610.0,150.0,-150.0,0.0,1.392,0.209,-0.209,0.0,1.003,0.03,-0.025,0.0,0.15,0.1,-0.1,0.0,[Fe/H],12h02m11.09s,180.5462193,-35d32m54.99s,-35.5486091,26.25398,291.77668,1096.19,43.11,-40.02,0.883723,0.0343196,-0.0343196,2021-04-23,2021-03
NGTS-26 b,NGTS-26,1,1,<a refstr=BOUCHY_ET_AL__2024 href=https://ui.adsabs.harvard.edu/abs/2024A&A...684A.201B/abstract target=ref>Bouchy et al. 2024</a>,4.5199279,9e-06,-9.2e-06,0.0,0.049,0.0038,-0.0032,0.0,14.88552637,0.66132986,-0.53803107,0.0,0.153,0.041,-0.036,0.0,0.0,,,0.0,523.0,133.0,-114.0,0.0,1331.0,85.0,-72.0,0.0,0,,5550.0,100.0,-100.0,0.0,1.16,0.05,-0.02,0.0,0.96,0.04,-0.03,0.0,0.2,0.1,-0.1,0.0,[Fe/H],14h30m43.99s,217.6832961,-31d43m56.83s,-31.7324526,26.56296,326.46071,1093.69,43.12,-40.03,0.886713,0.0344478,-0.0344478,2024-06-10,2024-04
NGTS-27 b,NGTS-27,1,1,<a refstr=BOUCHY_ET_AL__2024 href=https://ui.adsabs.harvard.edu/abs/2024A&A...684A.201B/abstract target=ref>Bouchy et al. 2024</a>,3.3704181,5.9e-06,-5.7e-06,0.0,0.0446,0.0026,-0.0036,0.0,15.64773706,0.42594127,-0.39231432,0.0,0.266,0.059,-0.059,0.0,0.0,,,0.0,1680.0,390.0,-330.0,0.0,1783.0,104.0,-88.0,0.0,0,,5700.0,80.0,-80.0,0.0,1.77,0.03,-0.03,0.0,1.07,0.06,-0.06,0.0,0.0,0.08,-0.08,0.0,[Fe/H],13h44m06.37s,206.0265266,-32d31m22.71s,-32.5229747,29.04746,315.62348,942.122,29.592,-27.874,1.0334,0.0321025,-0.0321025,2024-06-10,2024-04
NGTS-33 b,NGTS-33,1,1,<a refstr=ALVES_ET_AL__2024 href=https://ui.adsabs.harvard.edu/abs/2024MNRAS.tmp.2511A/abstract target=ref>Alves et al. 2024</a>,2.827972,1e-06,-1e-06,0.0,0.048,0.002,-0.002,0.0,18.38272835,0.78462865,-0.78462865,0.0,0.19,0.03,-0.03,0.0,0.0,,,0.0,2620.0,1120.0,-1120.0,0.0,1991.0,21.0,-21.0,0.0,0,,7437.0,72.0,-72.0,0.0,1.47,0.06,-0.06,0.0,1.6,0.11,-0.11,0.0,-0.11,0.17,-0.17,0.0,[Fe/H],07h11m20.00s,107.8333348,-35d51m01.87s,-35.8505185,-11.80099,247.35039,437.855,4.371,-4.286,2.25521,0.0224084,-0.0224084,2024-12-10,2024-11
NGTS-8 b,NGTS-8,1,1,<a refstr=COSTES_ET_AL__2020 href=https://ui.adsabs.harvard.edu/abs/2020MNRAS.491.2834C/abstract target=ref>Costes et al. 2020</a>,2.4997,1e-05,-1e-05,0.0,0.035,0.001,-0.001,0.0,12.21781,0.33627,-0.33627,0.0,0.89,0.08,-0.07,0.0,0.01,0.014,-0.01,0.0,503.0,33.0,-33.0,0.0,1345.0,19.0,-19.0,0.0,0,K0 V,5241.0,50.0,-50.0,0.0,0.98,0.02,-0.02,0.0,0.89,0.05,-0.04,0.0,0.24,0.09,-0.09,0.0,[Fe/H],21h55m54.22s,328.9759206,-14d04m06.38s,-14.0684399,-47.14354,41.59543,428.976,5.621,-5.481,2.30266,0.029933,-0.029933,2019-11-18,2020-01
NGTS-9 b,NGTS-9,1,1,<a refstr=COSTES_ET_AL__2020 href=https://ui.adsabs.harvard.edu/abs/2020MNRAS.491.2834C/abstract target=ref>Costes et al. 2020</a>,4.43527,2e-05,-2e-05,0.0,0.058,0.003,-0.002,0.0,11.99363,0.67254,-0.67254,0.0,2.93,0.53,-0.49,0.0,0.06,0.076,-0.052,0.0,729.0,80.0,-80.0,0.0,1448.0,36.0,-36.0,0.0,0,F8 V,6330.0,130.0,-130.0,0.0,1.38,0.04,-0.04,0.0,1.34,0.05,-0.05,0.0,0.31,0.15,-0.15,0.0,[Fe/H],09h27m40.95s,141.9206435,-19d20m51.53s,-19.3476477,22.2152,250.6186,609.128,15.952,-15.171,1.61358,0.0416065,-0.0416065,2019-11-18,2020-01
PH2 b,PH2,1,1,<a refstr=DALBA_ET_AL__2024 href=https://ui.adsabs.harvard.edu/abs/2024ApJS..271...16D/abstract target=ref>Dalba et al. 2024</a>,282.52542,0.00011,-0.00011,0.0,0.833,0.014,-0.016,0.0,9.33708092,0.2914335,-0.26901554,0.0,0.58,0.16,-0.15,0.0,0.215,0.095,-0.082,0.0,1.2,0.09,-0.09,0.0,295.1,5.0,-4.5,0.0,0,,5734.0,84.0,-82.0,0.0,0.949,0.028,-0.027,0.0,0.966,0.05,-0.056,0.0,0.017,0.051,-0.044,0.0,[Fe/H],19h19m03.27s,289.7636212,+51d57m45.66s,51.962683,17.05061,83.15282,343.863,3.631,-3.557,2.87962,0.0301634,-0.0301634,2024-09-13,2024-03
Qatar-3 b,Qatar-3,1,1,<a refstr=ALSUBAI_ET_AL__2017 href=https://ui.adsabs.harvard.edu/abs/2017AJ....153..200A/abstract target=ref>Alsubai et al. 2017</a>,2.5079204,,,0.0,0.03783,0.00069,-0.00069,0.0,12.285064,1.56926,-1.56926,0.0,4.0,1.2,-1.2,0.0,0.0,,,0.0,1330.0,287.0,-287.0,0.0,1681.0,84.0,-84.0,0.0,0,G0 V,6007.0,52.0,-52.0,0.0,1.272,0.14,-0.14,0.0,1.145,0.064,-0.064,0.0,-0.041,0.081,-0.081,0.0,[Fe/H],23h56m36.47s,359.1519716,+36d12m46.64s,36.2129562,-25.35493,110.71755,735.601,33.463,-30.723,1.33157,0.0588221,-0.0588221,2017-04-24,2017-04
Qatar-4 b,Qatar-4,1,1,<a refstr=ALSUBAI_ET_AL__2017 href=https://ui.adsabs.harvard.edu/abs/2017AJ....153..200A/abstract target=ref>Alsubai et al. 2017</a>,1.8053564,,,0.0,0.02803,0.00048,-0.00048,0.0,12.722215,1.23299,-1.23299,0.0,5.1,1.0,-1.0,0.0,0.0,,,0.0,614.0,88.0,-88.0,0.0,1385.0,48.0,-48.0,0.0,0,K1 V,5215.0,50.0,-50.0,0.0,0.849,0.063,-0.063,0.0,0.896,0.048,-0.048,0.0,0.103,0.081,-0.081,0.0,[Fe/H],00h19m26.23s,4.859275,+44d01m39.35s,44.0275965,-18.46753,116.87585,329.036,2.891,-2.843,3.01051,0.0262814,-0.0262814,2017-04-24,2017-04
Qatar-5 b,Qatar-5,1,1,<a refstr=ALSUBAI_ET_AL__2017 href=https://ui.adsabs.harvard.edu/abs/2017AJ....153..200A/abstract target=ref>Alsubai et al. 2017</a>,2.8792319,,,0.0,0.04127,0.00067,-0.00067,0.0,12.408363,0.717376,-0.717376,0.0,3.95,0.58,-0.58,0.0,0.0,,,0.0,669.0,60.0,-60.0,0.0,1415.0,31.0,-31.0,0.0,0,G2 V,5747.0,49.0,-49.0,0.0,1.076,0.051,-0.051,0.0,1.128,0.056,-0.056,0.0,0.377,0.08,-0.08,0.0,[Fe/H],00h28m12.94s,7.0539375,+42d03m40.84s,42.0613451,-20.60282,118.33015,367.658,8.089,-7.755,2.69255,0.0581376,-0.0581376,2017-04-24,2017-04
TIC 139270665 b,TIC 139270665,1,2,<a refstr=PELUSO_ET_AL__2024 href=https://ui.adsabs.harvard.edu/abs/2024AJ....167..170P/abstract target=ref>Peluso et al. 2024</a>,23.624,0.03,-0.031,0.0,0.163,0.0027,-0.0033,0.0,7.22979255,0.26901554,-0.24659758,0.0,2.13,0.32,-0.29,0.0,0.105,0.053,-0.05,0.0,40.3,3.4,-2.7,0.0,703.0,14.0,-11.0,0.0,0,G2,5844.0,84.0,-82.0,0.0,1.016,0.035,-0.031,0.0,1.035,0.052,-0.062,0.0,0.156,0.057,-0.056,0.0,[Fe/H],08h16m08.14s,124.0338967,+33d17m29.23s,33.2914532,31.26539,188.6991,189.875,1.615,-1.589,5.23819,0.0440897,-0.0440897,2024-05-08,2024-04
TIC 393818343 b,TIC 393818343,1,1,<a refstr=SGRO_ET_AL__2024 href=https://ui.adsabs.harvard.edu/abs/2024arXiv240515021S/abstract target=ref>Sgro et al. 2024</a>,16.24921,0.0001,-0.00011,0.0,0.1291,0.0021,-0.0022,0.0,12.18416202,0.25780656,-0.23538859,0.0,4.22,0.16,-0.24,0.0,0.6058,0.0023,-0.0023,0.0,2.28,2.42,-2.28,0.0,805.5,9.6,-9.4,0.0,0,,5756.0,67.0,-66.0,0.0,1.086,0.02,-0.02,0.0,1.082,0.055,-0.056,0.0,0.318,0.058,-0.058,0.0,[Fe/H],20h41m10.01s,310.2917002,+03d38m17.87s,3.6382967,-22.34945,49.65456,93.7345,0.3527,-0.35,10.6397,0.0396895,-0.0396895,2024-06-09,2024-05
TOI-1052 b,TOI-1052,1,2,<a refstr=ARMSTRONG_ET_AL__2023 href=https://ui.adsabs.harvard.edu/abs/2023MNRAS.tmp.2090A/abstract target=ref>Armstrong et al. 2023</a>,9.139703,0.00019,-0.000197,0.0,0.09103,0.00062,-0.00063,0.0,2.87,0.29,-0.24,0.0,3.93,1.7,-1.3,0.0,0.18,0.09,-0.071,0.0,246.0,13.0,-13.0,0.0,1135.0,,,0.0,0,,6146.0,62.0,-62.0,0.0,1.264,0.033,-0.033,0.0,1.204,0.025,-0.025,0.0,0.14,0.013,-0.013,0.0,[Fe/H],22h30m02.47s,337.5102738,-75d38m47.62s,-75.6465606,-38.44079,313.48326,129.804,0.56,-0.555,7.67517,0.032834,-0.032834,2023-08-10,2023-07
TOI-1062 b,TOI-1062,1,2,<a refstr=OTEGI_ET_AL__2021 href=https://ui.adsabs.harvard.edu/abs/2021A&A...653A.105O/abstract target=ref>Otegi et al. 2021</a>,4.11296,0.0015,-0.0015,0.0,0.052,0.024,-0.025,0.0,2.265,0.096,-0.091,0.0,4.85,0.84,-0.74,0.0,0.177,0.067,-0.064,0.0,232.0,11.0,-10.0,0.0,1077.0,10.0,-9.0,0.0,0,G9 V,5328.0,56.0,-56.0,0.0,0.84,0.09,-0.09,0.0,0.94,0.02,-0.02,0.0,0.14,0.04,-0.04,0.0,[Fe/H],02h32m29.03s,38.1209678,-78d01m25.26s,-78.0236828,-37.81231,296.49611,82.1733,0.1635,-0.1629,12.1405,0.0239877,-0.0239877,2021-08-03,2021-09
TOI-1064 b,TOI-1064,1,2,<a refstr=WILSON_ET_AL__2022 href=https://ui.adsabs.harvard.edu/abs/2022MNRAS.tmp..107W/abstract target=ref>Wilson et al. 2022</a>,6.443868,2.5e-05,-2.5e-05,0.0,0.06152,0.00086,-0.00089,0.0,2.587,0.043,-0.042,0.0,4.30062,0.551362,-0.606498,0.0,0.047,0.038,-0.03,0.0,62.9,4.2,-4.0,0.0,784.0,13.0,-13.0,0.0,0,,4734.0,67.0,-67.0,0.0,0.726,0.007,-0.007,0.0,0.748,0.032,-0.032,0.0,0.05,0.08,-0.08,0.0,[Fe/H],19h44m00.94s,296.0039349,-47d33m43.31s,-47.5620305,-28.2351,351.16485,68.0726,0.3639,-0.3601,14.662,0.077535,-0.077535,2022-01-31,2022-01
TOI-1064 c,TOI-1064,1,2,<a refstr=WILSON_ET_AL__2022 href=https://ui.adsabs.harvard.edu/abs/2022MNRAS.tmp..107W/abstract target=ref>Wilson et al. 2022</a>,12.226574,4.6e-05,-4.3e-05,0.0,0.09429,0.00132,-0.00136,0.0,2.651,0.043,-0.042,0.0,0.771906,0.496225,-0.606498,0.0,0.088,0.081,-0.064,0.0,26.8,1.8,-1.7,0.0,634.0,10.0,-10.0,0.0,0,,4734.0,67.0,-67.0,0.0,0.726,0.007,-0.007,0.0,0.748,0.032,-0.032,0.0,0.05,0.08,-0.08,0.0,[Fe/H],19h44m00.94s,296.0039349,-47d33m43.31s,-47.5620305,-28.2351,351.16485,68.0726,0.3639,-0.3601,14.662,0.077535,-0.077535,2022-01-31,2022-01
TOI-1075 b,TOI-1075,1,1,<a refstr=ESSACK_ET_AL__2022 href=https://ui.adsabs.harvard.edu/abs/2022arXiv221014901E/abstract target=ref>Essack et al. 2022</a>,0.6047328,3.2e-06,-3.2e-06,0.0,0.01159,0.00023,-0.0002,0.0,1.791,0.116,-0.081,0.0,9.32,2.05,-1.85,0.0,0.0,,,0.0,509.2,18.7,-20.4,0.0,1323.0,44.0,-44.0,0.0,0,K9 V/M0 V,3875.0,75.0,-75.0,0.0,0.581,0.024,-0.024,0.0,0.604,0.03,-0.03,0.0,-0.08,0.09,-0.09,0.0,[Fe/H],20h39m53.09s,309.9712091,-65d26m58.92s,-65.4496994,-35.68168,330.01703,61.4592,0.09435,-0.09435,16.242,0.0247816,-0.0247816,2022-11-07,2022-10
TOI-1107 b,TOI-1107,1,1,<a refstr=PSARIDI_ET_AL__2022 href=https://ui.adsabs.harvard.edu/abs/2022arXiv220510854P/abstract target=ref>Psaridi et al. 2022</a>,4.0782387,2.4e-06,-2.5e-06,0.0,0.0561,0.0024,-0.0025,0.0,14.57167491,0.56044903,-0.56044903,0.0,1.89,0.23,-0.22,0.0,0.025,0.023,-0.016,0.0,532.0,92.0,-93.0,0.0,1728.0,27.0,-27.0,0.0,0,F6 V,6311.0,98.0,-98.0,0.0,1.81,0.06,-0.06,0.0,1.35,0.08,-0.08,0.0,-0.1,0.09,-0.09,0.0,[Fe/H],10h22m25.89s,155.6078632,-82d13m07.93s,-82.2188693,-20.84697,297.90095,281.314,2.031,-2.003,3.52605,0.0252945,-0.0252945,2022-06-08,2022-05
TOI-1130 b,TOI-1130,1,2,<a refstr=KORTH_ET_AL__2023 href=https://ui.adsabs.harvard.edu/abs/2023A&A...675A.115K/abstract target=ref>Korth et al. 2023</a>,4.07445,0.00046,-0.00046,0.0,0.04457,0.00036,-0.00036,0.0,3.56,0.13,-0.13,0.0,2.34,0.26,-0.26,0.0,0.0541,0.0015,-0.0015,0.0,78.1,5.55,-5.55,0.0,632.17,12.6,-12.6,0.0,1,K6-K7,4350.0,60.0,-60.0,0.0,0.695,0.015,-0.015,0.0,0.712,0.017,-0.017,0.0,0.3,0.06,-0.06,0.0,[Fe/H],19h05m30.24s,286.3760037,-41d26m15.50s,-41.4376399,-20.04121,355.72868,58.2609,0.17,-0.1691,17.1355,0.0495743,-0.0495743,2024-02-05,2023-07
TOI-1130 c,TOI-1130,1,2,<a refstr=KORTH_ET_AL__2023 href=https://ui.adsabs.harvard.edu/abs/2023A&A...675A.115K/abstract target=ref>Korth et al. 2023</a>,8.350231,9.8e-05,-9.8e-05,0.0,0.07191,0.00058,-0.00058,0.0,13.32,1.55,-1.41,0.0,0.75,0.31,-0.21,0.0,0.0457,0.0016,-0.0016,0.0,30.0,2.13,-2.13,0.0,497.7,9.92,-9.92,0.0,1,K6-K7,4350.0,60.0,-60.0,0.0,0.695,0.015,-0.015,0.0,0.712,0.017,-0.017,0.0,0.3,0.06,-0.06,0.0,[Fe/H],19h05m30.24s,286.3760037,-41d26m15.50s,-41.4376399,-20.04121,355.72868,58.2609,0.17,-0.1691,17.1355,0.0495743,-0.0495743,2024-02-05,2023-07
TOI-1173 b,TOI-1173,2,1,<a refstr=GALARZA_ET_AL__2024 href=https://ui.adsabs.harvard.edu/abs/2024AJ....168...91G/abstract target=ref>Galarza et al. 2024</a>,7.06466,0.00028,-0.00029,0.0,0.0696,0.0014,-0.0014,0.0,9.19,0.18,-0.18,0.0,0.195,0.018,-0.017,0.0,0.023,0.025,-0.016,0.0,132.0,10.0,-10.0,0.0,868.0,11.0,-11.0,0.0,0,G9,5350.0,34.0,-34.0,0.0,0.934,0.011,-0.011,0.0,0.911,0.028,-0.03,0.0,0.139,0.065,-0.065,0.0,[Fe/H],13h10m43.94s,197.6830975,+70d46m04.84s,70.7680117,46.27411,120.63534,132.353,0.461,-0.458,7.52671,0.0260286,-0.0260286,2024-08-07,2024-08
TOI-1201 b,TOI-1201,2,1,<a refstr=KOSSAKOWSKI_ET_AL__2021 href=https://ui.adsabs.harvard.edu/abs/2021A&A...656A.124K/abstract target=ref>Kossakowski et al. 2021</a>,2.4919863,3e-06,-3.1e-06,0.0,0.0287,0.0012,-0.0012,0.0,2.415,0.091,-0.09,0.0,2.45,0.48,-0.42,0.0,0.0,,,0.0,40.6,3.6,-3.2,0.0,703.0,15.0,-14.0,0.0,0,M2.0 V,3476.0,51.0,-51.0,0.0,0.508,0.016,-0.016,0.0,0.512,0.02,-0.02,0.0,0.05,0.16,-0.16,0.0,[Fe/H],02h48m59.45s,42.2476999,-14d32m14.22s,-14.5372835,-59.89292,194.18797,37.8871,0.0516,-0.0516,26.3653,0.035657,-0.035657,2021-09-27,2021-12
TOI-1231 b,TOI-1231,1,1,<a refstr=BURT_ET_AL__2021 href=https://ui.adsabs.harvard.edu/abs/2021AJ....162...87B/abstract target=ref>Burt et al. 2021</a>,24.245586,6.4e-05,-6.6e-05,0.0,0.1288,0.0021,-0.0022,0.0,3.65,0.16,-0.15,0.0,1.74,0.47,-0.42,0.0,0.087,0.12,-0.061,0.0,1.93,0.1,-0.1,0.0,329.6,3.8,-3.7,0.0,0,M3 V,3553.0,51.0,-52.0,0.0,0.476,0.015,-0.014,0.0,0.485,0.024,-0.024,0.0,0.041,0.069,-0.063,0.0,[Fe/H],10h26m59.34s,156.74726,-52d28m04.34s,-52.4678724,4.38237,281.8256,27.6227,0.0609,-0.0609,36.1735,0.0791761,-0.0791761,2021-11-09,2021-09
TOI-1235 b,TOI-1235,1,1,<a refstr=BLUHM_ET_AL__2020 href=https://ui.adsabs.harvard.edu/abs/2020A&A...639A.132B/abstract target=ref>Bluhm et al. 2020</a>,3.444717,4e-05,-4.2e-05,0.0,0.03826,0.00048,-0.00049,0.0,1.694,0.08,-0.077,0.0,6.7,1.3,-1.1,0.0,,,,,60.3,1.6,-1.5,0.0,775.0,13.0,-13.0,0.0,0,M0.5 V,3997.0,51.0,-51.0,0.0,0.619,0.019,-0.019,0.0,0.63,0.024,-0.024,0.0,0.33,0.16,-0.16,0.0,[Fe/H],10h08m52.38s,152.2182549,+69d16m35.83s,69.2766204,41.71685,140.91663,39.6345,0.0478,-0.0478,25.2016,0.0301893,-0.0301893,2021-05-17,2020-07
TOI-1235 b,TOI-1235,1,1,<a refstr=CLOUTIER_ET_AL__2020 href=https://ui.adsabs.harvard.edu/abs/2020AJ....160...22C/abstract target=ref>Cloutier et al. 2020</a>,3.444729,3.1e-05,-2.8e-05,0.0,0.03845,0.00037,-0.0004,0.0,1.738,0.087,-0.076,0.0,7.4,1.5,-1.3,0.0,0.15,,,1.0,53.6,5.3,-4.7,0.0,754.0,18.0,-18.0,0.0,0,,3872.0,70.0,-70.0,0.0,0.63,0.015,-0.015,0.0,0.64,0.016,-0.016,0.0,0.05,0.09,-0.09,0.0,[Fe/H],10h08m52.38s,152.2182549,+69d16m35.83s,69.2766204,41.71685,140.91663,39.6345,0.0478,-0.0478,25.2016,0.0301893,-0.0301893,2020-05-28,2020-07
TOI-1246 b,TOI-1246,1,4,<a refstr=TURTELBOOM_ET_AL__2022 href=https://ui.adsabs.harvard.edu/abs/2022arXiv220411895T/abstract target=ref>Turtelboom et al. 2022</a>,4.30744,2e-05,-2e-05,0.0,0.049,0.002,-0.002,0.0,3.01,0.06,-0.06,0.0,1.63,0.23,-0.23,0.0,,,,,196.0,,,0.0,955.0,,,0.0,0,K V,5151.0,100.0,-100.0,0.0,0.86,0.05,-0.05,0.0,0.87,0.03,-0.03,0.0,0.17,0.06,-0.06,0.0,[Fe/H],16h44m27.81s,251.1158702,+70d25m47.97s,70.4299917,35.90788,102.34143,169.422,0.673,-0.669,5.87358,0.023198,-0.023198,2022-05-03,2022-04
TOI-1246 c,TOI-1246,1,4,<a refstr=TURTELBOOM_ET_AL__2022 href=https://ui.adsabs.harvard.edu/abs/2022arXiv220411895T/abstract target=ref>Turtelboom et al. 2022</a>,5.904144,8.3e-05,-8.3e-05,0.0,0.061,0.002,-0.002,0.0,2.51,0.08,-0.08,0.0,3.21,0.44,-0.44,0.0,,,,,129.0,,,0.0,860.0,,,0.0,0,K V,5151.0,100.0,-100.0,0.0,0.86,0.05,-0.05,0.0,0.87,0.03,-0.03,0.0,0.17,0.06,-0.06,0.0,[Fe/H],16h44m27.81s,251.1158702,+70d25m47.97s,70.4299917,35.90788,102.34143,169.422,0.673,-0.669,5.87358,0.023198,-0.023198,2022-05-03,2022-04
TOI-1246 d,TOI-1246,1,4,<a refstr=TURTELBOOM_ET_AL__2022 href=https://ui.adsabs.harvard.edu/abs/2022arXiv220411895T/abstract target=ref>Turtelboom et al. 2022</a>,18.6559,0.00048,-0.00048,0.0,0.131,0.004,-0.004,0.0,3.51,0.09,-0.09,0.0,0.7,0.23,-0.23,0.0,,,,,28.0,,,0.0,586.0,,,0.0,1,K V,5151.0,100.0,-100.0,0.0,0.86,0.05,-0.05,0.0,0.87,0.03,-0.03,0.0,0.17,0.06,-0.06,0.0,[Fe/H],16h44m27.81s,251.1158702,+70d25m47.97s,70.4299917,35.90788,102.34143,169.422,0.673,-0.669,5.87358,0.023198,-0.023198,2022-05-03,2022-04
TOI-1246 e,TOI-1246,1,4,<a refstr=TURTELBOOM_ET_AL__2022 href=https://ui.adsabs.harvard.edu/abs/2022arXiv220411895T/abstract target=ref>Turtelboom et al. 2022</a>,37.9216,0.001,-0.001,0.0,0.211,0.007,-0.007,0.0,3.78,0.16,-0.16,0.0,1.51,0.26,-0.26,0.0,,,,,11.0,,,0.0,462.0,,,0.0,1,K V,5151.0,100.0,-100.0,0.0,0.86,0.05,-0.05,0.0,0.87,0.03,-0.03,0.0,0.17,0.06,-0.06,0.0,[Fe/H],16h44m27.81s,251.1158702,+70d25m47.97s,70.4299917,35.90788,102.34143,169.422,0.673,-0.669,5.87358,0.023198,-0.023198,2022-05-03,2022-04
TOI-125 b,TOI-125,1,3,<a refstr=NIELSEN_ET_AL__2020 href=https://ui.adsabs.harvard.edu/abs/2020MNRAS.492.5399N/abstract target=ref>Nielsen et al. 2020</a>,4.65382,0.00033,-0.00031,0.0,0.05186,0.00086,-0.00077,0.0,2.726,0.075,-0.075,0.0,2.57,0.33,-0.33,0.0,0.194,0.041,-0.036,0.0,185.0,9.0,-9.0,0.0,1037.0,11.0,-11.0,0.0,0,K0 V,5320.0,39.0,-39.0,0.0,0.848,0.011,-0.011,0.0,0.859,0.044,-0.038,0.0,-0.02,0.03,-0.03,0.0,[Fe/H],01h34m22.42s,23.5934253,-66d40m34.86s,-66.6763495,-49.90031,296.35814,111.059,0.444,-0.44,8.97546,0.0355916,-0.0355916,2020-02-06,2020-03
TOI-125 c,TOI-125,1,3,<a refstr=NIELSEN_ET_AL__2020 href=https://ui.adsabs.harvard.edu/abs/2020MNRAS.492.5399N/abstract target=ref>Nielsen et al. 2020</a>,9.15059,0.0007,-0.00082,0.0,0.0814,0.0013,-0.0013,0.0,2.759,0.1,-0.1,0.0,1.73,0.33,-0.33,0.0,0.066,0.07,-0.047,0.0,77.59,3.31,-3.31,0.0,827.8,8.6,-8.6,0.0,0,K0 V,5320.0,39.0,-39.0,0.0,0.848,0.011,-0.011,0.0,0.859,0.044,-0.038,0.0,-0.02,0.03,-0.03,0.0,[Fe/H],01h34m22.42s,23.5934253,-66d40m34.86s,-66.6763495,-49.90031,296.35814,111.059,0.444,-0.44,8.97546,0.0355916,-0.0355916,2020-02-06,2020-03
TOI-125 d,TOI-125,1,3,<a refstr=NIELSEN_ET_AL__2020 href=https://ui.adsabs.harvard.edu/abs/2020MNRAS.492.5399N/abstract target=ref>Nielsen et al. 2020</a>,19.98,0.005,-0.0056,0.0,0.137,0.0022,-0.0022,0.0,2.93,0.17,-0.17,0.0,2.98,0.65,-0.52,0.0,0.168,0.088,-0.062,0.0,26.7,1.4,-1.4,0.0,638.1,6.6,-6.6,0.0,0,K0 V,5320.0,39.0,-39.0,0.0,0.848,0.011,-0.011,0.0,0.859,0.044,-0.038,0.0,-0.02,0.03,-0.03,0.0,[Fe/H],01h34m22.42s,23.5934253,-66d40m34.86s,-66.6763495,-49.90031,296.35814,111.059,0.444,-0.44,8.97546,0.0355916,-0.0355916,2020-02-06,2020-03
TOI-1260 b,TOI-1260,1,3,<a refstr=GEORGIEVA_ET_AL__2021 href=https://ui.adsabs.harvard.edu/abs/2021MNRAS.505.4684G/abstract target=ref>Georgieva et al. 2021</a>,3.12748,4.7e-05,-3.8e-05,0.0,0.0366,0.0022,-0.0036,0.0,2.34,0.11,-0.09,0.0,3.69,0.81,-0.76,0.0,0.0,,,0.0,91.0,22.0,-12.0,0.0,860.0,47.0,-31.0,0.0,0,K6 V,4227.0,85.0,-85.0,0.0,0.65,0.01,-0.01,0.0,0.66,0.01,-0.01,0.0,-0.1,0.07,-0.07,0.0,[Fe/H],10h28m34.58s,157.1440712,+65d51m15.11s,65.8541986,45.37156,142.80364,73.5977,0.1607,-0.1601,13.5585,0.0293903,-0.0293903,2021-07-12,2021-08
TOI-1260 b,TOI-1260,1,3,<a refstr=LAM_ET_AL__2022 href=https://ui.adsabs.harvard.edu/abs/2022arXiv221204307L/abstract target=ref>Lam et al. 2022</a>,3.127463,5e-06,-5e-06,0.0,0.0367,0.0011,-0.0011,0.0,2.41,0.05,-0.05,0.0,3.35,0.64,-0.64,0.0,0.0,,,0.0,95.58,0.07,-0.07,0.0,871.0,24.0,-24.0,0.0,0,,4227.0,85.0,-85.0,0.0,0.672,0.01,-0.01,0.0,0.679,0.095,-0.057,0.0,-0.1,0.07,-0.07,0.0,[Fe/H],10h28m34.58s,157.1440712,+65d51m15.11s,65.8541986,45.37156,142.80364,73.5977,0.1607,-0.1601,13.5585,0.0293903,-0.0293903,2022-12-17,2022-12
TOI-1260 c,TOI-1260,1,3,<a refstr=LAM_ET_AL__2022 href=https://ui.adsabs.harvard.edu/abs/2022arXiv221204307L/abstract target=ref>Lam et al. 2022</a>,7.493134,2e-05,-2e-05,0.0,0.0657,0.002,-0.002,0.0,2.76,0.07,-0.07,0.0,3.45,1.14,-1.14,0.0,0.0,,,0.0,29.81,0.05,-0.05,0.0,651.0,18.0,-18.0,0.0,0,,4227.0,85.0,-85.0,0.0,0.672,0.01,-0.01,0.0,0.679,0.095,-0.057,0.0,-0.1,0.07,-0.07,0.0,[Fe/H],10h28m34.58s,157.1440712,+65d51m15.11s,65.8541986,45.37156,142.80364,73.5977,0.1607,-0.1601,13.5585,0.0293903,-0.0293903,2022-12-17,2022-12
TOI-1260 c,TOI-1260,1,3,<a refstr=GEORGIEVA_ET_AL__2021 href=https://ui.adsabs.harvard.edu/abs/2021MNRAS.505.4684G/abstract target=ref>Georgieva et al. 2021</a>,7.49325,0.00015,-0.00013,0.0,0.0656,0.0039,-0.0065,0.0,2.82,0.15,-0.15,0.0,2.87,0.98,-0.86,0.0,0.0,,,0.0,28.4,6.8,-3.9,0.0,643.0,35.0,-23.0,0.0,0,K6 V,4227.0,85.0,-85.0,0.0,0.65,0.01,-0.01,0.0,0.66,0.01,-0.01,0.0,-0.1,0.07,-0.07,0.0,[Fe/H],10h28m34.58s,157.1440712,+65d51m15.11s,65.8541986,45.37156,142.80364,73.5977,0.1607,-0.1601,13.5585,0.0293903,-0.0293903,2021-07-12,2021-08
TOI-1260 d,TOI-1260,1,3,<a refstr=LAM_ET_AL__2022 href=https://ui.adsabs.harvard.edu/abs/2022arXiv221204307L/abstract target=ref>Lam et al. 2022</a>,16.608164,8.3e-05,-8.3e-05,0.0,0.1116,0.0033,-0.0033,0.0,3.12,0.08,-0.08,0.0,2.14,1.42,-1.42,0.0,0.0,,,0.0,10.32,0.07,-0.07,0.0,499.0,14.0,-14.0,0.0,0,,4227.0,85.0,-85.0,0.0,0.672,0.01,-0.01,0.0,0.679,0.095,-0.057,0.0,-0.1,0.07,-0.07,0.0,[Fe/H],10h28m34.58s,157.1440712,+65d51m15.11s,65.8541986,45.37156,142.80364,73.5977,0.1607,-0.1601,13.5585,0.0293903,-0.0293903,2022-12-17,2022-12
TOI-1266 b,TOI-1266,1,3,<a refstr=CLOUTIER_ET_AL__2024 href=https://ui.adsabs.harvard.edu/abs/2024MNRAS.527.5464C/abstract target=ref>Cloutier et al. 2024</a>,10.894841,1.1e-05,-1.1e-05,0.0,0.0728,0.0011,-0.0011,0.0,2.62,0.11,-0.11,0.0,1.3,0.3,-0.3,0.0,0.22,,,1.0,5.5,1.1,-1.0,0.0,425.0,20.0,-19.0,0.0,1,M3 V,3618.0,157.0,-157.0,0.0,0.436,0.013,-0.013,0.0,0.431,0.02,-0.02,0.0,-0.195,0.115,-0.115,0.0,[Fe/H],13h11m59.18s,197.9965833,+65d50m01.31s,65.8336973,51.16066,119.58108,36.0118,0.0295,-0.0295,27.7397,0.0226124,-0.0226124,2024-03-25,2024-01
TOI-1266 c,TOI-1266,1,3,<a refstr=CLOUTIER_ET_AL__2024 href=https://ui.adsabs.harvard.edu/abs/2024MNRAS.527.5464C/abstract target=ref>Cloutier et al. 2024</a>,18.801611,5.3e-05,-5.3e-05,0.0,0.1047,0.0016,-0.0016,0.0,2.13,0.12,-0.12,0.0,1.6,0.6,-0.5,0.0,0.34,,,1.0,2.7,0.5,-0.4,0.0,354.0,16.0,-16.0,0.0,1,M3 V,3618.0,157.0,-157.0,0.0,0.436,0.013,-0.013,0.0,0.431,0.02,-0.02,0.0,-0.195,0.115,-0.115,0.0,[Fe/H],13h11m59.18s,197.9965833,+65d50m01.31s,65.8336973,51.16066,119.58108,36.0118,0.0295,-0.0295,27.7397,0.0226124,-0.0226124,2024-03-25,2024-01
TOI-1295 b,TOI-1295,1,1,<a refstr=EHRHARDT_ET_AL__2024 href=https://ui.adsabs.harvard.edu/abs/2024A&A...692A.220E/abstract target=ref>Ehrhardt et al. 2024</a>,3.1968838,5e-07,-5e-07,0.0,0.047,0.002,-0.002,0.0,15.69257298,0.89671846,-0.89671846,0.0,0.65,0.05,-0.05,0.0,0.024,0.02,-0.02,0.0,1800.0,130.0,-130.0,0.0,2360.0,50.0,-50.0,0.0,0,F,6280.0,50.0,-50.0,0.0,1.7,0.03,-0.03,0.0,1.38,0.08,-0.08,0.0,0.26,0.06,-0.06,0.0,[Fe/H],17h06m41.33s,256.6722026,+67d52m17.41s,67.8715032,34.77412,98.63193,388.227,4.497,-4.398,2.54722,0.0292832,-0.0292832,2025-01-22,2024-12
TOI-132 b,TOI-132,1,1,<a refstr=D_IACUTE_AZ_ET_AL__2020 href=https://ui.adsabs.harvard.edu/abs/2020MNRAS.493..973D/abstract target=ref>D&iacute;az et al. 2020</a>,2.1097019,1.2e-05,-1.1e-05,0.0,0.026,0.002,-0.003,0.0,3.42,0.13,-0.14,0.0,3.08,0.44,-0.46,0.0,0.059,0.05,-0.037,0.0,860.0,,,0.0,1395.0,52.0,-72.0,0.0,0,G8 V,5397.0,46.0,-46.0,0.0,0.9,0.02,-0.02,0.0,0.97,0.06,-0.06,0.0,0.16,0.1,-0.1,0.0,[Fe/H],22h33m35.92s,338.3996623,-43d26m12.74s,-43.436872,-57.81809,353.41363,163.678,0.993,-0.981,6.08093,0.0365654,-0.0365654,2020-02-21,2020-03
TOI-1386 b,TOI-1386,1,2,<a refstr=HILL_ET_AL__2024 href=https://ui.adsabs.harvard.edu/abs/2024arXiv240203498H/abstract target=ref>Hill et al. 2024</a>,25.83839,0.00013,-0.00013,0.0,0.1732,0.0027,-0.0033,0.0,6.05284958,0.20176165,-0.17934369,0.0,1.16,0.19,-0.18,0.0,0.061,0.056,-0.042,0.0,34.68,2.131,-1.763,0.0,676.4,10.0,-8.3,0.0,0,G5V,5793.0,76.0,-73.0,0.0,1.015,0.028,-0.026,0.0,1.038,0.05,-0.058,0.0,0.164,0.056,-0.056,0.0,[Fe/H],22h18m00.98s,334.5041029,+54d19m08.56s,54.3190454,-2.10233,101.69746,146.858,0.687,-0.68,6.78055,0.0314577,-0.0314577,2024-02-16,2024-02
TOI-1416 b,TOI-1416,1,1,<a refstr=DEEG_ET_AL__2023 href=https://ui.adsabs.harvard.edu/abs/2023arXiv230518542D/abstract target=ref>Deeg et al. 2023</a>,1.0697568,2.8e-06,-2.8e-06,0.0,0.019,0.0003,-0.0003,0.0,1.62,0.08,-0.08,0.0,4.5,0.99,-0.83,0.0,0.0,,,0.0,883.0,96.0,-96.0,0.0,1517.0,39.0,-39.0,0.0,0,G9 V,4884.0,70.0,-70.0,0.0,0.793,0.036,-0.028,0.0,0.798,0.035,-0.044,0.0,0.08,0.05,-0.05,0.0,[Fe/H],14h27m41.64s,216.9234892,+41d57m10.75s,41.9529862,65.39358,76.1889,55.0135,0.0775,-0.0772,18.1484,0.0253602,-0.0253602,2023-06-12,2023-05
TOI-1420 b,TOI-1420,1,1,<a refstr=YOSHIDA_ET_AL__2023 href=https://ui.adsabs.harvard.edu/abs/2023AJ....166..181Y/abstract target=ref>Yoshida et al. 2023</a>,6.9561063,1.7e-06,-1.7e-06,0.0,0.071,0.0012,-0.0012,0.0,11.89,0.33,-0.33,0.0,0.082,0.015,-0.015,0.0,0.17,,,1.0,139.0,10.0,-10.0,0.0,957.0,17.0,-17.0,0.0,0,,5510.0,110.0,-110.0,0.0,0.923,0.024,-0.024,0.0,0.987,0.048,-0.048,0.0,0.28,0.074,-0.074,0.0,[Fe/H],21h31m46.03s,322.9418092,+66d20m56.42s,66.3490054,10.82417,104.72204,201.918,0.918,-0.911,4.9237,0.0222619,-0.0222619,2023-11-06,2023-11
TOI-1431 b,TOI-1431,1,1,<a refstr=ADDISON_ET_AL__2021 href=https://ui.adsabs.harvard.edu/abs/2021AJ....162..292A/abstract target=ref>Addison et al. 2021</a>,2.650237,3e-06,-3e-06,0.0,0.046,0.002,-0.002,0.0,16.70138124,0.56044903,-0.56044903,0.0,1.17,0.18,-0.16,0.0,0.0022,0.003,-0.0016,0.0,5300.0,500.0,-470.0,0.0,2370.0,70.0,-70.0,0.0,0,Am C,7690.0,400.0,-250.0,0.0,1.92,0.07,-0.07,0.0,1.9,0.1,-0.08,0.0,0.09,0.03,-0.03,0.0,[Fe/H],21h04m48.89s,316.2036922,+55d35m16.88s,55.5880221,5.72303,94.60687,148.925,1.034,-1.02,6.68637,0.0459545,-0.0459545,2021-10-11,2021-12
TOI-1448 b,TOI-1448,1,1,<a refstr=HORI_ET_AL__2024 href=https://ui.adsabs.harvard.edu/abs/2024arXiv240512637H/abstract target=ref>Hori et al. 2024</a>,8.112245,1.8e-05,-1.8e-05,0.0,0.0567,0.0015,-0.0015,0.0,2.749,0.067,-0.063,0.0,9.51,0.55,-0.55,0.0,0.36,,,1.0,5.45,0.29,-0.27,0.0,426.0,6.0,-6.0,0.0,0,,3412.0,28.0,-32.0,0.0,0.38,0.007,-0.007,0.0,0.372,0.009,-0.009,0.0,0.37,0.14,-0.14,0.0,[Fe/H],21h05m17.76s,316.324003,+57d46m15.94s,57.7710946,7.12331,96.29363,73.3345,0.1733,-0.1724,13.6073,0.0318963,-0.0318963,2024-06-10,2024-06
TOI-1452 b,TOI-1452,2,1,<a refstr=CADIEUX_ET_AL__2022 href=https://ui.adsabs.harvard.edu/abs/2022AJ....164...96C/abstract target=ref>Cadieux et al. 2022</a>,11.06201,2e-05,-2e-05,0.0,0.061,0.003,-0.003,0.0,1.672,0.071,-0.071,0.0,5.6,1.8,-1.6,0.0,0.0,,,0.0,1.8,0.2,-0.2,0.0,326.0,7.0,-7.0,0.0,0,M4 &#177 0.5 V,3185.0,50.0,-50.0,0.0,0.275,0.009,-0.009,0.0,0.249,0.008,-0.008,0.0,-0.07,0.02,-0.02,0.0,[M/H],19h20m41.75s,290.1739741,+73d11m42.39s,73.1951082,23.81292,104.66497,30.5212,0.0392,-0.039,32.7352,0.0416864,-0.0416864,2022-08-30,2022-09
TOI-1453 b,TOI-1453,2,2,<a refstr=STALPORT_ET_AL__2025 href=https://ui.adsabs.harvard.edu/abs/2025arXiv250307529S/abstract target=ref>Stalport et al. 2025</a>,4.3135225,1.18e-05,-9.2e-06,0.0,,,,,1.173,0.059,-0.056,0.0,8.215288,,,1.0,0.0,,,0.0,132.6,10.4,-10.4,0.0,944.2,17.8,-17.8,0.0,0,,4975.0,68.0,-68.0,0.0,0.72,0.029,-0.029,0.0,0.715,0.035,-0.035,0.0,-0.31,0.06,-0.06,0.0,[Fe/H],17h12m53.58s,258.2232705,+57d11m52.00s,57.1977779,35.75066,85.57623,78.7415,0.1195,-0.1192,12.6708,0.019106,-0.019106,2025-03-18,2025-03
TOI-1453 c,TOI-1453,2,2,<a refstr=STALPORT_ET_AL__2025 href=https://ui.adsabs.harvard.edu/abs/2025arXiv250307529S/abstract target=ref>Stalport et al. 2025</a>,6.5886982,4.1e-06,-4.1e-06,0.0,,,,,2.224,0.095,-0.095,0.0,1.472135,0.479685,-0.441089,0.0,0.0,,,0.0,75.3,5.8,-5.8,0.0,819.8,15.6,-15.6,0.0,0,,4975.0,68.0,-68.0,0.0,0.72,0.029,-0.029,0.0,0.715,0.035,-0.035,0.0,-0.31,0.06,-0.06,0.0,[Fe/H],17h12m53.58s,258.2232705,+57d11m52.00s,57.1977779,35.75066,85.57623,78.7415,0.1195,-0.1192,12.6708,0.019106,-0.019106,2025-03-17,2025-03
TOI-1470 b,TOI-1470,1,2,<a refstr=GONZ_AACUTE_LEZ__AACUTE_LVAREZ_ET_AL__2023 href=https://ui.adsabs.harvard.edu/abs/2023A&A...675A.177G/abstract target=ref>Gonz&aacute;lez-&Aacute;lvarez et al. 2023</a>,2.527093,4e-06,-3e-06,0.0,0.0285,0.0004,-0.0004,0.0,2.18,0.04,-0.04,0.0,3.86,0.7,-0.68,0.0,0.3,,,1.0,46.3,1.5,-1.4,0.0,734.0,,,0.0,0,M1.5 V,3709.0,11.0,-11.0,0.0,0.469,0.003,-0.003,0.0,0.471,0.011,-0.011,0.0,0.0,0.03,-0.03,0.0,[Fe/H],00h40m21.39s,10.0891431,+61d12m48.19s,61.2133868,-1.62965,121.59773,51.9503,0.0745,-0.0745,19.2202,0.0273979,-0.0273979,2023-08-07,2023-07
TOI-1470 c,TOI-1470,1,2,<a refstr=GONZ_AACUTE_LEZ__AACUTE_LVAREZ_ET_AL__2023 href=https://ui.adsabs.harvard.edu/abs/2023A&A...675A.177G/abstract target=ref>Gonz&aacute;lez-&Aacute;lvarez et al. 2023</a>,18.08816,6e-05,-8e-05,0.0,0.106,0.001,-0.001,0.0,2.47,0.02,-0.02,0.0,2.66,1.06,-1.02,0.0,0.5,,,1.0,3.35,0.3,-0.2,0.0,373.0,,,0.0,0,M1.5 V,3709.0,11.0,-11.0,0.0,0.469,0.003,-0.003,0.0,0.471,0.011,-0.011,0.0,0.0,0.03,-0.03,0.0,[Fe/H],00h40m21.39s,10.0891431,+61d12m48.19s,61.2133868,-1.62965,121.59773,51.9503,0.0745,-0.0745,19.2202,0.0273979,-0.0273979,2023-08-07,2023-07
TOI-157 b,TOI-157,1,1,<a refstr=NIELSEN_ET_AL__2020 href=https://ui.adsabs.harvard.edu/abs/2020A&A...639A..76N/abstract target=ref>Nielsen et al. 2020</a>,2.0845435,2.3e-06,-2.3e-06,0.0,0.03138,0.00025,-0.0002,0.0,14.414774,0.257807,-0.22418,0.0,0.686,0.08,-0.078,0.0,0.0,,,0.0,1062.0,57.0,-51.0,0.0,1588.0,21.0,-20.0,0.0,0,G9 IV,5404.0,70.0,-67.0,0.0,1.167,0.017,-0.014,0.0,0.948,0.023,-0.018,0.0,0.24,0.09,-0.09,0.0,[Fe/H],04h54m48.35s,73.7014398,-76d40m50.18s,-76.6806061,-32.93009,289.06331,355.683,2.848,-2.804,2.78274,0.022173,-0.022173,2020-07-17,2020-07
TOI-1634 b,TOI-1634,2,2,<a refstr=CLOUTIER_ET_AL__2021 href=https://ui.adsabs.harvard.edu/abs/2021AJ....162...79C/abstract target=ref>Cloutier et al. 2021</a>,0.989343,1.5e-05,-1.5e-05,0.0,0.01545,0.00014,-0.00014,0.0,1.79,0.08,-0.081,0.0,4.7,1.0,-0.9,0.0,0.16,,,1.0,121.0,12.0,-11.0,0.0,924.0,22.0,-22.0,0.0,0,M2,3550.0,69.0,-69.0,0.0,0.45,0.013,-0.013,0.0,0.502,0.014,-0.014,0.0,0.23,0.07,-0.08,0.0,[Fe/H],03h45m33.75s,56.3906096,+37d06m44.21s,37.1122803,-13.8523,157.38273,35.2736,0.0527,-0.0526,28.321,0.0420019,-0.0420019,2021-07-12,2021-08
TOI-1685 b,TOI-1685,1,1,<a refstr=BLUHM_ET_AL__2021 href=https://ui.adsabs.harvard.edu/abs/2021A&A...650A..78B/abstract target=ref>Bluhm et al. 2021</a>,0.6691403,2.3e-06,-2.1e-06,0.0,,,,,1.7,0.07,-0.07,0.0,4.21,0.95,-0.82,0.0,,,,,217.0,13.0,-13.0,0.0,1069.0,16.0,-16.0,0.0,0,M3.0 V,3434.0,51.0,-51.0,0.0,0.492,0.015,-0.015,0.0,0.495,0.019,-0.019,0.0,-0.13,0.16,-0.16,0.0,[Fe/H],04h34m22.55s,68.5939529,+43d02m13.34s,43.0370395,-3.1561,160.15868,37.6153,0.0728,-0.0725,26.5561,0.0509621,-0.0509621,2021-07-12,2021-06
TOI-1685 b,TOI-1685,1,1,<a refstr=BURT_ET_AL__2024 href=https://ui.adsabs.harvard.edu/abs/2024arXiv240514895B/abstract target=ref>Burt et al. 2024</a>,0.66913924,4.2e-07,-4.2e-07,0.0,0.01138,0.00035,-0.00034,0.0,1.468,0.05,-0.051,0.0,5.3,0.8,-0.8,0.0,0.0,,,0.0,236.0,15.0,-15.0,0.0,1062.0,27.0,-27.0,0.0,0,M2.65 V,3575.0,53.0,-53.0,0.0,0.4555,0.0128,-0.0128,0.0,0.454,0.018,-0.018,0.0,0.3,0.1,-0.1,0.0,[Fe/H],04h34m22.55s,68.5939529,+43d02m13.34s,43.0370395,-3.1561,160.15868,37.6153,0.0728,-0.0725,26.5561,0.0509621,-0.0509621,2024-08-07,2024-05
TOI-169 b,TOI-169,1,1,<a refstr=NIELSEN_ET_AL__2020 href=https://ui.adsabs.harvard.edu/abs/2020A&A...639A..76N/abstract target=ref>Nielsen et al. 2020</a>,2.2554477,6.3e-06,-6.3e-06,0.0,0.03524,0.00069,-0.00079,0.0,12.172974,0.907929,-0.538032,0.0,0.76,0.14,-0.17,0.0,0.0,,,0.0,1443.0,73.0,-66.0,0.0,1715.0,22.0,-20.0,0.0,0,G1 V,5880.0,54.0,-49.0,0.0,1.288,0.02,-0.019,0.0,1.147,0.069,-0.075,0.0,0.24,0.09,-0.09,0.0,[Fe/H],01h07m06.89s,16.7786879,-75d11m56.20s,-75.1989452,-41.88837,301.58794,407.84,4.237,-4.152,2.42328,0.0250281,-0.0250281,2020-07-17,2020-07
TOI-1695 b,TOI-1695,1,1,<a refstr=KIEFER_ET_AL__2022 href=https://ui.adsabs.harvard.edu/abs/2022arXiv221106205K/abstract target=ref>Kiefer et al. 2022</a>,3.134279,7.2e-06,-7.2e-06,0.0,,,,,2.03,0.18,-0.18,0.0,3.6,1.2,-1.2,0.0,0.0,,,0.0,27.0,17.0,-17.0,0.0,590.0,90.0,-90.0,0.0,0,,3650.0,40.0,-40.0,0.0,0.53,0.02,-0.02,0.0,0.54,0.03,-0.03,0.0,0.0,0.1,-0.1,0.0,[Fe/H],01h27m41.22s,21.9217346,+72d17m47.81s,72.2966148,9.62112,125.71643,45.1309,0.06805,-0.06805,22.1289,0.0331705,-0.0331705,2023-03-28,2022-11
TOI-1695 b,TOI-1695,1,1,<a refstr=CHERUBIM_ET_AL__2022 href=https://ui.adsabs.harvard.edu/abs/2022arXiv221106445C/abstract target=ref>Cherubim et al. 2022</a>,3.1342791,7.1e-06,-6.3e-06,0.0,0.033548,0.00026,-0.000268,0.0,1.9,0.16,-0.14,0.0,5.0,1.8,-1.3,0.0,0.097,,,1.0,39.0,3.0,-3.0,0.0,698.0,14.0,-14.0,0.0,0,M1 V,3690.0,50.0,-50.0,0.0,0.515,0.015,-0.015,0.0,0.513,0.012,-0.012,0.0,0.0,0.5,-0.5,0.0,[Fe/H],01h27m41.22s,21.9217346,+72d17m47.81s,72.2966148,9.62112,125.71643,45.1309,0.06805,-0.06805,22.1289,0.0331705,-0.0331705,2023-02-25,2022-11
TOI-1696 b,TOI-1696,1,1,<a refstr=BEARD_ET_AL__2022 href=https://ui.adsabs.harvard.edu/abs/2022arXiv220409063B/abstract target=ref>Beard et al. 2022</a>,2.50031,2e-05,-2e-05,0.0,0.0235,0.0006,-0.0006,0.0,3.24,0.12,-0.12,0.0,9.44,,,1.0,0.0,,,0.0,13.5,0.7,-0.7,0.0,533.0,7.0,-7.0,0.0,0,,3168.0,39.0,-35.0,0.0,0.287,0.008,-0.008,0.0,0.27,0.02,-0.02,0.0,0.19,0.09,-0.09,0.0,[Fe/H],04h21m07.36s,65.280648,+48d49m11.39s,48.8198312,-0.8123,154.38952,64.9172,0.3581,-0.3544,15.3761,0.0839025,-0.0839025,2022-05-09,2022-04
TOI-172 b,TOI-172,1,1,<a refstr=RODRIGUEZ_ET_AL__2019 href=https://ui.adsabs.harvard.edu/abs/2019AJ....157..191R/abstract target=ref>Rodriguez et al. 2019</a>,9.47725,0.00064,-0.00079,0.0,0.0914,0.0017,-0.0017,0.0,10.816685,0.358688,-0.325061,0.0,7.53,0.65,-0.72,0.0,0.3806,0.0093,-0.009,0.0,299.0,19.0,-16.0,0.0,1198.0,18.0,-17.0,0.0,0,,5645.0,50.0,-50.0,0.0,1.777,0.047,-0.044,0.0,1.128,0.065,-0.061,0.0,0.148,0.079,-0.08,0.0,[Fe/H],21h06m31.65s,316.6318791,-26d41m34.32s,-26.6928654,-40.30421,19.79526,342.831,7.371,-7.071,2.88999,0.0609363,-0.0609363,2019-03-29,2019-05
TOI-1728 b,TOI-1728,1,1,<a refstr=KANODIA_ET_AL__2020 href=https://ui.adsabs.harvard.edu/abs/2020ApJ...899...29K/abstract target=ref>Kanodia et al. 2020</a>,3.49151,6.2e-05,-5.7e-05,0.0,0.0391,0.0009,-0.0009,0.0,5.05,0.16,-0.17,0.0,1.14,0.26,-0.24,0.0,0.057,0.054,-0.039,0.0,57.78,3.48,-3.48,0.0,767.0,8.0,-8.0,0.0,0,M0,3980.0,31.0,-32.0,0.0,0.6243,0.01,-0.0097,0.0,0.646,0.023,-0.022,0.0,0.25,0.1,-0.1,0.0,[Fe/H],08h02m26.80s,120.6116787,+64d47m49.75s,64.7971531,31.87904,151.4597,60.798,0.13635,-0.13635,16.4191,0.0366164,-0.0366164,2020-07-02,2020-08
TOI-1736 b,TOI-1736,1,2,<a refstr=AKANA_MURPHY_ET_AL__2023 href=https://ui.adsabs.harvard.edu/abs/2023AJ....166..153A/abstract target=ref>Akana Murphy et al. 2023</a>,7.073091,8e-06,-8e-06,0.0,0.074,0.002,-0.002,0.0,3.05,0.19,-0.19,0.0,2.3,0.5,-0.5,0.0,0.16,,,1.0,329.6,46.0,-46.0,0.0,1186.0,41.0,-41.0,0.0,0,,5670.0,110.0,-110.0,0.0,1.38,0.07,-0.07,0.0,1.06,0.08,-0.08,0.0,0.13,0.09,-0.09,0.0,[Fe/H],02h53m44.27s,43.4344615,+69d06m04.84s,69.101345,8.7807,133.5115,88.9482,0.3219,-0.3198,11.2138,0.0402504,-0.0402504,2024-07-12,2023-10
TOI-1759 b,TOI-1759,1,1,<a refstr=ESPINOZA_ET_AL__2022 href=https://ui.adsabs.harvard.edu/abs/2022AJ....163..133E/abstract target=ref>Espinoza et al. 2022</a>,18.85019,0.00013,-0.00013,0.0,0.1177,0.0038,-0.0038,0.0,3.14,0.1,-0.1,0.0,1.91,0.32,-0.32,0.0,0.0,,,0.0,6.39,0.41,-0.41,0.0,443.0,7.0,-7.0,0.0,0,M0.0 V,4065.0,51.0,-51.0,0.0,0.597,0.015,-0.015,0.0,0.606,0.02,-0.02,0.0,0.05,0.16,-0.16,0.0,[Fe/H],21h47m24.40s,326.8516615,+62d45m13.74s,62.7538164,7.03023,103.55005,40.0654,0.0423,-0.0423,24.9302,0.0261687,-0.0261687,2022-03-28,2022-03
TOI-1789 b,TOI-1789,1,1,<a refstr=KHANDELWAL_ET_AL__2022 href=https://ui.adsabs.harvard.edu/abs/2022MNRAS.509.3339K/abstract target=ref>Khandelwal et al. 2022</a>,3.208664,1.5e-05,-1.5e-05,0.0,0.04882,0.00063,-0.0016,0.0,16.14093221,2.69015537,-1.5692573,0.0,0.28,0.14,-0.12,0.0,,,,,2300.0,130.0,-81.0,0.0,1927.0,27.0,-17.0,0.0,0,F,5991.0,55.0,-55.0,0.0,2.168,0.036,-0.034,0.0,1.507,0.059,-0.14,0.0,0.373,0.071,-0.086,0.0,[Fe/H],09h30m58.42s,142.743406,+26d32m23.98s,26.5399951,45.58561,201.71923,229.067,2.388,-2.34,4.33716,0.0447081,-0.0447081,2021-10-19,2022-01
TOI-1803 b,TOI-1803,1,2,<a refstr=ZINGALES_ET_AL__2025 href=https://ui.adsabs.harvard.edu/abs/2025A&A...695A.273Z/abstract target=ref>Zingales et al. 2025</a>,6.293287,2.8e-05,-2.8e-05,0.0,0.06,0.001,-0.001,0.0,2.99,0.08,-0.08,0.0,2.15031,0.551362,-0.551362,0.0,0.0,,,0.0,58.0,12.0,-12.0,0.0,747.0,11.0,-11.0,0.0,1,,4687.0,65.0,-65.0,0.0,0.715,0.005,-0.005,0.0,0.756,0.05,-0.042,0.0,0.014,0.06,-0.06,0.0,[Fe/H],11h52m11.07s,178.0461054,+35d10m18.48s,35.1718001,75.01257,176.84739,119.24,0.951,-0.936,8.35829,0.0658674,-0.0658674,2025-05-13,2025-03
TOI-1803 c,TOI-1803,1,2,<a refstr=ZINGALES_ET_AL__2025 href=https://ui.adsabs.harvard.edu/abs/2025A&A...695A.273Z/abstract target=ref>Zingales et al. 2025</a>,12.885779,3.6e-05,-3.6e-05,0.0,0.097,0.002,-0.002,0.0,4.29,0.08,-0.08,0.0,0.419035,0.209517,-0.209517,0.0,0.0,,,0.0,22.0,4.0,-4.0,0.0,588.0,10.0,-10.0,0.0,1,,4687.0,65.0,-65.0,0.0,0.715,0.005,-0.005,0.0,0.756,0.05,-0.042,0.0,0.014,0.06,-0.06,0.0,[Fe/H],11h52m11.07s,178.0461054,+35d10m18.48s,35.1718001,75.01257,176.84739,119.24,0.951,-0.936,8.35829,0.0658674,-0.0658674,2025-05-13,2025-03
TOI-181 b,TOI-181,1,1,<a refstr=MISTRY_ET_AL__2023 href=https://ui.adsabs.harvard.edu/abs/2023MNRAS.tmp..527M/abstract target=ref>Mistry et al. 2023</a>,4.532,2e-06,-2e-06,0.0,0.0539,0.0043,-0.0036,0.0,6.9559,0.087,-0.101,0.0,0.7562,0.015,-0.1,0.0,0.1543,0.06,-0.03,0.0,102.43,15.52,-14.64,0.0,895.1,32.14,-33.86,0.0,0,K,4994.0,50.0,-50.0,0.0,0.745,0.024,-0.024,0.0,0.822,0.04,-0.04,0.0,0.272,0.08,-0.08,0.0,[M/H],23h28m41.41s,352.1725409,-34d29m29.08s,-34.4914099,-70.81433,5.3051,96.2338,0.5781,-0.5714,10.363,0.0615961,-0.0615961,2023-03-15,2023-05
TOI-1899 b,TOI-1899,1,1,<a refstr=LIN_ET_AL__2023 href=https://ui.adsabs.harvard.edu/abs/2023AJ....166...90L/abstract target=ref>Lin et al. 2023</a>,29.090312,3.6e-05,-3.5e-05,0.0,0.1525,0.0065,-0.006,0.0,11.09689089,0.33626942,-0.33626942,0.0,0.85,0.1,-0.1,0.0,0.044,0.029,-0.027,0.0,3.4,0.3,-0.2,0.0,378.0,8.0,-7.0,0.0,0,,3926.0,45.0,-47.0,0.0,0.607,0.017,-0.016,0.0,0.632,0.026,-0.025,0.0,0.28,0.11,-0.11,0.0,[Fe/H],19h57m42.44s,299.4268472,+40d08m36.05s,40.1433462,5.73806,75.50727,128.438,0.25,-0.25,7.75689,0.0150371,-0.0150371,2024-04-15,2023-09
TOI-1899 b,TOI-1899,1,1,<a refstr=CA_NTILDE_AS_ET_AL__2020 href=https://ui.adsabs.harvard.edu/abs/2020AJ....160..147C/abstract target=ref>Ca&ntilde;as et al. 2020</a>,29.02,0.36,-0.23,0.0,0.1587,0.0067,-0.0075,0.0,12.89035,0.44836,-0.56045,0.0,0.54,0.09,-0.1,0.0,0.118,0.073,-0.077,0.0,2.9,0.2,-0.2,0.0,362.0,7.0,-7.0,0.0,0,M0,3841.0,54.0,-45.0,0.0,0.607,0.019,-0.023,0.0,0.627,0.026,-0.028,0.0,0.31,0.11,-0.12,0.0,[Fe/H],19h57m42.44s,299.4268472,+40d08m36.05s,40.1433462,5.73806,75.50727,128.438,0.25,-0.25,7.75689,0.0150371,-0.0150371,2021-01-04,2020-09
TOI-1937 A b,TOI-1937 A,2,1,<a refstr=YEE_ET_AL__2023 href=https://ui.adsabs.harvard.edu/abs/2023ApJS..265....1Y/abstract target=ref>Yee et al. 2023</a>,0.94667944,4.7e-07,-4.7e-07,0.0,0.01932,0.00035,-0.00039,0.0,13.97759893,0.66132986,-0.6949568,0.0,1.28,0.21,-0.17,0.0,0.0,,,0.0,3230.0,220.0,-213.0,0.0,2097.0,35.0,-36.0,0.0,0,,5814.0,91.0,-93.0,0.0,1.08,0.025,-0.024,0.0,1.072,0.059,-0.064,0.0,0.196,0.084,-0.084,0.0,[Fe/H],07h45m28.97s,116.3707214,-52d22m59.73s,-52.3832587,-13.54873,265.30823,415.135,2.929,-2.889,2.38003,0.016754,-0.016754,2025-04-07,2023-03
TOI-2000 b,TOI-2000,1,2,<a refstr=SHA_ET_AL__2023 href=https://ui.adsabs.harvard.edu/abs/2023MNRAS.tmp.1632S/abstract target=ref>Sha et al. 2023</a>,3.09833,2.1e-05,-1.9e-05,0.0,0.04271,0.00076,-0.00067,0.0,2.7,0.15,-0.15,0.0,3.07,0.94,-0.78,0.0,0.0,,,0.0,628.0,48.0,-43.0,0.0,1488.0,122.0,-160.0,0.0,0,,5611.0,85.0,-82.0,0.0,1.134,0.037,-0.036,0.0,1.082,0.059,-0.05,0.0,0.439,0.041,-0.043,0.0,[Fe/H],09h45m35.30s,146.3970631,-66d41m11.87s,-66.6866307,-10.14464,285.98704,175.713,0.76,-0.754,5.6623,0.0243431,-0.0243431,2023-06-27,2023-06
TOI-2000 c,TOI-2000,1,2,<a refstr=SHA_ET_AL__2023 href=https://ui.adsabs.harvard.edu/abs/2023MNRAS.tmp.1632S/abstract target=ref>Sha et al. 2023</a>,9.127055,7.3e-06,-7.2e-06,0.0,0.0878,0.0016,-0.0014,0.0,8.14,0.31,-0.3,0.0,0.829,0.111,-0.096,0.0,0.063,0.023,-0.022,0.0,149.0,12.0,-10.0,0.0,1038.0,84.0,-111.0,0.0,0,,5611.0,85.0,-82.0,0.0,1.134,0.037,-0.036,0.0,1.082,0.059,-0.05,0.0,0.439,0.041,-0.043,0.0,[Fe/H],09h45m35.30s,146.3970631,-66d41m11.87s,-66.6866307,-10.14464,285.98704,175.713,0.76,-0.754,5.6623,0.0243431,-0.0243431,2023-06-27,2023-06
TOI-2010 b,TOI-2010,1,1,<a refstr=MANN_ET_AL__2023 href=https://ui.adsabs.harvard.edu/abs/2023arXiv231110232M/abstract target=ref>Mann et al. 2023</a>,141.834025,6.5e-05,-6.6e-05,0.0,0.5516,0.0078,-0.0093,0.0,11.81426566,0.30264248,-0.30264248,0.0,1.36,0.11,-0.1,0.0,0.212,0.022,-0.021,0.0,4.09,0.22,-0.21,0.0,400.2,5.6,-5.7,0.0,0,F0,5929.0,74.0,-74.0,0.0,1.079,0.027,-0.026,0.0,1.112,0.048,-0.055,0.0,0.168,0.055,-0.055,0.0,[Fe/H],19h28m40.07s,292.1669417,+53d29m14.53s,53.4873694,16.31045,85.21298,109.19,0.322,-0.32,9.12952,0.0267329,-0.0267329,2023-11-29,2023-12
TOI-2015 b,TOI-2015,1,2,<a refstr=JONES_ET_AL__2023 href=https://ui.adsabs.harvard.edu/abs/2023arXiv231011775J/abstract target=ref>Jones et al. 2023</a>,3.348968,4e-06,-4e-06,0.0,0.0301,0.0013,-0.0012,0.0,3.39,0.14,-0.13,0.0,2.32,0.38,-0.37,0.0,0.0,,,0.0,11.47,1.0,-0.95,0.0,512.0,11.0,-11.0,0.0,1,M4,3194.0,56.0,-56.0,0.0,0.333,0.011,-0.011,0.0,0.342,0.021,-0.025,0.0,0.05,0.14,-0.14,0.0,[Fe/H],15h28m31.84s,232.1326528,+27d21m39.86s,27.361073,55.23163,42.57577,47.3444,0.1133,-0.1126,21.093,0.0500165,-0.0500165,2024-05-28,2023-10
TOI-2015 b,TOI-2015,1,2,<a refstr=BARKAOUI_ET_AL__2025 href=https://ui.adsabs.harvard.edu/abs/2025arXiv250207074B/abstract target=ref>Barkaoui et al. 2025</a>,3.348237,3.5e-05,-3e-05,0.0,0.029322,3e-06,-3e-06,0.0,3.309,0.013,-0.011,0.0,1.4,0.052,-0.056,0.0,0.0789,0.0018,-0.0016,0.0,13.185,0.387,-0.387,0.0,530.9,2.9,-3.9,0.0,1,M4 +/- 0.5,3297.0,14.0,-28.0,0.0,0.3273,0.0029,-0.0051,0.0,0.3041,0.0353,-0.0312,0.0,-0.31,0.16,-0.16,0.0,[Fe/H],15h28m31.84s,232.1326528,+27d21m39.86s,27.361073,55.23163,42.57577,47.3444,0.1133,-0.1126,21.093,0.0500165,-0.0500165,2025-03-09,2025-02
TOI-2120 b,TOI-2120,1,1,<a refstr=HORI_ET_AL__2024 href=https://ui.adsabs.harvard.edu/abs/2024arXiv240512637H/abstract target=ref>Hori et al. 2024</a>,5.7998164,3.5e-06,-3.5e-06,0.0,0.0377,0.0013,-0.0013,0.0,2.122,0.065,-0.065,0.0,20.6,1.7,-1.5,0.0,0.32,0.08,-0.08,0.0,3.61,0.24,-0.22,0.0,384.0,6.0,-6.0,0.0,0,,3131.0,30.0,-30.0,0.0,0.245,0.006,-0.006,0.0,0.211,0.005,-0.005,0.0,0.39,0.22,-0.22,0.0,[Fe/H],01h34m01.76s,23.507315,+65d30m50.36s,65.5139877,3.0066,127.33015,32.1755,0.0529,-0.0528,31.0507,0.0506334,-0.0506334,2024-06-10,2024-06
TOI-2134 b,TOI-2134,1,2,<a refstr=RESCIGNO_ET_AL__2023 href=https://ui.adsabs.harvard.edu/abs/2023MNRAS.tmp.3121R/abstract target=ref>Rescigno et al. 2023</a>,9.2292005,6.3e-06,-6.3e-06,0.0,0.078,0.0009,-0.0009,0.0,2.69,0.16,-0.16,0.0,2.607,0.516,-0.516,0.0,0.06,0.03,-0.04,0.0,32.0,2.0,-2.0,0.0,666.0,8.0,-8.0,0.0,0,K5 V,4580.0,50.0,-50.0,0.0,0.709,0.017,-0.017,0.0,0.744,0.027,-0.027,0.0,0.12,0.02,-0.02,0.0,[Fe/H],18h07m44.52s,271.9355015,+39d04m22.54s,39.0729269,24.73031,65.8713,22.6202,0.016,-0.0159,44.1793,0.0309655,-0.0309655,2023-11-28,2023-10
TOI-2134 c,TOI-2134,1,2,<a refstr=RESCIGNO_ET_AL__2023 href=https://ui.adsabs.harvard.edu/abs/2023MNRAS.tmp.3121R/abstract target=ref>Rescigno et al. 2023</a>,95.5,0.36,-0.25,0.0,0.371,0.004,-0.004,0.0,7.27,0.42,-0.42,0.0,0.599,0.152,-0.152,0.0,0.67,0.05,-0.06,0.0,1.4,0.1,-0.1,0.0,306.0,4.0,-4.0,0.0,0,K5 V,4580.0,50.0,-50.0,0.0,0.709,0.017,-0.017,0.0,0.744,0.027,-0.027,0.0,0.12,0.02,-0.02,0.0,[Fe/H],18h07m44.52s,271.9355015,+39d04m22.54s,39.0729269,24.73031,65.8713,22.6202,0.016,-0.0159,44.1793,0.0309655,-0.0309655,2023-11-28,2023-10
TOI-2136 b,TOI-2136,1,1,<a refstr=GAN_ET_AL__2022 href=https://ui.adsabs.harvard.edu/abs/2022MNRAS.tmp.1417G/abstract target=ref>Gan et al. 2022</a>,7.851928,1.8e-05,-1.6e-05,0.0,0.057,0.006,-0.006,0.0,2.19,0.17,-0.17,0.0,3.34,2.55,-1.63,0.0,0.0,,,0.0,4.0,2.1,-1.5,0.0,395.0,24.0,-22.0,0.0,0,M4.5 V,3342.0,100.0,-100.0,0.0,0.34,0.02,-0.02,0.0,0.34,0.02,-0.02,0.0,0.03,0.07,-0.07,0.0,[Fe/H],18h44m42.32s,281.1763433,+36d33m47.27s,36.5631318,17.01545,65.83323,33.3631,0.06425,-0.06425,29.9445,0.0572815,-0.0572815,2022-07-12,2022-08
TOI-2136 b,TOI-2136,1,1,<a refstr=KAWAUCHI_ET_AL__2022 href=https://ui.adsabs.harvard.edu/abs/2022arXiv220210182K/abstract target=ref>Kawauchi et al. 2022</a>,7.851925,1.6e-05,-1.6e-05,0.0,0.0533,0.0015,-0.0015,0.0,2.2,0.07,-0.07,0.0,2.39,1.61,-1.36,0.0,0.07,0.09,-0.05,0.0,4.82,0.72,-0.72,0.0,378.0,13.0,-13.0,0.0,0,,3373.0,108.0,-108.0,0.0,0.344,0.0099,-0.0099,0.0,0.3272,0.0082,-0.0082,0.0,0.02,0.14,-0.14,0.0,[Fe/H],18h44m42.32s,281.1763433,+36d33m47.27s,36.5631318,17.01545,65.83323,33.3631,0.06425,-0.06425,29.9445,0.0572815,-0.0572815,2022-07-18,2022-02
TOI-2136 b,TOI-2136,1,1,<a refstr=BEARD_ET_AL__2022 href=https://ui.adsabs.harvard.edu/abs/2022arXiv220409063B/abstract target=ref>Beard et al. 2022</a>,7.85191,4e-05,-4e-05,0.0,0.054,0.001,-0.001,0.0,2.09,0.08,-0.08,0.0,9.53,,,1.0,0.0,,,0.0,4.4,0.2,-0.2,0.0,403.0,5.0,-5.0,0.0,0,,3366.0,39.0,-41.0,0.0,0.335,0.009,-0.009,0.0,0.34,0.02,-0.02,0.0,-0.02,0.07,-0.03,0.0,[Fe/H],18h44m42.32s,281.1763433,+36d33m47.27s,36.5631318,17.01545,65.83323,33.3631,0.06425,-0.06425,29.9445,0.0572815,-0.0572815,2022-05-09,2022-04
TOI-216.01,TOI-216,1,2,<a refstr=KIPPING_ET_AL__2019 href=https://ui.adsabs.harvard.edu/abs/2019MNRAS.486.4980K/abstract target=ref>Kipping et al. 2019</a>,34.556,0.014,-0.01,0.0,0.2069,0.0107,-0.0082,0.0,11.29,0.58,-0.42,0.0,0.76,0.66,-0.38,0.0,0.029,0.037,-0.02,0.0,10.1,0.85,-0.66,0.0,497.0,10.0,-8.0,0.0,1,,5026.0,125.0,-125.0,0.0,0.838,0.043,-0.03,0.0,0.874,0.035,-0.034,0.0,0.32,0.1,-0.1,0.0,[M/H],04h55m55.20s,73.9800129,-63d15m37.19s,-63.2603301,-36.91434,273.40948,177.945,0.883,-0.875,5.59094,0.0275608,-0.0275608,2019-05-07,2019-07
TOI-216.02,TOI-216,1,2,<a refstr=KIPPING_ET_AL__2019 href=https://ui.adsabs.harvard.edu/abs/2019MNRAS.486.4980K/abstract target=ref>Kipping et al. 2019</a>,17.089,0.011,-0.015,0.0,0.1293,0.0067,-0.0051,0.0,7.69,1.62,-0.83,0.0,0.34,0.31,-0.18,0.0,0.132,0.059,-0.023,0.0,25.9,2.2,-1.7,0.0,628.0,13.0,-11.0,0.0,1,,5026.0,125.0,-125.0,0.0,0.838,0.043,-0.03,0.0,0.874,0.035,-0.034,0.0,0.32,0.1,-0.1,0.0,[M/H],04h55m55.20s,73.9800129,-63d15m37.19s,-63.2603301,-36.91434,273.40948,177.945,0.883,-0.875,5.59094,0.0275608,-0.0275608,2019-05-07,2019-07
TOI-2180 b,TOI-2180,1,1,<a refstr=DALBA_ET_AL__2022 href=https://ui.adsabs.harvard.edu/abs/2022AJ....163...61D/abstract target=ref>Dalba et al. 2022</a>,260.79,0.59,-0.58,0.0,0.828,0.012,-0.012,0.0,11.32107051,0.24659758,-0.21297063,0.0,3.32,0.14,-0.16,0.0,0.3683,0.0073,-0.0073,0.0,2.71,0.13,-0.13,0.0,348.0,3.3,-3.6,0.0,1,G5,5695.0,58.0,-60.0,0.0,1.636,0.033,-0.029,0.0,1.111,0.047,-0.046,0.0,0.253,0.057,-0.057,0.0,[Fe/H],18h31m46.47s,277.94363,+56d39m02.44s,56.6506789,25.01309,85.74578,116.685,0.267,-0.266,8.54116,0.0194285,-0.0194285,2022-01-10,2022-02
TOI-2193 A b,TOI-2193 A,2,1,<a refstr=YEE_ET_AL__2022 href=https://ui.adsabs.harvard.edu/abs/2022AJ....164...70Y/abstract target=ref>Yee et al. 2022</a>,2.1225735,1.6e-06,-1.6e-06,0.0,0.03319,0.00052,-0.00051,0.0,19.83989584,,,0.0,0.06,,,0.0,0.0,,,0.0,1600.0,81.0,-81.0,0.0,1763.0,21.0,-22.0,0.0,0,,5966.0,73.0,-72.0,0.0,1.248,0.026,-0.028,0.0,1.082,0.052,-0.049,0.0,0.027,0.066,-0.052,0.0,[Fe/H],20h54m45.90s,313.691232,-72d48m16.71s,-72.8046404,-34.78162,320.93525,337.064,2.385,-2.351,2.93802,0.0206884,-0.0206884,2022-08-29,2022-08
TOI-2196 b,TOI-2196,1,1,<a refstr=PERSSON_ET_AL__2022 href=https://ui.adsabs.harvard.edu/abs/2022arXiv220805797P/abstract target=ref>Persson et al. 2022</a>,1.1947268,7.9e-06,-9.3e-06,0.0,0.02234,0.0006,-0.0006,0.0,3.51,0.15,-0.15,0.0,3.31,0.51,-0.43,0.0,0.0,,,0.0,2000.0,100.0,-100.0,0.0,1860.0,20.0,-20.0,0.0,0,G V,5634.0,31.0,-31.0,0.0,1.043,0.017,-0.017,0.0,1.032,0.038,-0.038,0.0,0.14,0.05,-0.05,0.0,[Fe/H],20h49m21.62s,312.3400744,-70d29m06.26s,-70.4850723,-35.17676,323.77267,259.947,2.036,-2.005,3.81833,0.0296753,-0.0296753,2022-08-23,2022-08
TOI-2207 b,TOI-2207,1,1,<a refstr=YEE_ET_AL__2022 href=https://ui.adsabs.harvard.edu/abs/2022AJ....164...70Y/abstract target=ref>Yee et al. 2022</a>,8.001968,2.4e-05,-2.5e-05,0.0,0.0854,0.0015,-0.0016,0.0,11.1529358,0.31385146,-0.30264248,0.0,0.8,0.16,-0.16,0.0,0.174,0.048,-0.052,0.0,406.0,19.0,-18.0,0.0,1259.0,16.0,-15.0,0.0,0,,6101.0,75.0,-73.0,0.0,1.564,0.041,-0.04,0.0,1.296,0.069,-0.072,0.0,0.181,0.086,-0.086,0.0,[Fe/H],20h30m23.21s,307.5966925,-44d53m15.43s,-44.8876181,-35.84922,355.48042,373.345,6.487,-6.273,2.6508,0.0454088,-0.0454088,2022-08-29,2022-08
TOI-2236 b,TOI-2236,1,1,<a refstr=YEE_ET_AL__2022 href=https://ui.adsabs.harvard.edu/abs/2022AJ....164...70Y/abstract target=ref>Yee et al. 2022</a>,3.5315902,2.6e-06,-2.6e-06,0.0,0.05009,0.0008,-0.00082,0.0,14.36991326,0.35868738,-0.3474784,0.0,0.93,0.25,-0.24,0.0,0.0,0.048,-0.052,0.0,1356.0,62.0,-65.0,0.0,1688.0,19.0,-21.0,0.0,0,,6248.0,72.0,-77.0,0.0,1.573,0.033,-0.033,0.0,1.343,0.066,-0.065,0.0,0.119,0.081,-0.078,0.0,[Fe/H],01h20m39.84s,20.1660113,-86d58m47.87s,-86.979965,-30.12306,302.48808,355.59,2.461,-2.427,2.78342,0.0191808,-0.0191808,2022-08-29,2022-08
TOI-2364 b,TOI-2364,1,1,<a refstr=YEE_ET_AL__2023 href=https://ui.adsabs.harvard.edu/abs/2023ApJS..265....1Y/abstract target=ref>Yee et al. 2023</a>,4.0197517,4.3e-06,-4.3e-06,0.0,0.04871,0.00069,-0.00079,0.0,8.60849718,0.25780656,-0.20176165,0.0,0.61,0.13,-0.14,0.0,0.0,,,0.0,237.0,15.0,-12.0,0.0,1091.0,17.0,-14.0,0.0,0,,5306.0,76.0,-68.0,0.0,0.886,0.021,-0.017,0.0,0.954,0.041,-0.046,0.0,0.344,0.085,-0.085,0.0,[Fe/H],05h56m31.21s,89.1300265,-05d00m43.31s,-5.0120298,-14.49271,211.15305,219.614,1.715,-1.689,4.52489,0.035025,-0.035025,2023-02-27,2023-03
TOI-2379 b,TOI-2379,1,1,<a refstr=BRYANT_ET_AL__2024 href=https://ui.adsabs.harvard.edu/abs/2024MNRAS.533.3893B/abstract target=ref>Bryant et al. 2024</a>,5.4693827,2.3e-06,-2.3e-06,0.0,0.05263,0.00091,-0.00091,0.0,11.72459381,0.25780656,-0.25780656,0.0,6.21,0.29,-0.29,0.0,0.342,0.0039,-0.0039,0.0,25.3,1.6,-1.6,0.0,624.0,12.0,-12.0,0.0,0,,3707.0,58.0,-58.0,0.0,0.622,0.011,-0.011,0.0,0.645,0.033,-0.033,0.0,0.501,0.085,-0.085,0.0,[Fe/H],23h52m22.09s,358.0920465,-53d02m35.36s,-53.043156,-61.8566,321.8912,211.247,1.0895,-1.0895,4.705,0.0242252,-0.0242252,2024-09-17,2024-10
TOI-238 b,TOI-238,1,2,<a refstr=SU_AACUTE_REZ_MASCARE_NTILDE_O_ET_AL__2024 href=https://ui.adsabs.harvard.edu/abs/2024arXiv240204113S/abstract target=ref>Su&aacute;rez Mascare&ntilde;o et al. 2024</a>,1.2730991,2.9e-06,-2.9e-06,0.0,0.02118,0.00038,-0.00038,0.0,1.402,0.086,-0.086,0.0,6.8,1.6,-1.6,0.0,0.18,,,1.0,728.0,78.0,-78.0,0.0,1311.0,28.0,-28.0,0.0,0,K2V,5059.0,89.0,-89.0,0.0,0.733,0.015,-0.015,0.0,0.79,0.022,-0.022,0.0,-0.114,0.051,-0.051,0.0,[Fe/H],23h16m55.46s,349.2310814,-18d36m23.93s,-18.6066463,-66.67115,49.35353,80.5407,0.2672,-0.2655,12.3873,0.0407538,-0.0407538,2024-02-16,2024-02
TOI-238 c,TOI-238,1,2,<a refstr=SU_AACUTE_REZ_MASCARE_NTILDE_O_ET_AL__2024 href=https://ui.adsabs.harvard.edu/abs/2024arXiv240204113S/abstract target=ref>Su&aacute;rez Mascare&ntilde;o et al. 2024</a>,8.465651,3.5e-05,-3.5e-05,0.0,0.0749,0.0013,-0.0013,0.0,2.18,0.18,-0.18,0.0,1.83,0.66,-0.66,0.0,0.36,,,1.0,58.3,6.2,-6.2,0.0,696.0,15.0,-15.0,0.0,0,K2V,5059.0,89.0,-89.0,0.0,0.733,0.015,-0.015,0.0,0.79,0.022,-0.022,0.0,-0.114,0.051,-0.051,0.0,[Fe/H],23h16m55.46s,349.2310814,-18d36m23.93s,-18.6066463,-66.67115,49.35353,80.5407,0.2672,-0.2655,12.3873,0.0407538,-0.0407538,2024-02-16,2024-02
TOI-2384 b,TOI-2384,1,1,<a refstr=BRYANT_ET_AL__2024 href=https://ui.adsabs.harvard.edu/abs/2024MNRAS.533.3893B/abstract target=ref>Bryant et al. 2024</a>,2.13570304,3.8e-07,-3.8e-07,0.0,0.02793,0.00023,-0.00023,0.0,11.48920522,0.23538859,-0.23538859,0.0,2.26,0.15,-0.15,0.0,0.0,,,0.0,104.3,2.4,-2.4,0.0,889.7,5.0,-5.0,0.0,0,,3943.0,14.0,-14.0,0.0,0.6113,0.008,-0.008,0.0,0.635,0.016,-0.016,0.0,0.332,0.063,-0.063,0.0,[Fe/H],02h24m37.48s,36.1561463,-65d00m00.70s,-65.0001957,-49.35142,288.06468,191.51,2.069,-2.026,5.1936,0.0554077,-0.0554077,2024-09-17,2024-10
TOI-2406 b,TOI-2406,1,1,<a refstr=HORI_ET_AL__2024 href=https://ui.adsabs.harvard.edu/abs/2024arXiv240512637H/abstract target=ref>Hori et al. 2024</a>,3.0766891,2.4e-06,-2.4e-06,0.0,0.02267,0.00071,-0.00071,0.0,2.86,0.063,-0.069,0.0,27.4,1.9,-1.9,0.0,0.17,0.11,-0.05,0.0,6.69,0.41,-0.36,0.0,449.0,7.0,-7.0,0.0,0,,3100.0,31.0,-24.0,0.0,0.204,0.004,-0.004,0.0,0.166,0.004,-0.004,0.0,-0.26,0.24,-0.24,0.0,[Fe/H],00h35m13.45s,8.8060544,-03d22m19.50s,-3.3720833,-65.9297,112.96893,55.419,0.2536,-0.2512,18.016,0.0815594,-0.0815594,2024-06-10,2024-06
TOI-2420 b,TOI-2420,1,1,<a refstr=CARLEO_ET_AL__2024 href=https://ui.adsabs.harvard.edu/abs/2024A&A...690A..18C/abstract target=ref>Carleo et al. 2024</a>,5.842641,1.5e-05,-1.3e-05,0.0,0.0684,0.0067,-0.0059,0.0,15.02003414,0.82946457,-0.80704661,0.0,0.477,0.099,-0.08,0.0,0.055,0.036,-0.031,0.0,1017.0,167.0,-156.0,0.0,1571.6,60.8,-64.0,0.0,0,,,,,,2.369,0.124,-0.124,0.0,1.158,0.098,-0.098,0.0,,,,,,00h59m18.44s,14.8268138,-19d46m16.19s,-19.7711643,-82.42523,137.11831,435.174,7.324,-7.09,2.26946,0.0377664,-0.0377664,2024-10-14,2024-10
TOI-2421 b,TOI-2421,1,1,<a refstr=YEE_ET_AL__2022 href=https://ui.adsabs.harvard.edu/abs/2022AJ....164...70Y/abstract target=ref>Yee et al. 2022</a>,4.3474032,7.9e-06,-7.8e-06,0.0,0.0543,0.0021,-0.001,0.0,10.36830715,0.39231432,-0.38110534,0.0,0.52,0.15,-0.13,0.0,0.0,0.048,-0.052,0.0,923.6,47.8,-64.7,0.0,1534.0,20.0,-28.0,0.0,0,,5607.0,68.0,-68.0,0.0,1.75,0.051,-0.049,0.0,1.131,0.13,-0.064,0.0,0.19,0.083,-0.085,0.0,[Fe/H],02h12m36.96s,33.1540208,-35d23m27.31s,-35.3909182,-70.83548,243.46674,327.927,3.248,-3.185,3.02078,0.0296844,-0.0296844,2022-08-29,2022-08
TOI-244 b,TOI-244,1,1,<a refstr=CASTRO_GONZ_AACUTE_LEZ_ET_AL__2023 href=https://ui.adsabs.harvard.edu/abs/2023arXiv230504922C/abstract target=ref>Castro-Gonz&aacute;lez et al. 2023</a>,7.397225,2.6e-05,-2.3e-05,0.0,0.0559,0.0013,-0.0013,0.0,1.52,0.12,-0.12,0.0,4.2,1.1,-1.1,0.0,,,,,7.3,0.4,-0.4,0.0,458.0,20.0,-20.0,0.0,0,M2.5 V,3433.0,100.0,-100.0,0.0,0.426,0.025,-0.025,0.0,0.428,0.029,-0.029,0.0,-0.39,0.07,-0.07,0.0,[Fe/H],00h42m16.74s,10.5697537,-36d43m04.71s,-36.7179743,-80.21632,313.7951,22.0337,0.0334,-0.0333,45.3562,0.068181,-0.068181,2023-10-09,2023-05
TOI-2458 b,TOI-2458,1,2,<a refstr=_AMP_SCARON_UBJAK_ET_AL__2024 href=https://ui.adsabs.harvard.edu/abs/2024arXiv240917532S/abstract target=ref>&Scaron;ubjak et al. 2024</a>,3.73659,0.00044,-0.00047,0.0,0.0482,0.0025,-0.0027,0.0,2.83,0.2,-0.18,0.0,3.23,0.76,-0.64,0.0,0.087,0.062,-0.056,0.0,865.0,98.8,-77.9,0.0,1509.4,41.4,-35.2,0.0,0,F9-F9.5,6005.0,50.0,-50.0,0.0,1.31,0.03,-0.03,0.0,1.05,0.03,-0.03,0.0,-0.1,0.05,-0.05,0.0,[Fe/H],05h18m29.17s,79.621529,+01d15m12.38s,1.253439,-19.9431,200.68939,112.958,0.54,-0.535,8.82419,0.0417915,-0.0417915,2024-12-10,2024-09
TOI-2485 b,TOI-2485,1,1,<a refstr=CARLEO_ET_AL__2024 href=https://ui.adsabs.harvard.edu/abs/2024A&A...690A..18C/abstract target=ref>Carleo et al. 2024</a>,11.23479,5.4e-05,-5.2e-05,0.0,0.1093,0.0055,-0.0057,0.0,12.1393261,0.50440413,-0.50440413,0.0,2.36,0.33,-0.28,0.0,0.0341,0.0109,-0.0087,0.0,275.6,27.2,-23.5,0.0,1134.0,27.0,-25.0,0.0,0,,,,,,1.72,0.069,-0.069,0.0,1.163,0.053,-0.053,0.0,,,,,,13h40m49.04s,205.2043217,+22d59m02.29s,22.9839692,78.08112,15.29849,397.953,8.221,-7.9,2.48508,0.0504962,-0.0504962,2024-10-14,2024-10
TOI-2567 b,TOI-2567,1,1,<a refstr=YEE_ET_AL__2022 href=https://ui.adsabs.harvard.edu/abs/2022AJ....164...70Y/abstract target=ref>Yee et al. 2022</a>,5.983944,1.3e-05,-1.3e-05,0.0,0.0672,0.0024,-0.0012,0.0,10.92875618,0.3474784,-0.32506044,0.0,0.269,0.052,-0.051,0.0,0.0,0.048,-0.052,0.0,558.0,31.0,-30.0,0.0,1352.0,18.0,-19.0,0.0,0,,5611.0,62.0,-65.0,0.0,1.686,0.043,-0.044,0.0,1.13,0.13,-0.059,0.0,0.241,0.078,-0.079,0.0,[Fe/H],19h13m51.76s,288.4656683,+66d20m52.58s,66.3479375,22.50726,97.32585,504.775,5.219,-5.115,1.95233,0.0201238,-0.0201238,2022-08-29,2022-08
TOI-257 b,TOI-257,1,1,<a refstr=ADDISON_ET_AL__2021 href=https://ui.adsabs.harvard.edu/abs/2021MNRAS.502.3704A/abstract target=ref>Addison et al. 2021</a>,18.38818,0.00085,-0.00084,0.0,0.1528,0.0016,-0.0017,0.0,7.16253867,0.14571675,-0.14571675,0.0,0.65,0.12,-0.11,0.0,0.0,,,0.0,186.0,14.0,-12.0,0.0,1027.0,18.0,-18.0,0.0,0,,6095.0,89.0,-89.0,0.0,1.867,0.033,-0.032,0.0,1.407,0.045,-0.046,0.0,0.175,0.099,-0.098,0.0,[Fe/H],03h10m04.14s,47.5172608,-50d49m56.15s,-50.8322632,-54.676,264.52903,76.9028,0.1953,-0.1943,12.9746,0.0326954,-0.0326954,2021-04-23,2021-04
TOI-2570 b,TOI-2570,1,1,<a refstr=YEE_ET_AL__2022 href=https://ui.adsabs.harvard.edu/abs/2022AJ....164...70Y/abstract target=ref>Yee et al. 2022</a>,2.9887615,2.2e-06,-2.2e-06,0.0,0.04145,0.00081,-0.00086,0.0,13.64132951,0.39231432,-0.38110534,0.0,0.563,0.069,-0.063,0.0,0.0,0.048,-0.052,0.0,699.0,48.0,-44.0,0.0,1431.0,24.0,-23.0,0.0,0,,5771.0,89.0,-87.0,0.0,1.095,0.026,-0.025,0.0,1.063,0.063,-0.065,0.0,0.191,0.083,-0.083,0.0,[Fe/H],05h48m45.13s,87.1880397,+32d05m02.56s,32.0840435,2.20726,177.65593,361.857,6.349,-6.138,2.7359,0.0473026,-0.0473026,2022-08-29,2022-08
TOI-2580 b,TOI-2580,1,1,<a refstr=EHRHARDT_ET_AL__2024 href=https://ui.adsabs.harvard.edu/abs/2024A&A...692A.220E/abstract target=ref>Ehrhardt et al. 2024</a>,3.39775,2e-06,-2e-06,0.0,0.048,0.003,-0.003,0.0,17.37392009,0.56044903,-0.56044903,0.0,0.22,0.04,-0.04,0.0,0.08,0.04,-0.04,0.0,1730.0,130.0,-130.0,0.0,2410.0,60.0,-60.0,0.0,0,F,6120.0,30.0,-30.0,0.0,1.81,0.06,-0.06,0.0,1.33,0.08,-0.08,0.0,0.26,0.06,-0.06,0.0,[Fe/H],04h08m47.81s,62.1992072,+67d06m59.50s,67.1165264,11.22142,140.43349,379.253,4.571,-4.465,2.60834,0.0311727,-0.0311727,2025-01-22,2024-12
TOI-2583 A b,TOI-2583 A,2,1,<a refstr=YEE_ET_AL__2023 href=https://ui.adsabs.harvard.edu/abs/2023ApJS..265....1Y/abstract target=ref>Yee et al. 2023</a>,4.5207265,4.9e-06,-4.9e-06,0.0,0.0571,0.001,-0.0013,0.0,14.4595851,0.44835923,-0.36989636,0.0,0.144,0.037,-0.035,0.0,0.0,,,0.0,750.9,39.7,-32.3,0.0,1456.0,19.0,-16.0,0.0,0,,5936.0,65.0,-68.0,0.0,1.477,0.036,-0.032,0.0,1.215,0.063,-0.082,0.0,0.158,0.084,-0.085,0.0,[Fe/H],18h09m04.09s,272.2670293,+45d20m12.84s,45.3368996,26.06047,72.65358,566.189,6.47,-6.328,1.73744,0.0198099,-0.0198099,2023-02-27,2023-03
TOI-2587 A b,TOI-2587 A,2,1,<a refstr=YEE_ET_AL__2023 href=https://ui.adsabs.harvard.edu/abs/2023ApJS..265....1Y/abstract target=ref>Yee et al. 2023</a>,5.45664,1.1e-05,-1.1e-05,0.0,0.0635,0.0025,-0.0013,0.0,12.07207221,0.47077719,-0.44835923,0.0,0.216,0.064,-0.052,0.0,0.0,,,0.0,728.0,48.0,-51.0,0.0,1445.0,23.0,-26.0,0.0,0,,5760.0,80.0,-79.0,0.0,1.726,0.049,-0.047,0.0,1.15,0.14,-0.07,0.0,0.13,0.09,-0.1,0.0,[Fe/H],07h43m43.61s,115.9317105,-01d04m24.00s,-1.073333,11.11156,219.94384,373.675,5.953,-5.772,2.64807,0.0416598,-0.0416598,2023-02-27,2023-03
TOI-2641 b,TOI-2641,1,1,<a refstr=PSARIDI_ET_AL__2023 href=https://ui.adsabs.harvard.edu/abs/2023A&A...675A..39P/abstract target=ref>Psaridi et al. 2023</a>,4.880974,2.3e-05,-3.7e-05,0.0,0.0607,0.0042,-0.0043,0.0,18.10250383,5.17854908,-7.17374765,0.0,0.092,0.078,-0.109,0.0,0.18,,,1.0,602.0,103.0,-110.0,0.0,1387.0,22.0,-23.0,0.0,0,F9 V,6100.0,100.0,-100.0,0.0,1.336,0.055,-0.055,0.0,1.16,0.07,-0.07,0.0,-0.15,0.08,-0.08,0.0,[Fe/H],11h24m31.29s,171.1303716,-42d43m55.70s,-42.7321394,17.329,286.38094,344.045,3.342,-3.279,2.87801,0.0277574,-0.0277574,2023-07-25,2023-07
TOI-269 b,TOI-269,1,1,<a refstr=COINTEPAS_ET_AL__2021 href=https://ui.adsabs.harvard.edu/abs/2021A&A...650A.145C/abstract target=ref>Cointepas et al. 2021</a>,3.6977104,3.7e-06,-3.7e-06,0.0,0.0345,0.0015,-0.0015,0.0,2.77,0.12,-0.12,0.0,2.28,0.48,-0.42,0.0,0.425,0.082,-0.086,0.0,19.0,4.0,-3.3,0.0,531.0,25.0,-25.0,0.0,0,M2 V,3514.0,70.0,-70.0,0.0,0.398,0.012,-0.012,0.0,0.3917,0.0095,-0.0095,0.0,-0.29,0.12,-0.12,0.0,[Fe/H],05h03m23.11s,75.8462827,-54d10m39.80s,-54.1777213,-37.32334,261.96005,57.0225,0.0757,-0.0756,17.508,0.023093,-0.023093,2021-05-17,2021-06
TOI-2796 b,TOI-2796,1,1,<a refstr=YEE_ET_AL__2023 href=https://ui.adsabs.harvard.edu/abs/2023ApJS..265....1Y/abstract target=ref>Yee et al. 2023</a>,4.8084983,5.7e-06,-5.6e-06,0.0,0.0569,0.001,-0.0011,0.0,17.26183028,,,-1.0,0.15,,,1.0,0.0,,,0.0,352.0,21.0,-20.0,0.0,1205.0,18.0,-17.0,0.0,0,,5764.0,81.0,-78.0,0.0,1.069,0.024,-0.024,0.0,1.063,0.057,-0.062,0.0,0.239,0.076,-0.079,0.0,[Fe/H],05h36m36.65s,84.1527191,+00d53m46.60s,0.8962788,-16.15719,203.33391,350.343,6.018,-5.821,2.82651,0.0478503,-0.0478503,2023-02-27,2023-03
TOI-2803 A b,TOI-2803 A,2,1,<a refstr=YEE_ET_AL__2023 href=https://ui.adsabs.harvard.edu/abs/2023ApJS..265....1Y/abstract target=ref>Yee et al. 2023</a>,1.96229325,8.2e-07,-8.2e-07,0.0,0.03185,0.00052,-0.00052,0.0,18.11371281,0.38110534,-0.35868738,0.0,0.287,0.026,-0.023,0.0,0.0,,,0.0,2150.0,132.0,-125.0,0.0,1893.0,29.0,-28.0,0.0,0,,6280.0,99.0,-96.0,0.0,1.245,0.022,-0.021,0.0,1.118,0.056,-0.054,0.0,-0.105,0.068,-0.072,0.0,[Fe/H],06h12m27.54s,93.1147397,-23d29m32.98s,-23.4924956,-18.65813,230.37429,494.818,6.647,-6.477,1.99238,0.0265953,-0.0265953,2023-02-27,2023-03
TOI-2818 b,TOI-2818,1,1,<a refstr=YEE_ET_AL__2023 href=https://ui.adsabs.harvard.edu/abs/2023ApJS..265....1Y/abstract target=ref>Yee et al. 2023</a>,4.039709,2.4e-06,-2.3e-06,0.0,0.0493,0.001,-0.0008,0.0,15.27784069,0.51561311,-0.50440413,0.0,0.34,0.14,-0.13,0.0,0.0,,,0.0,598.0,47.0,-41.0,0.0,1376.0,26.0,-24.0,0.0,0,,5721.0,88.0,-83.0,0.0,1.229,0.032,-0.031,0.0,0.977,0.063,-0.049,0.0,-0.02,0.11,-0.09,0.0,[Fe/H],07h56m14.36s,119.0598183,-35d07m00.16s,-35.1167104,-3.39354,251.03691,312.674,2.265,-2.233,3.16952,0.022832,-0.022832,2023-02-27,2023-03
TOI-2842 b,TOI-2842,1,1,<a refstr=YEE_ET_AL__2023 href=https://ui.adsabs.harvard.edu/abs/2023ApJS..265....1Y/abstract target=ref>Yee et al. 2023</a>,3.5514058,7.7e-06,-7.8e-06,0.0,0.0475,0.001,-0.0011,0.0,12.84549188,0.57165802,-0.53803107,0.0,0.304,0.065,-0.056,0.0,0.0,,,0.0,781.8,63.9,-56.6,0.0,1471.0,29.0,-27.0,0.0,0,,5910.0,100.0,-100.0,0.0,1.265,0.04,-0.037,0.0,1.135,0.077,-0.079,0.0,0.233,0.087,-0.09,0.0,[Fe/H],07h12m10.61s,108.0442066,-10d38m21.62s,-10.63934,-0.2947,224.75062,460.995,7.719,-7.473,2.14117,0.0354612,-0.0354612,2023-02-27,2023-03
TOI-3023 b,TOI-3023,1,1,<a refstr=YEE_ET_AL__2023 href=https://ui.adsabs.harvard.edu/abs/2023ApJS..265....1Y/abstract target=ref>Yee et al. 2023</a>,3.9014971,3.1e-06,-3.1e-06,0.0,0.0505,0.0015,-0.0009,0.0,16.43236571,0.48198617,-0.35868738,0.0,0.245,0.039,-0.038,0.0,0.0,,,0.0,1084.0,68.0,-65.0,0.0,1596.0,24.0,-25.0,0.0,0,,5760.0,85.0,-88.0,0.0,1.668,0.046,-0.033,0.0,1.12,0.11,-0.06,0.0,0.085,0.084,-0.083,0.0,[Fe/H],11h01m15.80s,165.3158231,-72d21m24.14s,-72.3567044,-11.26587,294.71566,389.916,3.196,-3.146,2.53593,0.0207019,-0.0207019,2023-02-27,2023-03
TOI-3261 b,TOI-3261,1,1,<a refstr=NABBIE_ET_AL__2024 href=https://ui.adsabs.harvard.edu/abs/2024arXiv240704225N/abstract target=ref>Nabbie et al. 2024</a>,0.8831331,1e-06,-1e-06,0.0,0.01714,0.00013,-0.0002,0.0,3.82,0.42,-0.35,0.0,3.0,1.1,-0.8,0.0,0.0,,,0.0,1466.0,92.0,-60.0,0.0,1722.0,26.0,-18.0,0.0,0,K1.5+/-1,5068.0,61.0,-42.0,0.0,0.849,0.024,-0.017,0.0,0.861,0.02,-0.03,0.0,0.138,0.048,-0.037,0.0,[Fe/H],03h10m54.85s,47.7285242,-73d31m55.10s,-73.531972,-40.1114,290.69769,300.141,1.082,-1.074,3.30283,0.0118782,-0.0118782,2024-07-22,2024-07
TOI-3331 A b,TOI-3331 A,2,1,<a refstr=YEE_ET_AL__2022 href=https://ui.adsabs.harvard.edu/abs/2022AJ....164...70Y/abstract target=ref>Yee et al. 2022</a>,2.0180231,4.3e-06,-4.4e-06,0.0,0.03144,0.00048,-0.00055,0.0,12.97999965,0.48198617,-0.48198617,0.0,1.82,0.24,-0.21,0.0,0.0,0.048,-0.052,0.0,818.5,70.5,-61.0,0.0,1488.0,31.0,-29.0,0.0,0,,5609.0,92.0,-87.0,0.0,0.952,0.029,-0.029,0.0,1.016,0.047,-0.052,0.0,0.148,0.084,-0.084,0.0,[Fe/H],18h05m17.80s,271.3241672,-34d06m25.82s,-34.107171,-6.21906,357.6251,217.193,2.748,-2.681,4.57654,0.057096,-0.057096,2022-08-29,2022-08
TOI-3364 b,TOI-3364,1,1,<a refstr=YEE_ET_AL__2023 href=https://ui.adsabs.harvard.edu/abs/2023ApJS..265....1Y/abstract target=ref>Yee et al. 2023</a>,5.8768918,6.9e-06,-6.9e-06,0.0,0.0675,0.0011,-0.0016,0.0,12.22899794,0.42594127,-0.35868738,0.0,1.6,0.19,-0.2,0.0,0.0,,,0.0,425.0,31.0,-27.0,0.0,1264.0,22.0,-21.0,0.0,0,,5706.0,95.0,-91.0,0.0,1.419,0.036,-0.03,0.0,1.186,0.059,-0.083,0.0,0.387,0.072,-0.081,0.0,[Fe/H],09h38m09.07s,144.5377709,-49d20m06.80s,-49.3352226,2.27829,273.78291,277.899,2.505,-2.461,3.56992,0.0319077,-0.0319077,2023-02-27,2023-03
TOI-3493 b,TOI-3493,1,1,<a refstr=CHATURVEDI_ET_AL__2025 href=https://ui.adsabs.harvard.edu/abs/2025arXiv250412884C/abstract target=ref>Chaturvedi et al. 2025</a>,8.1594667,1.6e-06,-1.7e-06,0.0,,,,,3.22,0.08,-0.08,0.0,1.47,0.23,-0.22,0.0,,,,,245.0,18.0,-13.0,0.0,1102.0,20.0,-14.0,0.0,0,G1/2 V,5844.0,42.0,-42.0,0.0,1.228,0.017,-0.017,0.0,1.023,0.041,-0.041,0.0,0.03,0.04,-0.04,0.0,[Fe/H],13h43m11.77s,205.7990331,-22d35m07.60s,-22.5854441,38.7366,318.30205,96.7224,0.4023,-0.399,10.3102,0.042503,-0.042503,2025-04-29,2025-04
TOI-3629 b,TOI-3629,1,1,<a refstr=CA_NTILDE_AS_ET_AL__2022 href=https://ui.adsabs.harvard.edu/abs/2022arXiv220109963C/abstract target=ref>Ca&ntilde;as et al. 2022</a>,3.936551,5e-06,-6e-06,0.0,0.043,0.002,-0.002,0.0,8.29464572,0.22417961,-0.22417961,0.0,0.8,0.1,-0.1,0.0,0.05,0.05,-0.04,0.0,39.0,4.0,-4.0,0.0,690.0,20.0,-20.0,0.0,0,M1,3870.0,90.0,-90.0,0.0,0.6,0.02,-0.01,0.0,0.63,0.02,-0.02,0.0,0.4,0.1,-0.1,0.0,[Fe/H],23h59m10.41s,359.7933851,+39d18m51.32s,39.3142556,-22.44783,112.0229,130.091,0.548,-0.545,7.65818,0.0320555,-0.0320555,2022-06-27,2022-01
TOI-3629 b,TOI-3629,1,1,<a refstr=HARTMAN_ET_AL__2023 href=https://ui.adsabs.harvard.edu/abs/2023AJ....166..163H/abstract target=ref>Hartman et al. 2023</a>,3.9365578,4.3e-06,-4.3e-06,0.0,0.04194,0.00071,-0.00071,0.0,8.29464572,0.15692573,-0.15692573,0.0,0.743,0.064,-0.064,0.0,0.056,,,1.0,43.0,4.0,-3.0,0.0,711.0,15.0,-15.0,0.0,0,,3865.0,79.0,-79.0,0.0,0.6103,0.0099,-0.0099,0.0,0.635,0.032,-0.032,0.0,0.549,0.093,-0.093,0.0,[Fe/H],23h59m10.41s,359.7933851,+39d18m51.32s,39.3142556,-22.44783,112.0229,130.091,0.548,-0.545,7.65818,0.0320555,-0.0320555,2023-11-07,2023-10
TOI-3688 A b,TOI-3688 A,2,1,<a refstr=YEE_ET_AL__2023 href=https://ui.adsabs.harvard.edu/abs/2023ApJS..265....1Y/abstract target=ref>Yee et al. 2023</a>,3.246075,1.2e-05,-1.2e-05,0.0,0.0456,0.00089,-0.00098,0.0,13.08088048,0.53803107,-0.49319515,0.0,0.76,0.13,-0.12,0.0,0.0,,,0.0,924.3,72.0,-66.1,0.0,1534.0,29.0,-28.0,0.0,0,,5950.0,100.0,-100.0,0.0,1.302,0.038,-0.035,0.0,1.199,0.072,-0.076,0.0,0.262,0.085,-0.086,0.0,[Fe/H],02h37m07.76s,39.2823371,+54d51m04.37s,54.8512152,-4.93371,137.83209,396.378,6.03,-5.855,2.49471,0.0375295,-0.0375295,2023-02-27,2023-03
TOI-3693 b,TOI-3693,1,1,<a refstr=YEE_ET_AL__2022 href=https://ui.adsabs.harvard.edu/abs/2022AJ....164...70Y/abstract target=ref>Yee et al. 2022</a>,9.088516,2.6e-05,-2.7e-05,0.0,0.0813,0.0011,-0.0012,0.0,12.59889431,0.32506044,-0.25780656,0.0,0.89,0.22,-0.2,0.0,0.0,0.048,-0.052,0.0,68.6,4.7,-4.1,0.0,801.0,13.0,-12.0,0.0,0,,5321.0,86.0,-82.0,0.0,0.791,0.017,-0.014,0.0,0.867,0.036,-0.037,0.0,0.071,0.079,-0.076,0.0,[Fe/H],01h02m37.05s,15.6543938,+51d18m14.01s,51.3038918,-11.52915,124.71484,176.436,1.224,-1.208,5.63925,0.0387783,-0.0387783,2022-08-29,2022-08
TOI-3714 b,TOI-3714,2,1,<a refstr=HARTMAN_ET_AL__2023 href=https://ui.adsabs.harvard.edu/abs/2023AJ....166..163H/abstract target=ref>Hartman et al. 2023</a>,2.15484802,7.5e-07,-7.5e-07,0.0,0.0263,0.00046,-0.00046,0.0,11.14172682,0.22417961,-0.22417961,0.0,0.871,0.039,-0.039,0.0,0.047,,,1.0,57.0,5.0,-5.0,0.0,764.0,17.0,-17.0,0.0,0,,3652.0,81.0,-81.0,0.0,0.4958,0.0104,-0.0079,0.0,0.522,0.028,-0.028,0.0,0.39,0.086,-0.086,0.0,[Fe/H],04h38m12.56s,69.5523415,+39d27m28.81s,39.4580035,-5.02267,163.30436,112.71,0.586,-0.579,8.84375,0.0455174,-0.0455174,2023-11-07,2023-10
TOI-3714 b,TOI-3714,2,1,<a refstr=CA_NTILDE_AS_ET_AL__2022 href=https://ui.adsabs.harvard.edu/abs/2022arXiv220109963C/abstract target=ref>Ca&ntilde;as et al. 2022</a>,2.154849,1e-06,-1e-06,0.0,0.027,0.001,-0.001,0.0,11.32107051,0.33626942,-0.33626942,0.0,0.85,0.08,-0.08,0.0,0.03,0.03,-0.02,0.0,54.0,4.0,-5.0,0.0,750.0,20.0,-20.0,0.0,0,M2,3660.0,90.0,-90.0,0.0,0.51,0.01,-0.01,0.0,0.53,0.02,-0.02,0.0,0.1,0.1,-0.1,0.0,[Fe/H],04h38m12.56s,69.5523415,+39d27m28.81s,39.4580035,-5.02267,163.30436,112.71,0.586,-0.579,8.84375,0.0455174,-0.0455174,2022-06-27,2022-01
TOI-3757 b,TOI-3757,1,1,<a refstr=KANODIA_ET_AL__2022 href=https://ui.adsabs.harvard.edu/abs/2022AJ....164...81K/abstract target=ref>Kanodia et al. 2022</a>,3.438753,4e-06,-4e-06,0.0,0.03845,0.00043,-0.00043,0.0,12.0,0.4,-0.5,0.0,0.27,0.05,-0.04,0.0,0.14,0.06,-0.06,0.0,55.4,3.8,-3.8,0.0,759.0,13.0,-13.0,0.0,0,M0 V,3913.0,56.0,-56.0,0.0,0.62,0.01,-0.01,0.0,0.64,0.02,-0.02,0.0,0.0,0.2,-0.2,0.0,[Fe/H],06h04m00.87s,91.0036423,+55d01m11.93s,55.0199793,15.59205,158.55829,181.139,1.194,-1.179,5.49203,0.0358978,-0.0358978,2022-08-22,2022-09
TOI-3785 b,TOI-3785,1,1,<a refstr=POWERS_ET_AL__2023 href=https://ui.adsabs.harvard.edu/abs/2023AJ....166...44P/abstract target=ref>Powers et al. 2023</a>,4.6747373,3.8e-06,-3.8e-06,0.0,0.043,0.001,-0.001,0.0,5.14,0.16,-0.16,0.0,0.61,0.18,-0.17,0.0,0.11,0.1,-0.08,0.0,19.1,2.0,-2.0,0.0,582.0,16.0,-16.0,0.0,0,M2 V,3576.0,88.0,-88.0,0.0,0.5,0.01,-0.01,0.0,0.52,0.02,-0.02,0.0,0.099,0.117,-0.117,0.0,[Fe/H],08h43m36.05s,130.9002258,+63d04m41.08s,63.0780768,36.58395,152.77829,79.7634,0.2243,-0.223,12.5083,0.0348909,-0.0348909,2023-07-21,2023-08
TOI-3807 b,TOI-3807,1,1,<a refstr=YEE_ET_AL__2023 href=https://ui.adsabs.harvard.edu/abs/2023ApJS..265....1Y/abstract target=ref>Yee et al. 2023</a>,2.8989727,3.8e-06,-3.9e-06,0.0,0.0421,0.0007,-0.0011,0.0,18.49481816,,,-1.0,0.289,,,1.0,0.0,,,0.0,1230.0,73.0,-73.0,0.0,1646.0,25.0,-24.0,0.0,0,,5772.0,84.0,-80.0,0.0,1.468,0.037,-0.037,0.0,1.181,0.064,-0.092,0.0,0.278,0.084,-0.081,0.0,[Fe/H],09h16m27.02s,139.1125648,+69d04m26.86s,69.0741284,37.87064,144.33075,421.745,4.661,-4.561,2.34236,0.0257288,-0.0257288,2023-02-27,2023-03
TOI-3819 b,TOI-3819,1,1,<a refstr=YEE_ET_AL__2023 href=https://ui.adsabs.harvard.edu/abs/2023ApJS..265....1Y/abstract target=ref>Yee et al. 2023</a>,3.2443141,5.5e-06,-5.5e-06,0.0,0.04611,0.00069,-0.00096,0.0,13.13692538,0.40352331,-0.39231432,0.0,0.85,0.17,-0.17,0.0,0.0,,,0.0,1186.0,61.0,-55.0,0.0,1633.0,21.0,-19.0,0.0,0,,5859.0,72.0,-71.0,0.0,1.538,0.037,-0.037,0.0,1.242,0.057,-0.076,0.0,0.273,0.084,-0.082,0.0,[Fe/H],08h07m27.18s,121.8632568,+29d23m19.12s,29.3886446,28.44257,192.47122,558.141,13.045,-12.473,1.76329,0.0406395,-0.0406395,2023-02-27,2023-03
TOI-3884 b,TOI-3884,1,1,<a refstr=ALMENARA_ET_AL__2022 href=https://ui.adsabs.harvard.edu/abs/2022arXiv221010909A/abstract target=ref>Almenara et al. 2022</a>,4.5445697,9.4e-06,-9.4e-06,0.0,0.0354,0.0014,-0.0014,0.0,6.0,0.18,-0.18,0.0,0.424,0.1,-0.061,0.0,0.32,,,1.0,7.42,0.77,-0.77,0.0,463.0,12.0,-12.0,0.0,0,M4,3269.0,70.0,-70.0,0.0,0.3043,0.009,-0.009,0.0,0.2813,0.0067,-0.0067,0.0,0.23,0.12,-0.12,0.0,[Fe/H],12h06m17.24s,181.5718341,+12d30m25.29s,12.5070258,71.95418,264.84462,43.1448,0.169,-0.1678,23.1494,0.0898005,-0.0898005,2022-10-31,2022-10
TOI-3884 b,TOI-3884,1,1,<a refstr=LIBBY_ROBERTS_ET_AL__2023 href=https://ui.adsabs.harvard.edu/abs/2023AJ....165..249L/abstract target=ref>Libby-Roberts et al. 2023</a>,4.5445828,9.8e-06,-9.8e-06,0.0,0.0361,0.0008,-0.0008,0.0,6.43,0.2,-0.2,0.0,0.67,0.18,-0.16,0.0,0.06,0.06,-0.04,0.0,6.29,0.84,-0.84,0.0,441.0,15.0,-15.0,0.0,0,,3180.0,88.0,-88.0,0.0,0.302,0.012,-0.012,0.0,0.298,0.018,-0.018,0.0,0.04,0.12,-0.12,0.0,[Fe/H],12h06m17.24s,181.5718341,+12d30m25.29s,12.5070258,71.95418,264.84462,43.1448,0.169,-0.1678,23.1494,0.0898005,-0.0898005,2024-08-30,2023-06
TOI-3912 b,TOI-3912,1,1,<a refstr=YEE_ET_AL__2023 href=https://ui.adsabs.harvard.edu/abs/2023ApJS..265....1Y/abstract target=ref>Yee et al. 2023</a>,3.4936264,3.8e-06,-3.8e-06,0.0,0.0463,0.0012,-0.001,0.0,14.28024141,0.45956821,-0.44835923,0.0,0.243,0.053,-0.047,0.0,0.0,,,0.0,872.2,47.8,-46.3,0.0,1512.0,20.0,-20.0,0.0,0,,5725.0,69.0,-68.0,0.0,1.392,0.035,-0.034,0.0,1.088,0.086,-0.07,0.0,0.187,0.087,-0.09,0.0,[Fe/H],14h23m12.36s,215.8014956,+24d04m35.63s,24.0765639,69.11667,29.66627,465.992,6.586,-6.408,2.11743,0.0296918,-0.0296918,2023-02-27,2023-03
TOI-3976 A b,TOI-3976 A,2,1,<a refstr=YEE_ET_AL__2023 href=https://ui.adsabs.harvard.edu/abs/2023ApJS..265....1Y/abstract target=ref>Yee et al. 2023</a>,6.607662,1.6e-05,-1.5e-05,0.0,0.0743,0.0013,-0.0014,0.0,12.27383387,0.40352331,-0.39231432,0.0,0.165,0.041,-0.037,0.0,0.0,,,0.0,469.0,23.0,-20.0,0.0,1295.0,16.0,-14.0,0.0,0,,5975.0,70.0,-69.0,0.0,1.501,0.039,-0.038,0.0,1.254,0.067,-0.072,0.0,0.182,0.078,-0.079,0.0,[Fe/H],14h57m25.44s,224.3560083,+44d16m27.56s,44.2743223,59.50499,75.44299,516.087,5.917,-5.788,1.90888,0.0218071,-0.0218071,2023-02-27,2023-03
TOI-3984 A b,TOI-3984 A,2,1,<a refstr=CA_NTILDE_AS_ET_AL__2023 href=https://ui.adsabs.harvard.edu/abs/2023AJ....166...30C/abstract target=ref>Ca&ntilde;as et al. 2023</a>,4.353326,5e-06,-5e-06,0.0,0.041,0.002,-0.001,0.0,7.9,0.24,-0.24,0.0,0.49,0.11,-0.1,0.0,0.23,,,1.0,16.7,1.8,-1.8,0.0,563.0,15.0,-15.0,0.0,0,M4+/-0.5,3476.0,88.0,-88.0,0.0,0.47,0.01,-0.01,0.0,0.49,0.02,-0.02,0.0,0.18,0.12,-0.12,0.0,[Fe/H],15h05m20.92s,226.3371468,+36d47m13.11s,36.7869747,60.17839,60.26767,108.883,0.433,-0.428,9.15538,0.0360399,-0.0360399,2023-07-21,2023-07
TOI-4010 b,TOI-4010,1,4,<a refstr=KUNIMOTO_ET_AL__2023 href=https://ui.adsabs.harvard.edu/abs/2023AJ....166....7K/abstract target=ref>Kunimoto et al. 2023</a>,1.348335,3e-06,-2e-06,0.0,0.0229,0.0002,-0.0002,0.0,3.02,0.08,-0.08,0.0,2.2,0.3,-0.3,0.0,0.03,0.03,-0.02,0.0,714.0,28.0,-26.0,0.0,1441.0,14.0,-13.0,0.0,0,K V,4960.0,36.0,-36.0,0.0,0.83,0.01,-0.01,0.0,0.88,0.03,-0.03,0.0,0.37,0.07,-0.07,0.0,[Fe/H],01h20m51.56s,20.2148196,+66d04m19.92s,66.0722009,3.37092,125.91346,177.504,0.994,-0.982,5.60499,0.0311275,-0.0311275,2023-06-27,2023-07
TOI-4010 c,TOI-4010,1,4,<a refstr=KUNIMOTO_ET_AL__2023 href=https://ui.adsabs.harvard.edu/abs/2023AJ....166....7K/abstract target=ref>Kunimoto et al. 2023</a>,5.414654,7e-06,-7e-06,0.0,0.058,0.001,-0.001,0.0,5.93,0.11,-0.12,0.0,0.5,0.1,-0.1,0.0,0.03,0.03,-0.02,0.0,112.0,4.0,-4.0,0.0,907.0,9.0,-8.0,0.0,0,K V,4960.0,36.0,-36.0,0.0,0.83,0.01,-0.01,0.0,0.88,0.03,-0.03,0.0,0.37,0.07,-0.07,0.0,[Fe/H],01h20m51.56s,20.2148196,+66d04m19.92s,66.0722009,3.37092,125.91346,177.504,0.994,-0.982,5.60499,0.0311275,-0.0311275,2023-06-27,2023-07
TOI-4010 d,TOI-4010,1,4,<a refstr=KUNIMOTO_ET_AL__2023 href=https://ui.adsabs.harvard.edu/abs/2023AJ....166....7K/abstract target=ref>Kunimoto et al. 2023</a>,14.70886,3e-05,-3e-05,0.0,0.113,0.001,-0.001,0.0,6.18,0.14,-0.15,0.0,0.9,0.1,-0.1,0.0,0.07,0.03,-0.03,0.0,30.0,1.0,-1.0,0.0,650.0,6.0,-6.0,0.0,0,K V,4960.0,36.0,-36.0,0.0,0.83,0.01,-0.01,0.0,0.88,0.03,-0.03,0.0,0.37,0.07,-0.07,0.0,[Fe/H],01h20m51.56s,20.2148196,+66d04m19.92s,66.0722009,3.37092,125.91346,177.504,0.994,-0.982,5.60499,0.0311275,-0.0311275,2023-06-27,2023-07
TOI-406 c,TOI-406,1,2,<a refstr=LACEDELLI_ET_AL__2024 href=https://ui.adsabs.harvard.edu/abs/2024arXiv240911083L/abstract target=ref>Lacedelli et al. 2024</a>,3.307441,1e-05,-8e-06,0.0,0.0322,0.0013,-0.0013,0.0,1.32,0.12,-0.12,0.0,4.9,1.4,-1.4,0.0,0.032,0.037,-0.023,0.0,19.0,3.0,-3.0,0.0,584.0,22.0,-22.0,0.0,0,M3,3392.0,44.0,-44.0,0.0,0.41,0.029,-0.027,0.0,0.408,0.046,-0.042,0.0,-0.02,0.04,-0.04,0.0,[M/H],03h17m03.03s,49.2626428,-42d14m38.94s,-42.2441492,-56.80726,249.56265,31.0597,0.0341,-0.034,32.1671,0.0350084,-0.0350084,2024-12-16,2024-09
TOI-406.01,TOI-406,1,2,<a refstr=LACEDELLI_ET_AL__2024 href=https://ui.adsabs.harvard.edu/abs/2024arXiv240911083L/abstract target=ref>Lacedelli et al. 2024</a>,13.175682,1.7e-05,-1.6e-05,0.0,0.0809,0.0031,-0.0031,0.0,2.08,0.16,-0.15,0.0,4.1,1.1,-1.1,0.0,0.056,0.035,-0.034,0.0,3.0,0.5,-0.5,0.0,368.0,14.0,-14.0,0.0,0,M3,3392.0,44.0,-44.0,0.0,0.41,0.029,-0.027,0.0,0.408,0.046,-0.042,0.0,-0.02,0.04,-0.04,0.0,[M/H],03h17m03.03s,49.2626428,-42d14m38.94s,-42.2441492,-56.80726,249.56265,31.0597,0.0341,-0.034,32.1671,0.0350084,-0.0350084,2024-12-16,2024-09
TOI-4087 b,TOI-4087,1,1,<a refstr=YEE_ET_AL__2023 href=https://ui.adsabs.harvard.edu/abs/2023ApJS..265....1Y/abstract target=ref>Yee et al. 2023</a>,3.1774835,9.4e-07,-9.4e-07,0.0,0.04469,0.00048,-0.00054,0.0,13.04725353,0.28022452,-0.26901554,0.0,0.57,0.12,-0.12,0.0,0.0,,,0.0,753.9,41.1,-33.8,0.0,1458.0,20.0,-17.0,0.0,0,,6060.0,74.0,-67.0,0.0,1.112,0.021,-0.02,0.0,1.178,0.039,-0.042,0.0,0.237,0.079,-0.079,0.0,[Fe/H],14h31m42.19s,217.9257785,+83d22m21.74s,83.3727061,33.09145,119.58614,301.676,2.225,-2.193,3.28605,0.0240912,-0.0240912,2023-02-27,2023-03
TOI-411 b,HD 22946,1,3,<a refstr=GARAI_ET_AL__2023 href=https://ui.adsabs.harvard.edu/abs/2023A&A...674A..44G/abstract target=ref>Garai et al. 2023</a>,4.040295,1.5e-05,-1.4e-05,0.0,0.05727,0.00085,-0.00082,0.0,1.362,0.04,-0.04,0.0,18.96,,,1.0,,,,,495.139,23.838,-23.223,0.0,1241.0,14.0,-14.0,0.0,0,,6169.0,64.0,-64.0,0.0,1.117,0.009,-0.009,0.0,1.098,0.04,-0.039,0.0,-0.08,0.04,-0.04,0.0,[Fe/H],03h39m16.69s,54.819538,-42d45m46.90s,-42.7630276,-52.70009,248.83207,62.7792,0.1161,-0.1156,15.8999,0.0291804,-0.0291804,2023-07-10,2023-06
TOI-411 c,HD 22946,1,3,<a refstr=GARAI_ET_AL__2023 href=https://ui.adsabs.harvard.edu/abs/2023A&A...674A..44G/abstract target=ref>Garai et al. 2023</a>,9.573083,1.4e-05,-1.4e-05,0.0,0.1017,0.0015,-0.0014,0.0,2.328,0.038,-0.039,0.0,3.15,,,1.0,,,,,156.75,7.546,-7.3519,0.0,931.0,11.0,-11.0,0.0,0,,6169.0,64.0,-64.0,0.0,1.117,0.009,-0.009,0.0,1.098,0.04,-0.039,0.0,-0.08,0.04,-0.04,0.0,[Fe/H],03h39m16.69s,54.819538,-42d45m46.90s,-42.7630276,-52.70009,248.83207,62.7792,0.1161,-0.1156,15.8999,0.0291804,-0.0291804,2023-07-10,2023-06
TOI-4127 b,TOI-4127,1,1,<a refstr=GUPTA_ET_AL__2023 href=https://ui.adsabs.harvard.edu/abs/2023AJ....165..234G/abstract target=ref>Gupta et al. 2023</a>,56.39879,0.0001,-0.0001,0.0,0.3081,0.0055,-0.0058,0.0,12.28504285,0.43715025,-0.35868738,0.0,2.17,0.22,-0.24,0.0,0.7471,0.0078,-0.0086,0.0,22.3,1.5,-1.5,0.0,605.1,9.6,-8.2,0.0,0,F V,6096.0,115.0,-115.0,0.0,1.293,0.05,-0.05,0.0,1.23,0.07,-0.07,0.0,0.14,0.12,-0.12,0.0,[Fe/H],07h01m37.09s,105.4045516,+72d24m53.75s,72.4149297,26.52673,142.64659,319.632,3.351,-3.283,3.10004,0.0322235,-0.0322235,2023-06-12,2023-06
TOI-4137 b,TOI-4137,1,1,<a refstr=YEE_ET_AL__2022 href=https://ui.adsabs.harvard.edu/abs/2022AJ....164...70Y/abstract target=ref>Yee et al. 2022</a>,3.8016122,6.5e-06,-6.5e-06,0.0,0.05222,0.00089,-0.00096,0.0,13.57407563,0.44835923,-0.43715025,0.0,1.01,0.17,-0.15,0.0,0.0,0.048,-0.052,0.0,1013.0,68.0,-60.0,0.0,1570.0,25.0,-24.0,0.0,0,,6202.0,94.0,-90.0,0.0,1.438,0.039,-0.038,0.0,1.313,0.068,-0.071,0.0,0.182,0.083,-0.085,0.0,[Fe/H],05h10m27.09s,77.612879,+70d23m27.88s,70.391079,17.58668,141.49962,334.993,3.313,-3.25,2.95656,0.0290173,-0.0290173,2022-08-29,2022-08
TOI-4145 A b,TOI-4145 A,2,1,<a refstr=YEE_ET_AL__2023 href=https://ui.adsabs.harvard.edu/abs/2023ApJS..265....1Y/abstract target=ref>Yee et al. 2023</a>,4.0664428,5.8e-06,-5.8e-06,0.0,0.04823,0.00075,-0.00079,0.0,13.30506009,0.35868738,-0.3474784,0.0,0.32,0.1,-0.1,0.0,0.0,,,0.0,223.0,16.0,-13.0,0.0,1074.0,19.0,-16.0,0.0,0,,5281.0,86.0,-76.0,0.0,0.859,0.018,-0.017,0.0,0.905,0.043,-0.044,0.0,0.168,0.084,-0.087,0.0,[Fe/H],02h37m43.14s,39.4297435,+80d16m02.58s,80.2673838,18.35224,127.50137,205.387,1.197,-1.184,4.84014,0.0280062,-0.0280062,2023-02-27,2023-03
TOI-4201 b,TOI-4201,1,1,<a refstr=GAN_ET_AL__2023 href=https://ui.adsabs.harvard.edu/abs/2023arXiv230707329G/abstract target=ref>Gan et al. 2023</a>,3.5819194,1.1e-06,-1.1e-06,0.0,0.04,0.001,-0.001,0.0,13.67495645,0.44835923,-0.44835923,0.0,1.82,0.19,-0.19,0.0,0.041,0.015,-0.015,0.0,45.2,3.2,-3.2,0.0,725.0,20.0,-20.0,0.0,0,M1.0+/-0.5,3794.0,79.0,-79.0,0.0,0.63,0.02,-0.02,0.0,0.61,0.02,-0.02,0.0,0.52,0.08,-0.08,0.0,[Fe/H],06h01m53.93s,90.4747237,-13d27m40.94s,-13.461371,-16.96484,219.66063,189.011,0.9885,-0.9885,5.26193,0.0274615,-0.0274615,2023-09-19,2023-07
TOI-4201 b,TOI-4201,1,1,<a refstr=DELAMER_ET_AL__2024 href=https://ui.adsabs.harvard.edu/abs/2024ApJ...962L..22D/abstract target=ref>Delamer et al. 2024</a>,3.5819232,2.4e-06,-2.4e-06,0.0,0.03944,0.00039,-0.0004,0.0,12.69,0.33,-0.33,0.0,2.22,0.18,-0.16,0.0,0.062,0.019,-0.019,0.0,49.6,3.5,-3.5,0.0,739.0,13.0,-13.0,0.0,0,,3920.0,50.0,-50.0,0.0,0.62,0.02,-0.02,0.0,0.63,0.02,-0.02,0.0,0.3,0.15,-0.15,0.0,[Fe/H],06h01m53.93s,90.4747237,-13d27m40.94s,-13.461371,-16.96484,219.66063,189.011,0.9885,-0.9885,5.26193,0.0274615,-0.0274615,2024-03-10,2024-02
TOI-4201 b,TOI-4201,1,1,<a refstr=HARTMAN_ET_AL__2023 href=https://ui.adsabs.harvard.edu/abs/2023AJ....166..163H/abstract target=ref>Hartman et al. 2023</a>,3.5819134,1.7e-06,-1.7e-06,0.0,0.03924,0.00069,-0.00069,0.0,12.66614819,0.26901554,-0.26901554,0.0,2.21,0.13,-0.13,0.0,0.083,,,1.0,53.0,4.0,-4.0,0.0,750.0,13.0,-13.0,0.0,0,,3926.0,65.0,-65.0,0.0,0.616,0.012,-0.012,0.0,0.626,0.033,-0.033,0.0,0.433,0.085,-0.085,0.0,[Fe/H],06h01m53.93s,90.4747237,-13d27m40.94s,-13.461371,-16.96484,219.66063,189.011,0.9885,-0.9885,5.26193,0.0274615,-0.0274615,2023-11-07,2023-10
TOI-421 b,TOI-421,2,2,<a refstr=CARLEO_ET_AL__2020 href=https://ui.adsabs.harvard.edu/abs/2020AJ....160..114C/abstract target=ref>Carleo et al. 2020</a>,5.19672,0.00049,-0.00049,0.0,0.056,0.0018,-0.0018,0.0,2.68,0.19,-0.18,0.0,2.05,0.52,-0.41,0.0,0.163,0.082,-0.071,0.0,154.57,10.53,-9.73,0.0,981.4,16.3,-15.8,0.0,0,G9 V,5325.0,78.0,-58.0,0.0,0.871,0.012,-0.012,0.0,0.852,0.029,-0.021,0.0,-0.02,0.05,-0.05,0.0,[Fe/H],05h27m24.79s,81.8532824,-14d16m36.27s,-14.2767404,-24.93742,216.79355,74.7969,0.2041,-0.2029,13.3407,0.0361024,-0.0361024,2020-10-01,2020-09
TOI-421 c,TOI-421,2,2,<a refstr=CARLEO_ET_AL__2020 href=https://ui.adsabs.harvard.edu/abs/2020AJ....160..114C/abstract target=ref>Carleo et al. 2020</a>,16.06819,0.00035,-0.00035,0.0,0.1189,0.0039,-0.0039,0.0,5.09,0.16,-0.15,0.0,0.685,0.08,-0.072,0.0,0.152,0.042,-0.042,0.0,34.32,2.34,-2.16,0.0,673.6,11.2,-10.9,0.0,0,G9 V,5325.0,78.0,-58.0,0.0,0.871,0.012,-0.012,0.0,0.852,0.029,-0.021,0.0,-0.02,0.05,-0.05,0.0,[Fe/H],05h27m24.79s,81.8532824,-14d16m36.27s,-14.2767404,-24.93742,216.79355,74.7969,0.2041,-0.2029,13.3407,0.0361024,-0.0361024,2020-10-01,2020-09
TOI-4438 b,TOI-4438,1,1,<a refstr=GOFFO_ET_AL__2024 href=https://ui.adsabs.harvard.edu/abs/2024arXiv240309833G/abstract target=ref>Goffo et al. 2024</a>,7.44628,9e-06,-9e-06,0.0,0.0534,0.0037,-0.0037,0.0,2.52,0.13,-0.13,0.0,1.85,0.51,-0.44,0.0,0.14,0.09,-0.09,0.0,6.0,0.9,-0.77,0.0,435.0,15.0,-15.0,0.0,0,M3.5 V,3422.0,81.0,-81.0,0.0,0.372,0.018,-0.018,0.0,0.368,0.021,-0.021,0.0,-0.19,0.05,-0.05,0.0,[Fe/H],18h01m16.14s,270.3172389,+35d35m41.64s,35.5948992,24.9965,61.79465,30.0346,0.0233,-0.0233,33.266,0.0256476,-0.0256476,2024-03-25,2024-03
TOI-4463 A b,TOI-4463 A,2,1,<a refstr=YEE_ET_AL__2023 href=https://ui.adsabs.harvard.edu/abs/2023ApJS..265....1Y/abstract target=ref>Yee et al. 2023</a>,2.8807198,2.8e-06,-2.7e-06,0.0,0.04036,0.00074,-0.00082,0.0,13.26022417,0.71737476,-0.50440413,0.0,0.595,0.08,-0.096,0.0,0.0,,,0.0,633.0,46.0,-38.0,0.0,1395.0,25.0,-22.0,0.0,0,,5640.0,89.0,-82.0,0.0,1.062,0.027,-0.024,0.0,1.056,0.059,-0.063,0.0,0.25,0.085,-0.085,0.0,[Fe/H],18h37m25.95s,279.3581286,+18d43m47.83s,18.7299522,11.4139,48.27767,173.117,1.303,-1.285,5.74805,0.0428641,-0.0428641,2023-02-27,2023-03
TOI-4603 b,TOI-4603,1,1,<a refstr=KHANDELWAL_ET_AL__2023 href=https://ui.adsabs.harvard.edu/abs/2023arXiv230311841K/abstract target=ref>Khandelwal et al. 2023</a>,7.24599,0.00022,-0.00021,0.0,0.0888,0.001,-0.001,0.0,11.67975789,0.42594127,-0.39231432,0.0,14.1,1.7,-1.6,0.0,0.325,0.02,-0.02,0.0,1192.0,71.0,-68.0,0.0,1677.0,24.0,-24.0,0.0,0,F,6264.0,95.0,-94.0,0.0,2.738,0.048,-0.05,0.0,1.765,0.061,-0.061,0.0,0.342,0.039,-0.04,0.0,[Fe/H],05h35m27.82s,83.8659288,+21d17m39.27s,21.2942417,-5.98612,185.2858,225.643,2.484,-2.432,4.40371,0.0479044,-0.0479044,2023-03-28,2023-03
TOI-4791 b,TOI-4791,1,1,<a refstr=YEE_ET_AL__2023 href=https://ui.adsabs.harvard.edu/abs/2023ApJS..265....1Y/abstract target=ref>Yee et al. 2023</a>,4.28088,2.2e-05,-2.3e-05,0.0,0.0555,0.0011,-0.0012,0.0,12.44196858,0.56044903,-0.56044903,0.0,2.09,0.46,-0.4,0.0,0.0,,,0.0,783.2,56.6,-50.0,0.0,1472.0,26.0,-24.0,0.0,0,,6058.0,99.0,-94.0,0.0,1.409,0.039,-0.038,0.0,1.242,0.072,-0.077,0.0,0.207,0.085,-0.089,0.0,[Fe/H],07h17m33.21s,109.3883818,-19d49m44.18s,-19.8289392,-3.40997,233.49822,328.802,3.696,-3.616,3.013,0.0335571,-0.0335571,2023-02-27,2023-03
TOI-4860 b,TOI-4860,1,1,<a refstr=ALMENARA_ET_AL__2023 href=https://ui.adsabs.harvard.edu/abs/2023arXiv230801454A/abstract target=ref>Almenara et al. 2023</a>,1.5227591,3e-07,-3e-07,0.0,0.01808,0.00015,-0.00015,0.0,8.7,0.4,-0.4,0.0,0.75,0.09,-0.09,0.0,0.008,0.013,-0.006,0.0,42.5,1.9,-1.9,0.0,694.0,15.0,-15.0,0.0,0,M3.5 V,3260.0,50.0,-50.0,0.0,0.358,0.015,-0.015,0.0,0.34,0.009,-0.009,0.0,0.27,0.12,-0.12,0.0,[Fe/H],12h14m15.35s,183.563961,-13d10m29.43s,-13.1748411,48.69912,289.14624,80.1423,0.6481,-0.6379,12.4503,0.0993589,-0.0993589,2024-03-04,2023-08
TOI-4994 b,TOI-4994,1,1,<a refstr=RODRIGUEZ_MARTINEZ_ET_AL__2024 href=https://ui.adsabs.harvard.edu/abs/2024arXiv241202769R/abstract target=ref>Rodriguez Martinez et al. 2024</a>,21.491984,2.3e-05,-2.3e-05,0.0,0.1515,0.0032,-0.0031,0.0,8.54124329,0.33626942,-0.30264248,0.0,0.78,0.16,-0.14,0.0,0.319,0.048,-0.047,0.0,40.0,2.1,-2.3,0.0,717.6,9.7,-10.0,0.0,0,,5640.0,110.0,-110.0,0.0,1.055,0.04,-0.037,0.0,1.005,0.064,-0.061,0.0,0.165,0.083,-0.084,0.0,[Fe/H],18h52m31.81s,283.1325335,-78d26m03.95s,-78.4344302,-26.58826,315.88757,329.304,2.517,-2.48,3.00799,0.0228692,-0.0228692,2024-12-16,2024-12
TOI-500 b,TOI-500,1,4,<a refstr=SERRANO_ET_AL__2022 href=https://ui.adsabs.harvard.edu/abs/2022NatAs.tmp...95S/abstract target=ref>Serrano et al. 2022</a>,0.548177,1.9e-05,-1.9e-05,0.0,0.01189,0.00041,-0.0004,0.0,1.166,0.061,-0.058,0.0,4.89,1.03,-0.88,0.0,0.063,0.073,-0.044,0.0,1138.0,123.0,-112.0,0.0,1617.0,41.0,-41.0,0.0,0,K6 V,4440.0,100.0,-100.0,0.0,0.678,0.016,-0.016,0.0,0.74,0.017,-0.017,0.0,0.12,0.08,-0.08,0.0,[Fe/H],07h06m14.18s,106.559098,-47d35m16.14s,-47.5878156,-17.33308,258.09657,47.3924,0.0473,-0.0473,21.0715,0.0209061,-0.0209061,2022-05-09,2022-04
TOI-5005 b,TOI-5005,1,1,<a refstr=CASTRO_GONZ_AMP_AACUTE_LEZ_ET_AL__2024 href=https://ui.adsabs.harvard.edu/abs/2024arXiv240918129C/abstract target=ref>Castro-Gonz&aacute;lez et al. 2024</a>,6.3085044,9.2e-06,-8.8e-06,0.0,0.06614,0.00045,-0.00045,0.0,6.25,0.24,-0.24,0.0,0.74,0.16,-0.16,0.0,,,,,226.0,12.0,-12.0,0.0,1040.0,20.0,-20.0,0.0,0,G2 V,5749.0,61.0,-61.0,0.0,0.93,0.03,-0.03,0.0,0.97,0.02,-0.02,0.0,0.15,0.04,-0.04,0.0,[Fe/H],15h52m25.97s,238.108194,-48d08m42.36s,-48.1451,4.49942,331.31231,207.891,1.996,-1.96,4.78202,0.0454226,-0.0454226,2024-10-22,2024-09
TOI-512 b,TOI-512,1,1,<a refstr=RODRIGUES_ET_AL__2025 href=https://ui.adsabs.harvard.edu/abs/2025arXiv250214472R/abstract target=ref>Rodrigues et al. 2025</a>,7.18886,6.9e-05,-7.7e-05,0.0,,,,,1.54,0.1,-0.1,0.0,5.623888,1.598949,-1.268132,0.0,0.02,0.06,-0.03,0.0,127.0,9.0,-8.0,0.0,1009.0,29.0,-29.0,0.0,0,,5277.0,67.0,-67.0,0.0,0.89,0.03,-0.03,0.0,0.74,0.03,-0.03,0.0,-0.11,0.05,-0.05,0.0,[Fe/H],06h26m35.21s,96.6467023,-38d36m25.95s,-38.6072095,-21.08722,246.56423,67.3975,0.1168,-0.1163,14.8084,0.0254706,-0.0254706,2025-03-09,2025-02
TOI-519 b,TOI-519,1,1,<a refstr=HARTMAN_ET_AL__2023 href=https://ui.adsabs.harvard.edu/abs/2023AJ....166..163H/abstract target=ref>Hartman et al. 2023</a>,1.26523248,1.2e-07,-1.2e-07,0.0,0.01648,0.00027,-0.00027,0.0,11.87031056,0.22417961,-0.22417961,0.0,0.551,0.067,-0.067,0.0,0.048,,,1.0,54.0,4.0,-4.0,0.0,754.0,14.0,-14.0,0.0,0,,3354.0,63.0,-63.0,0.0,0.3578,0.0063,-0.0063,0.0,0.372,0.018,-0.018,0.0,0.265,0.083,-0.083,0.0,[Fe/H],08h18m25.62s,124.6067582,-19d39m46.05s,-19.6627918,9.03821,240.59869,115.557,0.937,-0.922,8.62578,0.0690788,-0.0690788,2023-11-07,2023-10
TOI-5205 b,TOI-5205,1,1,<a refstr=KANODIA_ET_AL__2023 href=https://ui.adsabs.harvard.edu/abs/2023AJ....165..120K/abstract target=ref>Kanodia et al. 2023</a>,1.630757,1e-06,-1e-06,0.0,0.0199,0.0002,-0.0002,0.0,11.6,0.3,-0.3,0.0,1.21,0.11,-0.11,0.0,0.02,0.02,-0.014,0.0,49.0,4.0,-4.0,0.0,737.0,15.0,-15.0,0.0,0,M4.0,3430.0,54.0,-54.0,0.0,0.394,0.011,-0.011,0.0,0.392,0.015,-0.015,0.0,0.0,,,0.0,[Fe/H],20h55m04.96s,313.7706819,+24d21m39.52s,24.360977,-13.20303,69.534,86.4493,0.4178,-0.4139,11.539,0.0552282,-0.0552282,2023-03-15,2023-03
TOI-5293 A b,TOI-5293 A,2,1,<a refstr=CA_NTILDE_AS_ET_AL__2023 href=https://ui.adsabs.harvard.edu/abs/2023AJ....166...30C/abstract target=ref>Ca&ntilde;as et al. 2023</a>,2.930289,4e-06,-4e-06,0.0,0.034,0.004,-0.003,0.0,11.9,0.4,-0.4,0.0,0.56,0.09,-0.09,0.0,0.38,,,1.0,34.6,8.6,-6.2,0.0,675.0,42.0,-30.0,0.0,0,M3+/-1,3586.0,88.0,-88.0,0.0,0.52,0.02,-0.01,0.0,0.54,0.02,-0.02,0.0,-0.03,0.12,-0.12,0.0,[Fe/H],23h43m18.88s,355.828682,-02d02m42.34s,-2.0450945,-60.07625,87.00512,162.229,1.316,-1.295,6.13575,0.0492247,-0.0492247,2023-07-21,2023-07
TOI-532 b,TOI-532,1,1,<a refstr=KANODIA_ET_AL__2021 href=https://ui.adsabs.harvard.edu/abs/2021AJ....162..135K/abstract target=ref>Kanodia et al. 2021</a>,2.3266508,3e-06,-3e-06,0.0,0.0296,0.00035,-0.00035,0.0,5.82,0.19,-0.19,0.0,1.72,0.31,-0.31,0.0,0.0,,,0.0,94.1,8.0,-8.0,0.0,867.0,18.0,-18.0,0.0,0,,3927.0,37.0,-37.0,0.0,0.612,0.013,-0.012,0.0,0.639,0.023,-0.023,0.0,0.338,0.072,-0.066,0.0,[Fe/H],05h40m19.21s,85.0800537,+11d33m45.49s,11.5626373,-10.06986,194.28568,135.047,0.548,-0.548,7.37607,0.0298233,-0.0298233,2021-08-16,2021-10
TOI-5344 b,TOI-5344,1,1,<a refstr=HAN_ET_AL__2023 href=https://ui.adsabs.harvard.edu/abs/2023arXiv231020634H/abstract target=ref>Han et al. 2023</a>,3.792622,1e-05,-1e-05,0.0,0.04,0.0005,-0.0005,0.0,9.7,0.5,-0.5,0.0,0.8,0.17,-0.15,0.0,0.06,0.07,-0.04,0.0,35.0,3.0,-3.0,0.0,679.0,14.0,-14.0,0.0,0,,3770.0,88.0,-88.0,0.0,0.563,0.016,-0.016,0.0,0.59,0.02,-0.03,0.0,0.48,0.12,-0.12,0.0,[Fe/H],04h13m03.89s,63.2662165,+20d54m54.56s,20.9151568,-21.53476,173.63114,138.367,1.336,-1.311,7.19927,0.068582,-0.068582,2024-02-17,2023-10
TOI-5344 b,TOI-5344,1,1,<a refstr=HARTMAN_ET_AL__2023 href=https://ui.adsabs.harvard.edu/abs/2023AJ....166..163H/abstract target=ref>Hartman et al. 2023</a>,3.792622,6.2e-06,-6.2e-06,0.0,0.04041,0.00075,-0.00075,0.0,10.60369574,0.23538859,-0.23538859,0.0,0.604,0.063,-0.063,0.0,0.054,,,1.0,38.0,3.0,-3.0,0.0,689.0,12.0,-12.0,0.0,0,,3747.0,64.0,-64.0,0.0,0.588,0.011,-0.011,0.0,0.612,0.034,-0.034,0.0,0.425,0.088,-0.088,0.0,[Fe/H],04h13m03.89s,63.2662165,+20d54m54.56s,20.9151568,-21.53476,173.63114,138.367,1.336,-1.311,7.19927,0.068582,-0.068582,2023-11-07,2023-10
TOI-5542 b,TOI-5542,1,1,<a refstr=GRIEVES_ET_AL__2022 href=https://ui.adsabs.harvard.edu/abs/2022arXiv220914830G/abstract target=ref>Grieves et al. 2022</a>,75.12375,0.00019,-0.00018,0.0,0.332,0.016,-0.016,0.0,11.30986153,0.40352331,-0.39231432,0.0,1.6,0.22,-0.19,0.0,0.018,0.026,-0.013,0.0,9.6,1.0,-0.9,0.0,441.0,48.0,-74.0,0.0,0,G3 V,5700.0,80.0,-80.0,0.0,1.058,0.036,-0.036,0.0,0.89,0.056,-0.031,0.0,-0.21,0.08,-0.08,0.0,[Fe/H],20h11m11.62s,302.7984228,-61d08m07.68s,-61.1354659,-33.08256,335.72494,348.849,3.678,-3.604,2.83809,0.0296944,-0.0296944,2022-10-10,2022-09
TOI-561 b,TOI-561,1,4,<a refstr=PIOTTO_ET_AL__2024 href=https://ui.adsabs.harvard.edu/abs/2024MNRAS.535.2763P/abstract target=ref>Piotto et al. 2024</a>,0.4465697,3e-07,-3e-07,0.0,0.01064,0.00016,-0.00016,0.0,1.397,0.027,-0.027,0.0,4.1,0.5,-0.5,0.0,0.0,,,0.0,4709.0,153.0,-153.0,0.0,2319.0,34.0,-34.0,0.0,0,,,,,,0.843,0.005,-0.005,0.0,0.806,0.036,-0.036,0.0,,,,,,09h52m44.44s,148.1851516,+06d12m57.97s,6.216103,42.72934,230.84909,85.799,0.4988,-0.4932,11.6268,0.0668703,-0.0668703,2025-02-24,2024-12
TOI-561 b,TOI-561,1,4,<a refstr=LACEDELLI_ET_AL__2022 href=https://ui.adsabs.harvard.edu/abs/2022MNRAS.511.4551L/abstract target=ref>Lacedelli et al. 2022</a>,0.4465688,7e-07,-8e-07,0.0,0.0106,0.0001,-0.0001,0.0,1.425,0.037,-0.037,0.0,3.8,0.5,-0.5,0.0,0.0,,,0.0,4745.0,269.0,-269.0,0.0,2310.0,33.0,-33.0,0.0,0,G9 V,5372.0,70.0,-70.0,0.0,0.843,0.005,-0.005,0.0,0.806,0.036,-0.036,0.0,-0.4,0.05,-0.05,0.0,[Fe/H],09h52m44.44s,148.1851516,+06d12m57.97s,6.216103,42.72934,230.84909,85.799,0.4988,-0.4932,11.6268,0.0668703,-0.0668703,2023-03-15,2022-04
TOI-561 c,TOI-561,1,4,<a refstr=LACEDELLI_ET_AL__2022 href=https://ui.adsabs.harvard.edu/abs/2022MNRAS.511.4551L/abstract target=ref>Lacedelli et al. 2022</a>,10.778831,3.4e-05,-3.6e-05,0.0,0.0884,0.0009,-0.0009,0.0,2.91,0.04,-0.04,0.0,1.2,0.2,-0.2,0.0,0.03,0.035,-0.021,0.0,68.2,3.9,-3.9,0.0,800.0,11.0,-11.0,0.0,0,G9 V,5372.0,70.0,-70.0,0.0,0.843,0.005,-0.005,0.0,0.806,0.036,-0.036,0.0,-0.4,0.05,-0.05,0.0,[Fe/H],09h52m44.44s,148.1851516,+06d12m57.97s,6.216103,42.72934,230.84909,85.799,0.4988,-0.4932,11.6268,0.0668703,-0.0668703,2023-03-15,2022-04
TOI-561 c,TOI-561,1,4,<a refstr=PIOTTO_ET_AL__2024 href=https://ui.adsabs.harvard.edu/abs/2024MNRAS.535.2763P/abstract target=ref>Piotto et al. 2024</a>,10.778838,1.8e-05,-1.8e-05,0.0,0.0889,0.0013,-0.0013,0.0,2.865,0.041,-0.041,0.0,1.3,0.2,-0.2,0.0,0.023,0.034,-0.017,0.0,67.5,2.2,-2.2,0.0,802.0,12.0,-12.0,0.0,0,,,,,,0.843,0.005,-0.005,0.0,0.806,0.036,-0.036,0.0,,,,,,09h52m44.44s,148.1851516,+06d12m57.97s,6.216103,42.72934,230.84909,85.799,0.4988,-0.4932,11.6268,0.0668703,-0.0668703,2025-02-24,2024-12
TOI-561 d,TOI-561,1,4,<a refstr=PIOTTO_ET_AL__2024 href=https://ui.adsabs.harvard.edu/abs/2024MNRAS.535.2763P/abstract target=ref>Piotto et al. 2024</a>,25.71268,0.00012,-0.00012,0.0,0.1587,0.0024,-0.0024,0.0,2.615,0.059,-0.059,0.0,4.1,0.4,-0.4,0.0,0.111,0.05,-0.039,0.0,21.2,0.7,-0.7,0.0,600.0,9.0,-9.0,0.0,0,,,,,,0.843,0.005,-0.005,0.0,0.806,0.036,-0.036,0.0,,,,,,09h52m44.44s,148.1851516,+06d12m57.97s,6.216103,42.72934,230.84909,85.799,0.4988,-0.4932,11.6268,0.0668703,-0.0668703,2025-02-24,2024-12
TOI-561 d,TOI-561,1,4,<a refstr=LACEDELLI_ET_AL__2022 href=https://ui.adsabs.harvard.edu/abs/2022MNRAS.511.4551L/abstract target=ref>Lacedelli et al. 2022</a>,25.7124,0.0001,-0.0002,0.0,0.158,0.002,-0.002,0.0,2.82,0.07,-0.07,0.0,3.2,0.3,-0.3,0.0,0.122,0.054,-0.048,0.0,21.4,1.3,-1.3,0.0,598.0,9.0,-9.0,0.0,0,G9 V,5372.0,70.0,-70.0,0.0,0.843,0.005,-0.005,0.0,0.806,0.036,-0.036,0.0,-0.4,0.05,-0.05,0.0,[Fe/H],09h52m44.44s,148.1851516,+06d12m57.97s,6.216103,42.72934,230.84909,85.799,0.4988,-0.4932,11.6268,0.0668703,-0.0668703,2023-03-15,2022-04
TOI-561 e,TOI-561,1,4,<a refstr=PIOTTO_ET_AL__2024 href=https://ui.adsabs.harvard.edu/abs/2024MNRAS.535.2763P/abstract target=ref>Piotto et al. 2024</a>,77.144,0.00027,-0.00027,0.0,0.33,0.005,-0.005,0.0,2.517,0.045,-0.045,0.0,4.3,0.5,-0.5,0.0,0.074,0.044,-0.039,0.0,4.89,0.16,-0.16,0.0,416.0,6.0,-6.0,0.0,0,,,,,,0.843,0.005,-0.005,0.0,0.806,0.036,-0.036,0.0,,,,,,09h52m44.44s,148.1851516,+06d12m57.97s,6.216103,42.72934,230.84909,85.799,0.4988,-0.4932,11.6268,0.0668703,-0.0668703,2025-02-24,2024-12
TOI-561 e,TOI-561,1,4,<a refstr=LACEDELLI_ET_AL__2022 href=https://ui.adsabs.harvard.edu/abs/2022MNRAS.511.4551L/abstract target=ref>Lacedelli et al. 2022</a>,77.03,0.25,-0.24,0.0,0.328,0.003,-0.003,0.0,2.55,0.12,-0.13,0.0,4.2,0.8,-0.8,0.0,0.079,0.058,-0.05,0.0,4.96,0.28,-0.28,0.0,415.0,6.0,-6.0,0.0,0,G9 V,5372.0,70.0,-70.0,0.0,0.843,0.005,-0.005,0.0,0.806,0.036,-0.036,0.0,-0.4,0.05,-0.05,0.0,[Fe/H],09h52m44.44s,148.1851516,+06d12m57.97s,6.216103,42.72934,230.84909,85.799,0.4988,-0.4932,11.6268,0.0668703,-0.0668703,2023-03-15,2022-04
TOI-564 b,TOI-564,1,1,<a refstr=DAVIS_ET_AL__2020 href=https://ui.adsabs.harvard.edu/abs/2020AJ....160..229D/abstract target=ref>Davis et al. 2020</a>,1.651144,1.8e-05,-1.8e-05,0.0,0.02734,0.00061,-0.00053,0.0,11.43318,7.95839,-3.25061,0.0,1.7,3.1,-1.4,0.0,0.072,0.083,-0.05,0.0,1423.0,73.0,-81.0,0.0,1714.0,20.0,-21.0,0.0,0,,5640.0,34.0,-37.0,0.0,1.088,0.014,-0.014,0.0,0.998,0.068,-0.057,0.0,0.143,0.076,-0.078,0.0,[Fe/H],08h41m10.84s,130.2951535,-16d02m10.78s,-16.0363275,15.55381,240.62906,199.581,1.27,-1.253,4.98182,0.0314323,-0.0314323,2021-02-08,2020-11
TOI-5688 A b,TOI-5688 A,2,1,<a refstr=REJI_ET_AL__2024 href=https://ui.adsabs.harvard.edu/abs/2024arXiv240901371R/abstract target=ref>Reji et al. 2024</a>,2.94815527,4.52e-06,-4.48e-06,0.0,0.03379,0.00046,-0.00045,0.0,10.3,0.6,-0.7,0.0,0.61,0.2,-0.15,0.0,0.128,0.078,-0.077,0.0,50.3,5.0,-5.0,0.0,742.0,18.0,-18.0,0.0,0,,3713.0,59.0,-59.0,0.0,0.57,0.02,-0.02,0.0,0.6,0.02,-0.02,0.0,0.47,0.16,-0.16,0.0,[Fe/H],17h47m41.54s,266.9231001,+47d42m18.17s,47.7050486,30.11458,74.50988,226.318,2.005,-1.971,4.39012,0.0385283,-0.0385283,2025-01-09,2024-09
TOI-6016 b,TOI-6016,1,1,<a refstr=EHRHARDT_ET_AL__2024 href=https://ui.adsabs.harvard.edu/abs/2024A&A...692A.220E/abstract target=ref>Ehrhardt et al. 2024</a>,4.023687,3e-06,-3e-06,0.0,0.055,0.002,-0.002,0.0,13.67495645,0.33626942,-0.33626942,0.0,0.81,0.08,-0.08,0.0,0.0,,,0.0,940.0,50.0,-50.0,0.0,1890.0,40.0,-40.0,0.0,0,F,6110.0,50.0,-50.0,0.0,1.51,0.03,-0.03,0.0,1.31,0.08,-0.08,0.0,0.28,0.06,-0.06,0.0,[Fe/H],00h18m05.75s,4.5239602,+59d45m58.31s,59.7661983,-2.83394,118.74068,364.715,3.647,-3.577,2.7133,0.0269469,-0.0269469,2025-01-22,2024-12
TOI-6034 b,TOI-6034,2,1,<a refstr=KANODIA_ET_AL__2024 href=https://ui.adsabs.harvard.edu/abs/2024arXiv240814694K/abstract target=ref>Kanodia et al. 2024</a>,2.576184,2e-06,-2e-06,0.0,0.02949,0.00043,-0.00044,0.0,11.92,0.48,-0.48,0.0,0.82,0.14,-0.12,0.0,0.04,0.042,-0.028,0.0,43.0,5.0,-5.0,0.0,714.0,21.0,-21.0,0.0,0,,3635.0,88.0,-88.0,0.0,0.489,0.015,-0.014,0.0,0.514,0.025,-0.022,0.0,-0.09,0.12,-0.12,0.0,[Fe/H],21h11m36.03s,317.9001392,+68d24m07.47s,68.4020762,13.64333,104.86527,117.992,0.375,-0.373,8.44634,0.026669,-0.026669,2024-09-03,2024-08
TOI-6038 A b,TOI-6038 A,2,1,<a refstr=BALIWAL_ET_AL__2025 href=https://ui.adsabs.harvard.edu/abs/2025arXiv250102272B/abstract target=ref>Baliwal et al. 2025</a>,5.8267311,7.4e-06,-6.8e-06,0.0,0.069,0.0012,-0.0011,0.0,6.41,0.2,-0.16,0.0,1.62,0.23,-0.24,0.0,,,,,716.0,51.0,-47.0,0.0,1439.0,25.0,-24.0,0.0,0,,6110.0,100.0,-100.0,0.0,1.648,0.045,-0.035,0.0,1.291,0.066,-0.06,0.0,0.124,0.079,-0.077,0.0,[Fe/H],03h26m37.74s,51.6572691,+40d49m02.17s,40.8172704,-13.11341,152.06806,179.147,1.448,-1.426,5.55363,0.044448,-0.044448,2025-01-22,2025-01
TOI-6130 b,TOI-6130,1,1,<a refstr=EHRHARDT_ET_AL__2024 href=https://ui.adsabs.harvard.edu/abs/2024A&A...692A.220E/abstract target=ref>Ehrhardt et al. 2024</a>,2.392679,2e-06,-2e-06,0.0,0.036,0.002,-0.002,0.0,14.3474953,0.33626942,-0.33626942,0.0,0.64,0.06,-0.06,0.0,0.036,0.018,-0.018,0.0,1150.0,80.0,-80.0,0.0,1750.0,40.0,-40.0,0.0,0,F,6110.0,50.0,-50.0,0.0,1.51,0.03,-0.03,0.0,1.31,0.08,-0.08,0.0,0.28,0.06,-0.06,0.0,[Fe/H],22h36m49.22s,339.2050832,+16d49m37.90s,16.8271941,-35.24688,82.42579,220.882,2.637,-2.576,4.49927,0.0530223,-0.0530223,2025-01-22,2024-12
TOI-615 b,TOI-615,1,1,<a refstr=PSARIDI_ET_AL__2023 href=https://ui.adsabs.harvard.edu/abs/2023A&A...675A..39P/abstract target=ref>Psaridi et al. 2023</a>,4.6615983,2.5e-06,-1.6e-06,0.0,0.0678,0.0031,-0.0026,0.0,18.97680433,0.582867,-0.6389119,0.0,0.084,0.018,-0.018,0.0,0.39,,,1.0,1286.0,96.0,-154.0,0.0,1666.0,24.0,-24.0,0.0,0,F2 V,6850.0,100.0,-100.0,0.0,1.732,0.055,-0.055,0.0,1.449,0.087,-0.087,0.0,-0.1,0.07,-0.07,0.0,[Fe/H],08h53m38.09s,133.4086892,-40d32m37.32s,-40.543701,2.71409,261.99981,360.408,3.993,-3.909,2.74617,0.0301844,-0.0301844,2023-07-26,2023-07
TOI-622 b,TOI-622,1,1,<a refstr=PSARIDI_ET_AL__2023 href=https://ui.adsabs.harvard.edu/abs/2023A&A...675A..39P/abstract target=ref>Psaridi et al. 2023</a>,6.402513,3.1e-05,-5.4e-05,0.0,0.0708,0.0052,-0.0059,0.0,9.2362001,0.31385146,-0.32506044,0.0,0.507,0.126,-0.126,0.0,0.42,,,1.0,602.0,103.0,-118.0,0.0,1388.0,22.0,-22.0,0.0,0,F6 V,6400.0,100.0,-100.0,0.0,1.415,0.047,-0.047,0.0,1.313,0.079,-0.079,0.0,0.09,0.07,-0.07,0.0,[Fe/H],08h21m13.21s,125.3050544,-46d29m03.47s,-46.4842959,-5.54922,263.18581,123.297,0.471,-0.467,8.08171,0.0306011,-0.0306011,2023-07-25,2023-07
TOI-6383 A b,TOI-6383 A,2,1,<a refstr=BERNAB_AMP_OGRAVE__ET_AL__2024 href=https://ui.adsabs.harvard.edu/abs/2024AJ....168..273B/abstract target=ref>Bernab&ograve; et al. 2024</a>,1.79058695,8.7e-07,-8.6e-07,0.0,0.02292,0.00037,-0.00037,0.0,11.29,0.41,-0.37,0.0,1.26,0.18,-0.17,0.0,0.05,0.042,-0.033,0.0,51.3,6.3,-6.3,0.0,745.0,23.0,-23.0,0.0,0,M3,3444.0,88.0,-88.0,0.0,0.457,0.019,-0.019,0.0,0.458,0.011,-0.011,0.0,,,,,,04h01m41.93s,60.4246951,+60d53m28.92s,60.8913677,6.09973,144.09842,171.319,1.333,-1.313,5.80871,0.0447304,-0.0447304,2025-01-09,2024-12
TOI-663 b,TOI-663,1,3,<a refstr=COINTEPAS_ET_AL__2024 href=https://ui.adsabs.harvard.edu/abs/2024A&A...685A..19C/abstract target=ref>Cointepas et al. 2024</a>,2.598902,3.2e-06,-3e-06,0.0,0.0295,0.0011,-0.0011,0.0,2.27,0.1,-0.09,0.0,2.07,0.42,-0.38,0.0,,,,,49.1,9.3,-8.1,0.0,674.0,30.0,-30.0,0.0,0,M1 V,3681.0,70.0,-70.0,0.0,0.512,0.015,-0.015,0.0,0.514,0.012,-0.012,0.0,0.07,0.12,-0.12,0.0,[Fe/H],10h40m15.80s,160.0658525,-08d30m39.90s,-8.5110827,42.25433,256.57213,64.2308,0.1799,-0.1799,15.5401,0.0432807,-0.0432807,2024-06-25,2024-05
TOI-663 c,TOI-663,1,3,<a refstr=COINTEPAS_ET_AL__2024 href=https://ui.adsabs.harvard.edu/abs/2024A&A...685A..19C/abstract target=ref>Cointepas et al. 2024</a>,4.6955507,9.5e-06,-9.4e-06,0.0,0.0437,0.0016,-0.0016,0.0,2.26,0.1,-0.1,0.0,1.73,0.54,-0.49,0.0,,,,,22.3,4.2,-3.7,0.0,553.0,24.0,-24.0,0.0,0,M1 V,3681.0,70.0,-70.0,0.0,0.512,0.015,-0.015,0.0,0.514,0.012,-0.012,0.0,0.07,0.12,-0.12,0.0,[Fe/H],10h40m15.80s,160.0658525,-08d30m39.90s,-8.5110827,42.25433,256.57213,64.2308,0.1799,-0.1799,15.5401,0.0432807,-0.0432807,2024-06-25,2024-05
TOI-663 d,TOI-663,1,3,<a refstr=COINTEPAS_ET_AL__2024 href=https://ui.adsabs.harvard.edu/abs/2024A&A...685A..19C/abstract target=ref>Cointepas et al. 2024</a>,7.1027268,2.97e-05,-2.79e-05,0.0,0.0576,0.0021,-0.0022,0.0,1.92,0.13,-0.13,0.0,4.0,,,1.0,,,,,12.9,2.4,-2.1,0.0,482.0,21.0,-21.0,0.0,0,M1 V,3681.0,70.0,-70.0,0.0,0.512,0.015,-0.015,0.0,0.514,0.012,-0.012,0.0,0.07,0.12,-0.12,0.0,[Fe/H],10h40m15.80s,160.0658525,-08d30m39.90s,-8.5110827,42.25433,256.57213,64.2308,0.1799,-0.1799,15.5401,0.0432807,-0.0432807,2024-06-25,2024-05
TOI-6651 b,TOI-6651,1,1,<a refstr=BALIWAL_ET_AL__2024 href=https://ui.adsabs.harvard.edu/abs/2024A&A...691A..12B/abstract target=ref>Baliwal et al. 2024</a>,5.056973,1.6e-05,-1.8e-05,0.0,0.0633,0.00078,-0.00072,0.0,5.09,0.27,-0.26,0.0,2.52,0.52,-0.44,0.0,0.091,0.096,-0.062,0.0,817.0,35.0,-37.0,0.0,1493.0,14.0,-15.0,0.0,0,,5940.0,110.0,-110.0,0.0,1.721,0.065,-0.062,0.0,1.323,0.05,-0.045,0.0,0.225,0.044,-0.045,0.0,[Fe/H],01h03m09.26s,15.7885904,+35d23m20.55s,35.3890405,-27.4215,125.62193,212.128,2.568,-2.508,4.68614,0.0559725,-0.0559725,2024-11-20,2024-11
TOI-669 b,TOI-669,1,1,<a refstr=AKANA_MURPHY_ET_AL__2023 href=https://ui.adsabs.harvard.edu/abs/2023AJ....166..153A/abstract target=ref>Akana Murphy et al. 2023</a>,3.94515,2e-05,-2e-05,0.0,0.047,0.001,-0.001,0.0,2.6,0.17,-0.17,0.0,3.0,0.7,-0.7,0.0,0.23,,,1.0,388.2,47.1,-47.1,0.0,1235.0,37.0,-37.0,0.0,0,,5600.0,110.0,-110.0,0.0,0.99,0.04,-0.04,0.0,0.9,0.06,-0.06,0.0,-0.06,0.09,-0.09,0.0,[Fe/H],10h35m36.17s,158.9007013,-05d10m52.94s,-5.1813735,43.94724,252.33673,142.867,0.855,-0.846,6.97093,0.041351,-0.041351,2024-07-12,2023-10
TOI-674 b,TOI-674,1,1,<a refstr=MURGAS_ET_AL__2021 href=https://ui.adsabs.harvard.edu/abs/2021A&A...653A..60M/abstract target=ref>Murgas et al. 2021</a>,1.977143,3e-06,-3e-06,0.0,0.025,0.0008,-0.0008,0.0,5.25,0.17,-0.17,0.0,0.91,0.15,-0.15,0.0,0.0,,,0.0,38.4,0.1,-0.1,0.0,635.0,15.0,-15.0,0.0,0,M2 V,3514.0,57.0,-57.0,0.0,0.42,0.013,-0.013,0.0,0.42,0.01,-0.01,0.0,0.17,0.12,-0.12,0.0,[Fe/H],10h58m20.77s,164.5865592,-36d51m29.19s,-36.8581092,20.70965,279.02972,46.0851,0.1159,-0.1153,21.6702,0.0540145,-0.0540145,2021-07-12,2021-09
TOI-733 b,TOI-733,1,1,<a refstr=GEORGIEVA_ET_AL__2023 href=https://ui.adsabs.harvard.edu/abs/2023arXiv230406655G/abstract target=ref>Georgieva et al. 2023</a>,4.884765,1.9e-05,-2.4e-05,0.0,0.0618,0.0036,-0.0039,0.0,1.992,0.085,-0.09,0.0,3.98,0.77,-0.66,0.0,0.046,0.056,-0.033,0.0,207.1,29.9,-23.5,0.0,1055.8,36.2,-31.3,0.0,0,G,5585.0,60.0,-60.0,0.0,0.949,0.008,-0.012,0.0,0.956,0.05,-0.026,0.0,-0.04,0.05,-0.05,0.0,[Fe/H],10h37m38.24s,159.4093183,-40d53m17.73s,-40.888259,15.24205,277.34362,75.2092,0.1764,-0.1756,13.2674,0.030881,-0.030881,2023-04-17,2023-04
TOI-771 b,TOI-771,1,2,<a refstr=LACEDELLI_ET_AL__2025 href=https://ui.adsabs.harvard.edu/abs/2025arXiv250418223L/abstract target=ref>Lacedelli et al. 2025</a>,2.3260155,1e-06,-9e-07,0.0,0.0208,0.0009,-0.001,0.0,1.36,0.1,-0.1,0.0,5.4,1.4,-1.4,0.0,0.055,0.047,-0.036,0.0,14.0,4.0,-3.0,0.0,543.0,28.0,-34.0,0.0,0,M3,3370.0,100.0,-100.0,0.0,0.232,0.017,-0.023,0.0,0.22,0.03,-0.035,0.0,-0.13,0.07,-0.07,0.0,[Fe/H],10h56m27.33s,164.1138903,-72d59m06.62s,-72.9851736,-11.9871,294.66043,25.2788,0.0257,-0.0257,39.53,0.0399344,-0.0399344,2025-05-05,2025-04
TOI-776 b,TOI-776,1,2,<a refstr=LUQUE_ET_AL__2021 href=https://ui.adsabs.harvard.edu/abs/2021A&A...645A..41L/abstract target=ref>Luque et al. 2021</a>,8.24661,5e-05,-4e-05,0.0,0.0652,0.0015,-0.0015,0.0,1.85,0.13,-0.13,0.0,3.4,1.1,-0.9,0.0,0.06,0.03,-0.02,0.0,11.5,0.6,-0.6,0.0,514.0,17.0,-17.0,0.0,0,M1 V,3709.0,70.0,-70.0,0.0,0.538,0.024,-0.024,0.0,0.544,0.028,-0.028,0.0,-0.2,0.12,-0.12,0.0,[Fe/H],11h54m18.72s,178.577997,-37d33m12.08s,-37.5533568,23.94395,290.576,27.1701,0.03205,-0.03205,36.7762,0.0430809,-0.0430809,2021-01-04,2021-01
TOI-776 c,TOI-776,1,2,<a refstr=LUQUE_ET_AL__2021 href=https://ui.adsabs.harvard.edu/abs/2021A&A...645A..41L/abstract target=ref>Luque et al. 2021</a>,15.6653,0.0004,-0.0003,0.0,0.1,0.0024,-0.0024,0.0,2.02,0.14,-0.14,0.0,3.5,1.4,-1.3,0.0,0.04,0.02,-0.01,0.0,4.9,0.2,-0.2,0.0,415.0,14.0,-14.0,0.0,0,M1 V,3709.0,70.0,-70.0,0.0,0.538,0.024,-0.024,0.0,0.544,0.028,-0.028,0.0,-0.2,0.12,-0.12,0.0,[Fe/H],11h54m18.72s,178.577997,-37d33m12.08s,-37.5533568,23.94395,290.576,27.1701,0.03205,-0.03205,36.7762,0.0430809,-0.0430809,2021-01-04,2021-01
TOI-782 b,TOI-782,1,1,<a refstr=HORI_ET_AL__2024 href=https://ui.adsabs.harvard.edu/abs/2024arXiv240512637H/abstract target=ref>Hori et al. 2024</a>,8.0240015,7.7e-06,-7.2e-06,0.0,0.0578,0.0018,-0.0018,0.0,2.734,0.085,-0.085,0.0,7.99,0.54,-0.54,0.0,0.19,0.09,-0.11,0.0,5.91,0.35,-0.33,0.0,435.0,6.0,-6.0,0.0,0,,3370.0,29.0,-32.0,0.0,0.413,0.008,-0.008,0.0,0.397,0.01,-0.01,0.0,0.34,0.15,-0.15,0.0,[Fe/H],12h15m40.89s,183.9203614,-18d54m37.22s,-18.9103377,43.15288,291.30742,52.5122,0.2044,-0.2028,19.0147,0.0732826,-0.0732826,2024-06-10,2024-06
TOI-815 b,TOI-815,2,2,<a refstr=PSARIDI_ET_AL__2024 href=https://ui.adsabs.harvard.edu/abs/2024A&A...685A...5P/abstract target=ref>Psaridi et al. 2024</a>,11.197259,1.8e-05,-1.7e-05,0.0,0.0903,0.0018,-0.0019,0.0,2.94,0.05,-0.05,0.0,1.64,0.33,-0.31,0.0,0.2,,,1.0,36.9,2.9,-2.9,0.0,686.0,13.0,-14.0,0.0,0,K3 V,4869.0,77.0,-77.0,0.0,0.77,0.009,-0.009,0.0,0.776,0.036,-0.036,0.0,-0.09,0.05,-0.05,0.0,[Fe/H],10h23m29.27s,155.8719377,-43d50m05.73s,-43.8349248,11.36084,276.65818,59.7117,0.1295,-0.1291,16.7183,0.0359962,-0.0359962,2024-05-13,2024-05
TOI-815 c,TOI-815,2,2,<a refstr=PSARIDI_ET_AL__2024 href=https://ui.adsabs.harvard.edu/abs/2024A&A...685A...5P/abstract target=ref>Psaridi et al. 2024</a>,34.976145,9.9e-05,-9.7e-05,0.0,0.193,0.004,-0.004,0.0,2.62,0.1,-0.09,0.0,7.2,1.1,-1.0,0.0,0.22,,,1.0,8.03,0.64,-0.64,0.0,469.0,9.0,-9.0,0.0,0,K3 V,4869.0,77.0,-77.0,0.0,0.77,0.009,-0.009,0.0,0.776,0.036,-0.036,0.0,-0.09,0.05,-0.05,0.0,[Fe/H],10h23m29.27s,155.8719377,-43d50m05.73s,-43.8349248,11.36084,276.65818,59.7117,0.1295,-0.1291,16.7183,0.0359962,-0.0359962,2024-05-13,2024-05
TOI-824 b,TOI-824,1,1,<a refstr=BURT_ET_AL__2020 href=https://ui.adsabs.harvard.edu/abs/2020AJ....160..153B/abstract target=ref>Burt et al. 2020</a>,1.392978,1.8e-05,-1.7e-05,0.0,0.02177,0.00032,-0.00032,0.0,2.926,0.202,-0.191,0.0,4.03,0.98,-0.78,0.0,,,,,412.0,51.0,-46.0,0.0,1253.0,38.0,-37.0,0.0,0,K4 V,4600.0,110.0,-100.0,0.0,0.695,0.027,-0.027,0.0,0.71,0.032,-0.031,0.0,-0.092,0.076,-0.077,0.0,[Fe/H],14h48m39.71s,222.1654705,-57d35m19.92s,-57.5888666,1.77774,318.14918,63.9262,0.1435,-0.1428,15.6142,0.0347774,-0.0347774,2020-09-17,2020-10
TOI-836 b,TOI-836,1,2,<a refstr=HAWTHORN_ET_AL__2023 href=https://ui.adsabs.harvard.edu/abs/2023MNRAS.tmp..458H/abstract target=ref>Hawthorn et al. 2023</a>,3.81673,1e-05,-1e-05,0.0,0.0422,0.00093,-0.00093,0.0,1.704,0.067,-0.067,0.0,5.02,0.36,-0.44,0.0,0.053,0.042,-0.042,0.0,78.838,0.015,-0.015,0.0,871.0,36.0,-36.0,0.0,0,K V,4552.0,154.0,-154.0,0.0,0.665,0.01,-0.01,0.0,0.678,0.049,-0.041,0.0,-0.284,0.067,-0.067,0.0,[Fe/H],15h00m19.17s,225.0798831,-24d27m15.13s,-24.4542022,29.77712,336.931,27.5024,0.0294,-0.0293,36.3316,0.0385291,-0.0385291,2023-02-25,2023-02
TOI-836 c,TOI-836,1,2,<a refstr=HAWTHORN_ET_AL__2023 href=https://ui.adsabs.harvard.edu/abs/2023MNRAS.tmp..458H/abstract target=ref>Hawthorn et al. 2023</a>,8.59545,1e-05,-1e-05,0.0,0.075,0.0016,-0.0016,0.0,2.587,0.088,-0.088,0.0,3.06,0.48,-0.54,0.0,0.078,0.056,-0.056,0.0,26.707,0.003,-0.003,0.0,665.0,27.0,-27.0,0.0,1,K V,4552.0,154.0,-154.0,0.0,0.665,0.01,-0.01,0.0,0.678,0.049,-0.041,0.0,-0.284,0.067,-0.067,0.0,[Fe/H],15h00m19.17s,225.0798831,-24d27m15.13s,-24.4542022,29.77712,336.931,27.5024,0.0294,-0.0293,36.3316,0.0385291,-0.0385291,2023-02-25,2023-02
TOI-837 b,TOI-837,1,1,<a refstr=BARRAG_AACUTE_N_ET_AL__2024 href=https://ui.adsabs.harvard.edu/abs/2024MNRAS.531.4275B/abstract target=ref>Barrag&aacute;n et al. 2024</a>,8.3249113,3.6e-06,-3.6e-06,0.0,0.0888,0.0026,-0.0029,0.0,9.16894621,0.38110534,-0.26901554,0.0,0.89,0.2,-0.18,0.0,,,,,164.0,14.0,-12.0,0.0,995.3,20.4,-19.1,0.0,0,F9/G0,5995.0,79.0,-79.0,0.0,1.052,0.012,-0.007,0.0,1.142,0.008,-0.011,0.0,0.01,0.04,-0.04,0.0,[Fe/H],10h28m08.95s,157.0372806,-64d30m18.76s,-64.5052107,-5.79499,288.26426,142.488,0.461,-0.458,6.98927,0.0224855,-0.0224855,2024-08-07,2024-07
TOI-858 B b,TOI-858 B,2,1,<a refstr=HAGELBERG_ET_AL__2023 href=https://ui.adsabs.harvard.edu/abs/2023A&A...679A..70H/abstract target=ref>Hagelberg et al. 2023</a>,3.2797178,1.4e-06,-1.4e-06,0.0,0.04435,0.001,-0.00098,0.0,14.06727078,0.43715025,-0.43715025,0.0,0.69,0.087,-0.073,0.0,0.15,,,1.0,908.9,55.8,-52.9,0.0,1529.0,23.0,-22.0,0.0,0,G0,5842.0,84.0,-79.0,0.0,1.308,0.037,-0.038,0.0,1.081,0.076,-0.07,0.0,0.153,0.091,-0.091,0.0,[Fe/H],04h00m47.96s,60.1998256,-54d35m34.50s,-54.5929177,-46.1432,264.98368,250.489,1.518,-1.5,3.9634,0.0238675,-0.0238675,2025-04-07,2023-11
TOI-905 b,TOI-905,1,1,<a refstr=DAVIS_ET_AL__2020 href=https://ui.adsabs.harvard.edu/abs/2020AJ....160..229D/abstract target=ref>Davis et al. 2020</a>,3.739494,3.8e-05,-3.8e-05,0.0,0.04666,0.00096,-0.0011,0.0,13.125739,0.594077,-0.571659,0.0,0.515,0.063,-0.057,0.0,0.024,0.025,-0.017,0.0,337.0,46.0,-38.0,0.0,1192.0,39.0,-36.0,0.0,0,,5570.0,150.0,-140.0,0.0,0.918,0.038,-0.036,0.0,0.968,0.061,-0.068,0.0,0.14,0.22,-0.18,0.0,[Fe/H],15h10m38.08s,227.6586754,-71d21m41.87s,-71.3616316,-11.44948,313.65698,158.649,0.725,-0.718,6.27445,0.0284693,-0.0284693,2021-02-08,2020-11
TOI-908 b,TOI-908,1,1,<a refstr=HAWTHORN_ET_AL__2023 href=https://ui.adsabs.harvard.edu/abs/2023MNRAS.tmp.1796H/abstract target=ref>Hawthorn et al. 2023</a>,3.183792,7e-06,-7e-06,0.0,0.041657,2e-06,-2e-06,0.0,3.186,0.155,-0.155,0.0,2.742,0.241,-0.353,0.0,0.132,0.091,-0.091,0.0,80.884,0.006,-0.006,0.0,1317.0,38.0,-38.0,0.0,0,G V,5626.0,61.0,-61.0,0.0,1.028,0.03,-0.03,0.0,0.95,0.01,-0.01,0.0,0.08,0.04,-0.04,0.0,[Fe/H],03h32m38.26s,53.1594266,-81d15m02.68s,-81.250745,-33.63672,296.14549,175.748,0.638,-0.634,5.66109,0.0204472,-0.0204472,2023-07-10,2023-06
TOI-954 b,TOI-954,1,1,<a refstr=SHA_ET_AL__2021 href=https://ui.adsabs.harvard.edu/abs/2021AJ....161...82S/abstract target=ref>Sha et al. 2021</a>,3.6849729,2.7e-06,-2.8e-06,0.0,0.04963,0.00089,-0.0009,0.0,9.550068,0.594077,-0.694958,0.0,0.35,0.1,-0.07,0.0,0.14,0.18,-0.11,0.0,1393.0,66.0,-62.0,0.0,1526.0,123.0,-164.0,0.0,0,,5710.0,53.0,-49.0,0.0,1.892,0.077,-0.076,0.0,1.201,0.066,-0.064,0.0,0.215,0.05,-0.051,0.0,[Fe/H],04h07m45.85s,61.9410587,-25d12m31.69s,-25.2088028,-46.1886,221.97775,238.768,1.905,-1.875,4.15951,0.0329002,-0.0329002,2020-11-13,2021-02
TOI-969 b,TOI-969,1,2,<a refstr=LILLO_BOX_ET_AL__2022 href=https://ui.adsabs.harvard.edu/abs/2022arXiv221008996L/abstract target=ref>Lillo-Box et al. 2022</a>,1.8237305,2e-06,-2.1e-06,0.0,0.02636,0.00017,-0.00017,0.0,2.765,0.088,-0.097,0.0,2.34,0.39,-0.34,0.0,,,,,188.0,26.0,-24.0,0.0,941.0,31.0,-31.0,0.0,0,K V,4435.0,80.0,-80.0,0.0,0.671,0.015,-0.015,0.0,0.734,0.014,-0.014,0.0,0.175,0.019,-0.019,0.0,[Fe/H],07h40m32.80s,115.1366858,+02d05m54.92s,2.0985879,11.87747,216.69969,77.2554,0.3267,-0.324,12.9155,0.0541005,-0.0541005,2022-10-31,2022-10
WASP-102 b,WASP-102,1,1,<a refstr=SCHANCHE_ET_AL__2025 href=https://ui.adsabs.harvard.edu/abs/2025arXiv250408091S/abstract target=ref>Schanche et al. 2025</a>,2.709813,3e-07,-3e-07,0.0,0.041,0.001,-0.001,0.0,14.90794433,0.56044903,-0.56044903,0.0,0.32,0.08,-0.08,0.0,0.0,,,0.0,1293.0,155.0,-155.0,0.0,1671.0,65.0,-65.0,0.0,0,,5990.0,100.0,-100.0,0.0,1.375,0.048,-0.048,0.0,1.08,0.07,-0.07,0.0,-0.2,0.3,-0.3,0.0,[Fe/H],22h25m51.43s,336.4643016,+15d51m23.90s,15.8566392,-34.37046,79.18241,535.689,16.068,-15.173,1.83929,0.0539851,-0.0539851,2025-04-21,2025-04
WASP-116 b,WASP-116,1,1,<a refstr=SCHANCHE_ET_AL__2025 href=https://ui.adsabs.harvard.edu/abs/2025arXiv250408091S/abstract target=ref>Schanche et al. 2025</a>,6.6132,2e-06,-2e-06,0.0,0.065,0.003,-0.003,0.0,13.67495645,0.67253884,-0.67253884,0.0,0.43,0.12,-0.12,0.0,0.0,,,0.0,663.0,100.0,-100.0,0.0,1414.0,70.0,-70.0,0.0,0,,6250.0,125.0,-125.0,0.0,1.426,0.064,-0.064,0.0,1.25,0.08,-0.08,0.0,0.0,0.3,-0.3,0.0,[Fe/H],02h20m51.78s,35.2157609,-01d49m33.75s,-1.8260419,-56.84619,166.97141,559.243,16.108,-15.246,1.7596,0.0497405,-0.0497405,2025-04-21,2025-04
WASP-132 b,WASP-132,1,3,<a refstr=GRIEVES_ET_AL__2025 href=https://ui.adsabs.harvard.edu/abs/2025A&A...693A.144G/abstract target=ref>Grieves et al. 2025</a>,7.1335164,1.9e-06,-1.9e-06,0.0,0.0674,0.0029,-0.0029,0.0,10.09929161,0.42594127,-0.42594127,0.0,0.73,0.1,-0.09,0.0,0.0163,0.0067,-0.0069,0.0,58.5,5.3,-4.7,0.0,682.0,75.0,-114.0,0.0,0,K4 V,4686.0,99.0,-99.0,0.0,0.758,0.032,-0.032,0.0,0.789,0.039,-0.039,0.0,0.15,0.05,-0.05,0.0,[Fe/H],14h30m26.21s,217.6091998,-46d09m34.26s,-46.159516,13.35247,320.27182,122.91,0.568,-0.562,8.10734,0.0371024,-0.0371024,2025-01-29,2025-01
WASP-132 c,WASP-132,1,3,<a refstr=GRIEVES_ET_AL__2025 href=https://ui.adsabs.harvard.edu/abs/2025A&A...693A.144G/abstract target=ref>Grieves et al. 2025</a>,1.01153624,9.3e-07,-8.6e-07,0.0,0.01833,0.00079,-0.00079,0.0,1.841,0.094,-0.093,0.0,5.47,1.96,-1.71,0.0,0.0,,,0.0,791.0,72.0,-64.0,0.0,1329.0,123.0,-173.0,0.0,0,K4 V,4686.0,99.0,-99.0,0.0,0.758,0.032,-0.032,0.0,0.789,0.039,-0.039,0.0,0.15,0.05,-0.05,0.0,[Fe/H],14h30m26.21s,217.6091998,-46d09m34.26s,-46.159516,13.35247,320.27182,122.91,0.568,-0.562,8.10734,0.0371024,-0.0371024,2025-01-29,2025-01
WASP-149 b,WASP-149,1,1,<a refstr=SCHANCHE_ET_AL__2025 href=https://ui.adsabs.harvard.edu/abs/2025arXiv250408091S/abstract target=ref>Schanche et al. 2025</a>,1.332813,6e-07,-5e-07,0.0,0.024,0.001,-0.001,0.0,15.24421375,0.67253884,-0.67253884,0.0,0.49,0.12,-0.12,0.0,0.0,,,0.0,1966.0,305.0,-305.0,0.0,1855.0,93.0,-93.0,0.0,0,,5750.0,125.0,-125.0,0.0,1.08,0.049,-0.049,0.0,1.05,0.06,-0.06,0.0,0.0,0.3,-0.3,0.0,[Fe/H],08h16m17.68s,124.073681,-08d41m11.69s,-8.6865813,14.44711,230.82474,211.73,1.701,-1.675,4.69449,0.0373623,-0.0373623,2025-04-21,2025-04
WASP-151 b,WASP-151,1,1,<a refstr=DEMANGEON_ET_AL__2018 href=https://ui.adsabs.harvard.edu/abs/2018A&A...610A..63D/abstract target=ref>Demangeon et al. 2018</a>,4.533471,4e-06,-4e-06,0.0,0.055,0.001,-0.001,0.0,12.66617,0.33627,-0.33627,0.0,0.29,0.04,-0.03,0.0,0.003,,,1.0,460.0,20.0,-20.0,0.0,1290.0,20.0,-10.0,0.0,0,G1,5871.0,57.0,-57.0,0.0,1.14,0.03,-0.03,0.0,1.077,0.081,-0.081,0.0,0.1,0.1,-0.1,0.0,[Fe/H],23h16m15.23s,349.0634651,+00d18m24.08s,0.3066895,-54.27961,79.21593,453.099,10.052,-9.633,2.17906,0.0475662,-0.0475662,2017-10-23,2018-03
WASP-153 b,WASP-153,1,1,<a refstr=DEMANGEON_ET_AL__2018 href=https://ui.adsabs.harvard.edu/abs/2018A&A...610A..63D/abstract target=ref>Demangeon et al. 2018</a>,3.332609,2e-06,-2e-06,0.0,0.048,0.001,-0.001,0.0,17.37395,1.1209,-0.89672,0.0,0.15,0.03,-0.03,0.0,0.009,,,1.0,1400.0,200.0,-100.0,0.0,1700.0,40.0,-40.0,0.0,0,G0,5914.0,64.0,-64.0,0.0,1.73,0.1,-0.09,0.0,1.336,0.086,-0.086,0.0,0.34,0.11,-0.11,0.0,[Fe/H],18h37m02.99s,279.2624729,+40d01m07.29s,40.0186905,19.63191,68.68938,610.176,9.017,-8.762,1.61032,0.0236925,-0.0236925,2017-10-23,2018-03
WASP-154 b,WASP-154,1,1,<a refstr=SCHANCHE_ET_AL__2025 href=https://ui.adsabs.harvard.edu/abs/2025arXiv250408091S/abstract target=ref>Schanche et al. 2025</a>,3.811678,1e-06,-1e-06,0.0,0.044,0.003,-0.003,0.0,10.76062147,0.67253884,-0.67253884,0.0,0.88,0.25,-0.25,0.0,0.0,,,0.0,162.0,31.0,-31.0,0.0,994.0,63.0,-63.0,0.0,0,,4774.0,133.0,-133.0,0.0,0.823,0.047,-0.047,0.0,0.8,0.05,-0.05,0.0,0.2,0.1,-0.1,0.0,[Fe/H],21h50m52.60s,327.7191734,-08d38m09.40s,-8.6359458,-43.56086,47.67047,215.501,1.979,-1.944,4.61199,0.0419174,-0.0419174,2025-04-21,2025-04
WASP-155 b,WASP-155,1,1,<a refstr=SCHANCHE_ET_AL__2025 href=https://ui.adsabs.harvard.edu/abs/2025arXiv250408091S/abstract target=ref>Schanche et al. 2025</a>,3.110413,1e-06,-1e-06,0.0,0.043,0.002,-0.002,0.0,13.45077684,0.67253884,-0.67253884,0.0,0.62,0.17,-0.17,0.0,0.0,,,0.0,771.0,119.0,-119.0,0.0,1468.0,76.0,-76.0,0.0,0,,5660.0,100.0,-100.0,0.0,1.24,0.06,-0.06,0.0,1.09,0.07,-0.07,0.0,0.0,0.3,-0.3,0.0,[Fe/H],23h11m55.13s,347.979723,+33d02m51.41s,33.0476125,-25.34735,99.96388,399.63,4.943,-4.825,2.47376,0.0303472,-0.0303472,2025-04-21,2025-04
WASP-156 b,WASP-156,1,1,<a refstr=DEMANGEON_ET_AL__2018 href=https://ui.adsabs.harvard.edu/abs/2018A&A...610A..63D/abstract target=ref>Demangeon et al. 2018</a>,3.836169,3e-06,-3e-06,0.0,0.0453,0.0009,-0.0009,0.0,5.71659,0.22418,-0.22418,0.0,1.3,0.1,-0.1,0.0,0.007,,,1.0,150.0,10.0,-10.0,0.0,970.0,30.0,-20.0,0.0,0,K3,4910.0,61.0,-61.0,0.0,0.76,0.03,-0.03,0.0,0.842,0.052,-0.052,0.0,0.24,0.12,-0.12,0.0,[Fe/H],02h11m07.70s,32.782085,+02d25m05.50s,2.4181937,-54.7599,159.09073,122.066,0.648,-0.641,8.16366,0.0429522,-0.0429522,2017-10-23,2018-03
WASP-161 b,WASP-161,1,1,<a refstr=BARKAOUI_ET_AL__2019 href=https://ui.adsabs.harvard.edu/abs/2019AJ....157...43B/abstract target=ref>Barkaoui et al. 2019</a>,5.4060425,4.8e-06,-4.8e-06,0.0,0.0673,0.0023,-0.0023,0.0,12.811887,0.728585,-0.650122,0.0,2.2,0.29,-0.29,0.0,,,,,990.0,250.0,-190.0,0.0,1557.0,34.0,-29.0,0.0,0,,6400.0,100.0,-100.0,0.0,1.712,0.083,-0.072,0.0,1.39,0.14,-0.14,0.0,0.16,0.09,-0.09,0.0,[Fe/H],08h25m21.08s,126.3378248,-11d30m03.56s,-11.5009889,14.86473,234.51042,343.08,4.142,-4.046,2.88635,0.034516,-0.034516,2018-12-11,2019-02
WASP-163 b,WASP-163,1,1,<a refstr=BARKAOUI_ET_AL__2019 href=https://ui.adsabs.harvard.edu/abs/2019AJ....157...43B/abstract target=ref>Barkaoui et al. 2019</a>,1.6096884,1.5e-06,-1.5e-06,0.0,0.0266,0.0014,-0.0014,0.0,13.473218,1.087273,-1.087273,0.0,1.42,0.31,-0.23,0.0,,,,,1200.0,330.0,-330.0,0.0,1638.0,68.0,-68.0,0.0,0,,5500.0,200.0,-200.0,0.0,1.015,0.071,-0.074,0.0,0.97,0.15,-0.15,0.0,-0.34,0.21,-0.21,0.0,[Fe/H],17h06m09.01s,256.5375549,-10d24m46.83s,-10.4130071,17.80138,10.73402,261.386,3.663,-3.564,3.79808,0.0524708,-0.0524708,2018-12-11,2019-02
WASP-166 b,WASP-166,1,1,<a refstr=HELLIER_ET_AL__2019 href=https://ui.adsabs.harvard.edu/abs/2019MNRAS.488.3067H/abstract target=ref>Hellier et al. 2019</a>,5.44354,4e-06,-4e-06,0.0,0.0641,0.0011,-0.0011,0.0,7.06167,0.33627,-0.33627,0.0,0.54,0.09,-0.09,0.0,0.0,,,0.0,440.0,40.0,-40.0,0.0,1270.0,30.0,-30.0,0.0,0,F9 V,6050.0,50.0,-50.0,0.0,1.22,0.06,-0.06,0.0,1.19,0.06,-0.06,0.0,0.19,0.05,-0.05,0.0,[Fe/H],09h39m30.03s,144.8751047,-20d58m56.71s,-20.9824191,23.13623,253.96174,114.173,0.591,-0.586,8.73006,0.0448234,-0.0448234,2019-07-19,2019-09
WASP-170 b,WASP-170,1,1,<a refstr=BARKAOUI_ET_AL__2019 href=https://ui.adsabs.harvard.edu/abs/2019AJ....157...43B/abstract target=ref>Barkaoui et al. 2019</a>,2.34478022,3.6e-06,-3.6e-06,0.0,0.0337,0.0018,-0.0018,0.0,12.285064,0.952765,-0.952765,0.0,1.6,0.32,-0.25,0.0,,,,,680.0,170.0,-180.0,0.0,1422.0,42.0,-42.0,0.0,0,,5600.0,150.0,-150.0,0.0,0.938,0.056,-0.061,0.0,0.93,0.15,-0.15,0.0,0.22,0.09,-0.09,0.0,[Fe/H],09h01m39.91s,135.4163028,-20d43m13.33s,-20.7203686,16.65605,247.5592,305.603,3.71,-3.623,3.24391,0.03896,-0.03896,2018-12-11,2019-02
WASP-173 A b,WASP-173 A,2,1,<a refstr=LABADIE_BARTZ_ET_AL__2019 href=https://ui.adsabs.harvard.edu/abs/2019ApJS..240...13L/abstract target=ref>Labadie-Bartz et al. 2019</a>,1.3866529,2.7e-06,-2.7e-06,0.0,0.02508,0.00034,-0.00032,0.0,14.403565,1.34508,-0.795839,0.0,2.02,0.38,-0.47,0.0,0.0,,,0.0,1920.0,290.0,-170.0,0.0,1842.0,65.0,-42.0,0.0,0,G2,5767.0,50.0,-49.0,0.0,1.099,0.079,-0.046,0.0,1.092,0.045,-0.041,0.0,0.259,0.085,-0.083,0.0,[Fe/H],23h36m40.49s,354.1686959,-34d36m40.70s,-34.6113042,-72.33626,3.29979,232.98,1.79,-1.763,4.26358,0.0324788,-0.0324788,2019-03-01,2019-01
WASP-174 b,WASP-174,1,1,<a refstr=MANCINI_ET_AL__2020 href=https://ui.adsabs.harvard.edu/abs/2020A&A...633A..30M/abstract target=ref>Mancini et al. 2020</a>,4.2337005,1.8e-06,-1.8e-06,0.0,0.05503,0.00056,-0.00056,0.0,16.10730527,0.56044903,-0.56044903,0.0,0.135,0.042,-0.042,0.0,0.0,,,0.0,901.9,40.3,-38.6,0.0,1528.0,17.0,-17.0,0.0,0,,6399.0,68.0,-68.0,0.0,1.347,0.018,-0.018,0.0,1.24,0.038,-0.038,0.0,0.06,0.06,-0.06,0.0,[Fe/H],13h03m10.56s,195.7940145,-41d23m05.50s,-41.3848617,21.43298,305.29688,410.149,10.376,-9.884,2.41143,0.0597165,-0.0597165,2022-01-24,2020-01
WASP-178 b,WASP-178,1,1,<a refstr=RODR_IACUTE_GUEZ_MART_IACUTE_NEZ_ET_AL__2020 href=https://ui.adsabs.harvard.edu/abs/2020AJ....160..111M/abstract target=ref>Rodr&iacute;guez Mart&iacute;nez et al. 2020</a>,3.3448412,3.3e-06,-3.3e-06,0.0,0.0545,0.0013,-0.0015,0.0,21.74546,0.67254,-0.650122,0.0,0.238,0.077,-0.088,0.0,0.0,,,0.0,5550.0,1250.0,-630.0,0.0,2402.0,130.0,-71.0,0.0,0,,8640.0,500.0,-240.0,0.0,1.801,0.049,-0.048,0.0,1.93,0.14,-0.16,0.0,-0.06,0.3,-0.34,0.0,[Fe/H],15h09m04.88s,227.270329,-42d42m17.88s,-42.7049658,13.31509,328.19379,427.678,11.35,-10.786,2.31187,0.0599943,-0.0599943,2020-11-13,2020-09
WASP-18 b,WASP-18,2,2,<a refstr=CORT_EACUTE_S_ZULETA_ET_AL__2020 href=https://ui.adsabs.harvard.edu/abs/2020A&A...636A..98C/abstract target=ref>Cort&eacute;s-Zuleta et al. 2020</a>,0.94145223,2.4e-07,-2.4e-07,0.0,0.02024,0.00029,-0.00031,0.0,13.89913607,0.88550948,-0.88550948,0.0,6.6,1.2,-1.1,0.0,0.0051,0.007,-0.0037,0.0,5805.0,808.0,-639.0,0.0,2429.0,77.0,-70.0,0.0,1,,6432.0,48.0,-48.0,0.0,1.319,0.061,-0.062,0.0,1.294,0.063,-0.061,0.0,0.107,0.08,-0.08,0.0,[Fe/H],01h37m25.07s,24.3544618,-45d40m40.06s,-45.6777937,-69.32147,279.70959,123.483,0.371,-0.369,8.06943,0.0240807,-0.0240807,2022-01-31,2020-04
WASP-188 b,WASP-188,1,1,<a refstr=SCHANCHE_ET_AL__2025 href=https://ui.adsabs.harvard.edu/abs/2025arXiv250408091S/abstract target=ref>Schanche et al. 2025</a>,5.748916,3e-06,-3e-06,0.0,0.072,0.003,-0.003,0.0,14.81827249,0.57165802,-0.57165802,0.0,0.78,0.2,-0.2,0.0,0.0,,,0.0,1278.0,165.0,-165.0,0.0,1666.0,70.0,-70.0,0.0,0,,6850.0,125.0,-125.0,0.0,1.83,0.069,-0.069,0.0,1.5,0.09,-0.09,0.0,0.0,0.3,-0.3,0.0,[Fe/H],18h35m07.67s,278.7819771,+36d36m56.28s,36.6156327,18.83013,65.1639,675.281,9.811,-9.537,1.45225,0.0210515,-0.0210515,2025-04-21,2025-04
WASP-19 b,WASP-19,1,1,<a refstr=CORT_EACUTE_S_ZULETA_ET_AL__2020 href=https://ui.adsabs.harvard.edu/abs/2020A&A...636A..98C/abstract target=ref>Cort&eacute;s-Zuleta et al. 2020</a>,0.78883852,7.5e-07,-8.2e-07,0.0,0.01652,0.0005,-0.00056,0.0,15.86070769,0.49319515,-0.53803107,0.0,0.506,0.031,-0.03,0.0,0.0126,0.014,-0.0089,0.0,3320.0,190.0,-180.0,0.0,2113.0,29.0,-29.0,0.0,0,,5616.0,66.0,-65.0,0.0,1.006,0.031,-0.034,0.0,0.965,0.091,-0.095,0.0,0.04,0.25,-0.3,0.0,[Fe/H],09h53m40.02s,148.4167672,-45d39m32.79s,-45.6591078,6.77589,273.40535,268.325,1.72,-1.698,3.69808,0.0235561,-0.0235561,2022-01-31,2020-04
WASP-193 b,WASP-193,1,1,<a refstr=BARKAOUI_ET_AL__2023 href=https://ui.adsabs.harvard.edu/abs/2023arXiv230708350B/abstract target=ref>Barkaoui et al. 2023</a>,6.2463345,3e-07,-3e-07,0.0,0.0676,0.0015,-0.0015,0.0,16.40994774,0.66132986,-0.6389119,0.0,0.059,0.015,-0.013,0.0,0.056,0.068,-0.04,0.0,413.0,39.0,-42.0,0.0,1254.0,31.0,-31.0,0.0,0,F9,6078.0,120.0,-120.0,0.0,1.239,0.028,-0.028,0.0,1.059,0.067,-0.068,0.0,-0.06,0.088,-0.088,0.0,[Fe/H],10h57m23.79s,164.3491401,-29d59m49.64s,-29.9971229,26.7008,275.36894,362.087,5.384,-5.232,2.73356,0.0401728,-0.0401728,2023-07-26,2023-07
WASP-194 b,WASP-194,1,1,<a refstr=SCHANCHE_ET_AL__2025 href=https://ui.adsabs.harvard.edu/abs/2025arXiv250408091S/abstract target=ref>Schanche et al. 2025</a>,3.183387,4e-07,-5e-07,0.0,0.047,0.003,-0.003,0.0,15.47960235,0.9863903,-0.9863903,0.0,0.55,0.18,-0.18,0.0,0.0,,,0.0,1365.0,303.0,-303.0,0.0,1693.0,122.0,-122.0,0.0,0,,6405.0,200.0,-200.0,0.0,1.409,0.09,-0.09,0.0,1.29,0.08,-0.08,0.0,0.0,0.25,-0.25,0.0,[Fe/H],19h41m33.05s,295.3877064,+56d13m04.10s,56.2178049,15.76233,88.59862,476.831,3.89,-3.829,2.06837,0.0168479,-0.0168479,2025-04-21,2025-04
WASP-195 b,WASP-195,1,1,<a refstr=SCHANCHE_ET_AL__2025 href=https://ui.adsabs.harvard.edu/abs/2025arXiv250408091S/abstract target=ref>Schanche et al. 2025</a>,5.051928,4e-06,-4e-06,0.0,0.063,0.003,-0.003,0.0,10.31226224,0.56044903,-0.56044903,0.0,0.16,0.06,-0.06,0.0,0.0,,,0.0,890.0,127.0,-127.0,0.0,1522.0,71.0,-71.0,0.0,0,,6300.0,125.0,-125.0,0.0,1.578,0.066,-0.066,0.0,1.3,0.08,-0.08,0.0,0.0,0.3,-0.3,0.0,[Fe/H],16h30m11.91s,247.5496427,+49d53m44.85s,49.895791,42.85485,77.1181,484.852,5.143,-5.038,2.03373,0.0214913,-0.0214913,2025-04-21,2025-04
WASP-197 b,WASP-197,1,1,<a refstr=SCHANCHE_ET_AL__2025 href=https://ui.adsabs.harvard.edu/abs/2025arXiv250408091S/abstract target=ref>Schanche et al. 2025</a>,5.167228,3e-06,-3e-06,0.0,0.065,0.002,-0.002,0.0,14.44837612,0.54924005,-0.54924005,0.0,0.74,0.18,-0.18,0.0,0.0,,,0.0,1276.0,157.0,-157.0,0.0,1665.0,67.0,-67.0,0.0,0,,6050.0,100.0,-100.0,0.0,2.112,0.077,-0.077,0.0,1.36,0.08,-0.08,0.0,0.0,0.3,-0.3,0.0,[Fe/H],10h42m31.37s,160.6307133,+28d11m55.05s,28.1986255,61.51905,203.20137,483.675,12.595,-11.982,2.03934,0.0521181,-0.0521181,2025-04-21,2025-04
WASP-2 b,WASP-2,2,1,<a refstr=ADDISON_ET_AL__2019 href=https://ui.adsabs.harvard.edu/abs/2019PASP..131k5003A/abstract target=ref>Addison et al. 2019</a>,2.152175,1.2e-05,-1.1e-05,0.0,0.03144,0.00088,-0.00087,0.0,12.116929,0.459569,-0.44836,0.0,0.914,0.074,-0.071,0.0,,,,,492.0,80.0,-71.0,0.0,1311.0,52.0,-50.0,0.0,0,,5180.0,190.0,-190.0,0.0,0.866,0.031,-0.03,0.0,0.895,0.077,-0.072,0.0,0.12,0.21,-0.19,0.0,[Fe/H],20h30m54.13s,307.7255587,+06d25m45.59s,6.4293305,-18.71284,50.77372,153.242,1.64,-1.605,6.49795,0.0685615,-0.0685615,2019-09-23,2019-11
WASP-44 b,WASP-44,1,1,<a refstr=ADDISON_ET_AL__2019 href=https://ui.adsabs.harvard.edu/abs/2019PASP..131k5003A/abstract target=ref>Addison et al. 2019</a>,2.423804,8e-06,-8e-06,0.0,0.03453,0.00065,-0.00065,0.0,12.3299,0.907929,-0.851884,0.0,0.811,0.188,-0.155,0.0,,,,,533.0,72.0,-64.0,0.0,1337.0,43.0,-42.0,0.0,0,G8 V,5420.0,100.0,-100.0,0.0,0.906,0.053,-0.05,0.0,0.935,0.054,-0.052,0.0,-0.003,0.1,-0.1,0.0,[Fe/H],00h15m36.79s,3.9032733,-11d56m17.75s,-11.9382645,-72.63944,92.23763,364.512,5.656,-5.49,2.71508,0.0416225,-0.0416225,2019-09-20,2019-11
WASP-45 b,WASP-45,2,1,<a refstr=ADDISON_ET_AL__2019 href=https://ui.adsabs.harvard.edu/abs/2019PASP..131k5003A/abstract target=ref>Addison et al. 2019</a>,3.126089,3e-06,-3e-06,0.0,0.03963,0.00114,-0.00112,0.0,10.603714,0.650122,-0.571659,0.0,1.418,0.207,-0.207,0.0,,,,,294.0,54.0,-48.0,0.0,1153.0,50.0,-50.0,0.0,0,,5150.0,200.0,-200.0,0.0,0.855,0.039,-0.038,0.0,0.85,0.076,-0.07,0.0,-0.03,0.2,-0.2,0.0,[Fe/H],00h20m57.06s,5.2377567,-35d59m54.47s,-35.998465,-79.01555,337.20575,211.196,1.766,-1.737,4.70643,0.0389726,-0.0389726,2019-09-20,2019-11
WASP-76 b,WASP-76,2,1,<a refstr=FU_ET_AL__2021 href=https://ui.adsabs.harvard.edu/abs/2021AJ....162..108F/abstract target=ref>Fu et al. 2021</a>,1.80988158,3e-07,-3e-07,0.0,0.03304,0.00058,-0.00062,0.0,20.68056939,0.56044903,-0.51561311,0.0,0.18,0.012,-0.013,0.0,0.016,0.018,-0.011,0.0,4130.0,280.0,-260.0,0.0,2231.0,37.0,-36.0,0.0,0,,6366.0,92.0,-90.0,0.0,1.744,0.045,-0.042,0.0,1.467,0.079,-0.081,0.0,0.204,0.093,-0.096,0.0,[Fe/H],01h46m31.90s,26.632936,+02d42m01.40s,2.700389,-57.34698,149.08514,194.459,6.206,-5.839,5.12043,0.157874,-0.157874,2024-07-12,2021-09
WASP-76 b,WASP-76,2,1,<a refstr=EHRENREICH_ET_AL__2020 href=https://ui.adsabs.harvard.edu/abs/2020Natur.580..597E/abstract target=ref>Ehrenreich et al. 2020</a>,1.80988198,6.4e-07,-5.6e-07,0.0,0.033,0.0002,-0.0002,0.0,20.78145022,0.86309151,-0.85188253,0.0,0.17,0.02,-0.02,0.0,0.0,,,0.0,4104.0,896.0,-896.0,0.0,2228.0,122.0,-122.0,0.0,0,F7,6329.0,65.0,-65.0,0.0,1.756,0.071,-0.071,0.0,1.458,0.021,-0.021,0.0,0.366,0.053,-0.053,0.0,[Fe/H],01h46m31.90s,26.632936,+02d42m01.40s,2.700389,-57.34698,149.08514,194.459,6.206,-5.839,5.12043,0.157874,-0.157874,2024-07-12,2020-04
WASP-77 A b,WASP-77 A,2,1,<a refstr=CORT_EACUTE_S_ZULETA_ET_AL__2020 href=https://ui.adsabs.harvard.edu/abs/2020A&A...636A..98C/abstract target=ref>Cort&eacute;s-Zuleta et al. 2020</a>,1.36002854,6.2e-07,-6.2e-07,0.0,0.02335,0.00045,-0.00043,0.0,13.78704626,0.3474784,-0.32506044,0.0,1.115,0.052,-0.062,0.0,0.0074,0.0069,-0.0049,0.0,1440.0,90.0,-80.0,0.0,1715.0,26.0,-25.0,0.0,0,,5617.0,72.0,-72.0,0.0,0.91,0.025,-0.023,0.0,0.903,0.066,-0.059,0.0,-0.1,0.1,-0.11,0.0,[Fe/H],02h28m37.33s,37.1555223,-07d03m38.40s,-7.0606675,-59.43598,176.35044,105.166,1.209,-1.182,9.48182,0.107266,-0.107266,2022-01-31,2020-04
Wolf 327 b,Wolf 327,1,1,<a refstr=MURGAS_ET_AL__2024 href=https://ui.adsabs.harvard.edu/abs/2024arXiv240112150M/abstract target=ref>Murgas et al. 2024</a>,0.5734745,3e-07,-3e-07,0.0,0.01,0.0004,-0.0004,0.0,1.24,0.06,-0.06,0.0,7.24,1.66,-1.66,0.0,0.0,,,0.0,233.9,18.3,-18.3,0.0,996.0,22.0,-22.0,0.0,0,M2.5 V,3542.0,70.0,-70.0,0.0,0.406,0.015,-0.015,0.0,0.405,0.019,-0.019,0.0,-0.17,0.04,-0.04,0.0,[Fe/H],09h53m30.80s,148.3783199,+35d34m13.97s,35.570548,51.42094,188.98784,28.5321,0.0512,-0.0512,35.0195,0.0624582,-0.0624582,2024-02-05,2024-01
Wolf 503 b,Wolf 503,1,1,<a refstr=BONOMO_ET_AL__2023 href=https://ui.adsabs.harvard.edu/abs/2023arXiv230405773B/abstract target=ref>Bonomo et al. 2023</a>,6.00127,2.1e-05,-2.1e-05,0.0,0.05712,0.00063,-0.00045,0.0,2.043,0.069,-0.069,0.0,4.03,0.72,-0.64,0.0,0.409,0.085,-0.085,0.0,64.7,5.5,-5.5,0.0,789.0,16.0,-16.0,0.0,0,,4716.0,60.0,-60.0,0.0,0.689,0.021,-0.02,0.0,0.688,0.023,-0.016,0.0,-0.47,0.08,-0.08,0.0,[Fe/H],13h47m23.09s,206.8461979,-06d08m21.61s,-6.1393369,54.08446,327.11621,44.526,0.0964,-0.0961,22.43,0.0481894,-0.0481894,2023-04-17,2023-04
XO-7 b,XO-7,1,1,<a refstr=CROUZET_ET_AL__2020 href=https://ui.adsabs.harvard.edu/abs/2020AJ....159...44C/abstract target=ref>Crouzet et al. 2020</a>,2.8641424,4.3e-06,-4.3e-06,0.0,0.04421,0.00062,-0.00062,0.0,15.389957,0.291434,-0.291434,0.0,0.34,0.027,-0.027,0.0,0.038,0.033,-0.033,0.0,1540.0,81.0,-81.0,0.0,1743.0,23.0,-23.0,0.0,0,G0 V,6250.0,100.0,-100.0,0.0,1.48,0.022,-0.022,0.0,1.405,0.059,-0.059,0.0,0.432,0.057,-0.057,0.0,[Fe/H],18h29m54.74s,277.4780753,+85d13m59.95s,85.2333208,27.47379,117.58141,234.149,1.194,-1.181,4.24195,0.0215007,-0.0215007,2020-01-13,2020-02
pi Men c,HD 39091,1,3,<a refstr=HUANG_ET_AL__2018 href=https://ui.adsabs.harvard.edu/abs/2018ApJ...868L..39H/abstract target=ref>Huang et al. 2018</a>,6.2679,0.00046,-0.00046,0.0,0.06839,0.0005,-0.0005,0.0,2.042,0.05,-0.05,0.0,2.97,0.57,-0.55,0.0,0.0,,,0.0,309.0,29.0,-66.0,0.0,1169.8,2.8,-4.3,0.0,0,G0 V,6037.0,45.0,-45.0,0.0,1.1,0.023,-0.023,0.0,1.094,0.039,-0.039,0.0,0.08,0.03,-0.03,0.0,[Fe/H],05h37m11.83s,84.2992798,-80d27m52.57s,-80.4646041,-29.77608,292.50808,18.2702,0.0226,-0.0226,54.7052,0.067131,-0.067131,2018-11-12,2018-12